article_id,start_char,end_char,source_file
111111111,265,323,train-task1-SI.labels
111111111,1795,1935,train-task1-SI.labels
111111111,149,157,train-task1-SI.labels
111111111,1069,1091,train-task1-SI.labels
111111111,1334,1462,train-task1-SI.labels
111111111,1577,1616,train-task1-SI.labels
111111111,2023,2086,train-task1-SI.labels
111111112,191,219,train-task1-SI.labels
111111112,476,556,train-task1-SI.labels
111111112,785,798,train-task1-SI.labels
111111112,958,1013,train-task1-SI.labels
111111112,1456,1535,train-task1-SI.labels
111111112,1810,1824,train-task1-SI.labels
111111112,2095,2123,train-task1-SI.labels
111111112,911,942,train-task1-SI.labels
111111112,1738,1787,train-task1-SI.labels
111111113,1396,1430,train-task1-SI.labels
111111113,3082,3099,train-task1-SI.labels
111111113,3828,3985,train-task1-SI.labels
111111113,361,467,train-task1-SI.labels
111111113,3580,3741,train-task1-SI.labels
111111113,4865,5006,train-task1-SI.labels
111111113,5743,5773,train-task1-SI.labels
111111113,5775,5791,train-task1-SI.labels
111111113,259,279,train-task1-SI.labels
111111113,5556,5579,train-task1-SI.labels
111111114,1705,1824,train-task1-SI.labels
111111115,658,700,train-task1-SI.labels
111111115,1870,1893,train-task1-SI.labels
111111115,1655,1745,train-task1-SI.labels
111111115,2389,2418,train-task1-SI.labels
111111117,671,753,train-task1-SI.labels
111111122,24,49,train-task1-SI.labels
111111122,170,205,train-task1-SI.labels
111111122,343,356,train-task1-SI.labels
111111122,449,477,train-task1-SI.labels
111111122,888,956,train-task1-SI.labels
111111122,1475,1522,train-task1-SI.labels
111111122,1636,1655,train-task1-SI.labels
111111122,3210,3224,train-task1-SI.labels
111111122,3413,3440,train-task1-SI.labels
111111122,3489,3519,train-task1-SI.labels
111111122,3991,4046,train-task1-SI.labels
111111122,4449,4468,train-task1-SI.labels
111111122,5027,5059,train-task1-SI.labels
111111122,5131,5140,train-task1-SI.labels
111111122,5529,5653,train-task1-SI.labels
111111122,5778,5797,train-task1-SI.labels
111111122,5840,5921,train-task1-SI.labels
111111122,5950,5981,train-task1-SI.labels
111111122,6441,6451,train-task1-SI.labels
111111122,6839,6868,train-task1-SI.labels
111111123,4321,4333,train-task1-SI.labels
111111124,2650,2661,train-task1-SI.labels
111111124,4098,4110,train-task1-SI.labels
111111124,4622,4760,train-task1-SI.labels
111111124,3368,3380,train-task1-SI.labels
111111124,0,17,train-task1-SI.labels
111111124,107,122,train-task1-SI.labels
111111124,282,338,train-task1-SI.labels
111111124,510,540,train-task1-SI.labels
111111124,2478,2501,train-task1-SI.labels
111111124,3557,3590,train-task1-SI.labels
111111124,4170,4377,train-task1-SI.labels
111111124,4540,4575,train-task1-SI.labels
111111124,4920,4935,train-task1-SI.labels
111111124,4144,4164,train-task1-SI.labels
111111131,84,97,train-task1-SI.labels
111111131,102,109,train-task1-SI.labels
111111131,180,190,train-task1-SI.labels
111111131,207,214,train-task1-SI.labels
111111131,326,336,train-task1-SI.labels
111111131,352,365,train-task1-SI.labels
111111131,382,395,train-task1-SI.labels
111111131,398,413,train-task1-SI.labels
111111131,723,731,train-task1-SI.labels
111111131,804,811,train-task1-SI.labels
111111131,823,865,train-task1-SI.labels
111111131,1031,1068,train-task1-SI.labels
111111131,1191,1201,train-task1-SI.labels
111111131,1977,1992,train-task1-SI.labels
111111131,2660,2671,train-task1-SI.labels
111111131,2728,2739,train-task1-SI.labels
111111131,2897,2908,train-task1-SI.labels
111111131,2912,2923,train-task1-SI.labels
111111131,2953,2997,train-task1-SI.labels
111111131,3396,3416,train-task1-SI.labels
111111131,3437,3445,train-task1-SI.labels
111111131,3738,3748,train-task1-SI.labels
111111131,4008,4014,train-task1-SI.labels
111111131,4030,4038,train-task1-SI.labels
111111131,4152,4169,train-task1-SI.labels
111111131,4224,4230,train-task1-SI.labels
111111131,4256,4264,train-task1-SI.labels
111111131,4339,4352,train-task1-SI.labels
111111131,4531,4546,train-task1-SI.labels
111111131,4635,4643,train-task1-SI.labels
111111131,4752,4768,train-task1-SI.labels
111111131,4882,4899,train-task1-SI.labels
111111131,5174,5186,train-task1-SI.labels
111111131,5244,5262,train-task1-SI.labels
111111131,5281,5289,train-task1-SI.labels
111111131,5369,5378,train-task1-SI.labels
111111131,5904,5916,train-task1-SI.labels
111111131,5938,5950,train-task1-SI.labels
111111131,6920,6937,train-task1-SI.labels
111111131,6957,6971,train-task1-SI.labels
111111131,7314,7324,train-task1-SI.labels
111111131,7700,7708,train-task1-SI.labels
111111132,7925,7943,train-task1-SI.labels
111111132,147,151,train-task1-SI.labels
111111132,2262,2272,train-task1-SI.labels
111111132,2280,2292,train-task1-SI.labels
111111132,4198,4249,train-task1-SI.labels
111111132,4427,4497,train-task1-SI.labels
111111132,4307,4320,train-task1-SI.labels
111111132,4779,4787,train-task1-SI.labels
111111132,7582,7594,train-task1-SI.labels
111111132,8607,8630,train-task1-SI.labels
111111132,9598,9650,train-task1-SI.labels
111111132,10340,10350,train-task1-SI.labels
111111132,10851,10860,train-task1-SI.labels
111111132,12045,12087,train-task1-SI.labels
111111132,5776,5811,train-task1-SI.labels
111111133,1224,1244,train-task1-SI.labels
111111133,2593,2606,train-task1-SI.labels
111111133,4159,4173,train-task1-SI.labels
111111133,358,367,train-task1-SI.labels
111111133,460,465,train-task1-SI.labels
111111133,504,507,train-task1-SI.labels
111111133,1070,1077,train-task1-SI.labels
111111133,2572,2589,train-task1-SI.labels
111111133,2625,2646,train-task1-SI.labels
111111133,2944,2950,train-task1-SI.labels
111111133,3830,3836,train-task1-SI.labels
111111134,945,984,train-task1-SI.labels
111111134,1415,1514,train-task1-SI.labels
111111134,1225,1237,train-task1-SI.labels
111111134,2427,2456,train-task1-SI.labels
111111135,3262,3319,train-task1-SI.labels
111111135,4580,4590,train-task1-SI.labels
111111135,543,683,train-task1-SI.labels
111111135,835,844,train-task1-SI.labels
111111135,1476,1483,train-task1-SI.labels
111111135,1929,2341,train-task1-SI.labels
111111135,2984,3018,train-task1-SI.labels
111111135,3045,3084,train-task1-SI.labels
111111135,6524,6539,train-task1-SI.labels
111111135,6813,6839,train-task1-SI.labels
111111135,7009,7036,train-task1-SI.labels
111111135,4433,4498,train-task1-SI.labels
111111135,7134,7152,train-task1-SI.labels
111111136,1243,1254,train-task1-SI.labels
111111136,1874,2026,train-task1-SI.labels
111111137,2321,2332,train-task1-SI.labels
111111137,143,183,train-task1-SI.labels
111111137,2058,2064,train-task1-SI.labels
694327499,9221,9252,train-task1-SI.labels
694327499,11470,11661,train-task1-SI.labels
694327499,1366,1501,train-task1-SI.labels
694327499,2798,2874,train-task1-SI.labels
694327499,3032,3055,train-task1-SI.labels
694327499,3656,3688,train-task1-SI.labels
694327499,4811,4934,train-task1-SI.labels
694327499,4944,4978,train-task1-SI.labels
694327499,5950,6079,train-task1-SI.labels
694327499,6320,6343,train-task1-SI.labels
694327499,9393,9408,train-task1-SI.labels
694327499,9630,9695,train-task1-SI.labels
694327499,11720,11770,train-task1-SI.labels
694327499,110,142,train-task1-SI.labels
694327499,6296,6318,train-task1-SI.labels
694356862,71,171,train-task1-SI.labels
694356862,820,830,train-task1-SI.labels
694356862,2378,2399,train-task1-SI.labels
694356862,4680,4691,train-task1-SI.labels
694356862,270,311,train-task1-SI.labels
694356862,532,574,train-task1-SI.labels
694356862,713,795,train-task1-SI.labels
694356862,854,922,train-task1-SI.labels
694356862,2754,2768,train-task1-SI.labels
694356862,5069,5184,train-task1-SI.labels
694356862,5363,5430,train-task1-SI.labels
694811415,274,321,train-task1-SI.labels
694811415,854,913,train-task1-SI.labels
694811415,1013,1112,train-task1-SI.labels
694811415,1629,1719,train-task1-SI.labels
694811415,498,546,train-task1-SI.labels
694811415,1,23,train-task1-SI.labels
695833178,1992,2104,train-task1-SI.labels
695833178,364,405,train-task1-SI.labels
695833178,546,624,train-task1-SI.labels
695833178,2420,2438,train-task1-SI.labels
695833178,76,102,train-task1-SI.labels
695833178,1040,1093,train-task1-SI.labels
695833178,837,954,train-task1-SI.labels
695833178,2510,2570,train-task1-SI.labels
696246189,861,882,train-task1-SI.labels
696246189,2552,2645,train-task1-SI.labels
696246189,2848,2898,train-task1-SI.labels
696246189,3236,3277,train-task1-SI.labels
696264594,388,414,train-task1-SI.labels
696264594,490,520,train-task1-SI.labels
696264594,899,972,train-task1-SI.labels
696264594,1173,1207,train-task1-SI.labels
696264594,1313,1356,train-task1-SI.labels
696264594,3752,3766,train-task1-SI.labels
696264594,6029,6043,train-task1-SI.labels
696264594,6754,6784,train-task1-SI.labels
696264594,7337,7433,train-task1-SI.labels
696264594,3829,4015,train-task1-SI.labels
696264594,6201,6207,train-task1-SI.labels
696264594,7013,7040,train-task1-SI.labels
696694316,3471,4010,train-task1-SI.labels
696694316,603,661,train-task1-SI.labels
696694316,1020,1094,train-task1-SI.labels
696694316,3276,3379,train-task1-SI.labels
696694316,4478,4500,train-task1-SI.labels
696694316,7026,7097,train-task1-SI.labels
696694316,7971,8295,train-task1-SI.labels
696694316,8298,8642,train-task1-SI.labels
696694316,9586,9819,train-task1-SI.labels
696694316,9373,9584,train-task1-SI.labels
696694316,11102,11126,train-task1-SI.labels
696694316,12634,12736,train-task1-SI.labels
696694316,13456,13555,train-task1-SI.labels
696694316,4376,4395,train-task1-SI.labels
696694316,10661,10866,train-task1-SI.labels
696694316,12738,12848,train-task1-SI.labels
696735702,2630,2685,train-task1-SI.labels
696735702,1115,1140,train-task1-SI.labels
696735702,3585,3632,train-task1-SI.labels
697063039,1975,2072,train-task1-SI.labels
697063039,1160,1220,train-task1-SI.labels
697063039,1375,1413,train-task1-SI.labels
697063039,1824,1852,train-task1-SI.labels
697063039,115,120,train-task1-SI.labels
697063039,142,152,train-task1-SI.labels
697063039,1226,1346,train-task1-SI.labels
697444415,512,539,train-task1-SI.labels
697444415,1471,1596,train-task1-SI.labels
697444415,2815,2860,train-task1-SI.labels
697444415,2959,3022,train-task1-SI.labels
697454736,8030,8056,train-task1-SI.labels
697454736,599,751,train-task1-SI.labels
697454736,3216,3400,train-task1-SI.labels
697454736,4856,5044,train-task1-SI.labels
697454736,7080,7176,train-task1-SI.labels
697454736,7417,7444,train-task1-SI.labels
697454736,8140,8197,train-task1-SI.labels
697454736,8793,8976,train-task1-SI.labels
697454736,9555,9692,train-task1-SI.labels
697454736,10671,10950,train-task1-SI.labels
697454736,11963,12026,train-task1-SI.labels
697454736,12492,12644,train-task1-SI.labels
697454736,12874,13038,train-task1-SI.labels
697454736,7761,7777,train-task1-SI.labels
697454736,10597,10632,train-task1-SI.labels
697472447,3600,3640,train-task1-SI.labels
697472447,2430,2528,train-task1-SI.labels
697472447,3397,3459,train-task1-SI.labels
697959084,2647,2664,train-task1-SI.labels
697959084,128,157,train-task1-SI.labels
697959084,1689,1790,train-task1-SI.labels
697959084,2783,2857,train-task1-SI.labels
697959084,2914,2988,train-task1-SI.labels
697996062,94,108,train-task1-SI.labels
697996062,427,469,train-task1-SI.labels
698018235,1659,1883,train-task1-SI.labels
698018235,2917,3000,train-task1-SI.labels
698018235,305,335,train-task1-SI.labels
698018235,555,581,train-task1-SI.labels
698018235,657,687,train-task1-SI.labels
698018235,641,652,train-task1-SI.labels
698018235,976,1049,train-task1-SI.labels
698018235,1482,1493,train-task1-SI.labels
698018235,3514,3649,train-task1-SI.labels
698018235,3623,3649,train-task1-SI.labels
698018235,1910,1919,train-task1-SI.labels
698018235,2132,2410,train-task1-SI.labels
698018235,2431,2460,train-task1-SI.labels
698018235,2723,2730,train-task1-SI.labels
698018235,3283,3380,train-task1-SI.labels
698092698,306,327,train-task1-SI.labels
698092698,577,693,train-task1-SI.labels
698092698,694,784,train-task1-SI.labels
698092698,1997,2029,train-task1-SI.labels
698092698,353,371,train-task1-SI.labels
698092698,2393,2453,train-task1-SI.labels
698092698,5882,5948,train-task1-SI.labels
698503276,7295,7301,train-task1-SI.labels
698503276,1057,1084,train-task1-SI.labels
698503276,1169,1228,train-task1-SI.labels
698503276,1272,1302,train-task1-SI.labels
698503276,1303,1402,train-task1-SI.labels
698503276,1404,1456,train-task1-SI.labels
698503276,4539,4559,train-task1-SI.labels
698503276,6447,6487,train-task1-SI.labels
698503276,8730,8957,train-task1-SI.labels
698503276,177,200,train-task1-SI.labels
698503276,3107,3132,train-task1-SI.labels
698503276,4612,4630,train-task1-SI.labels
698503276,6946,6983,train-task1-SI.labels
698503276,7332,7348,train-task1-SI.labels
698503276,7932,8164,train-task1-SI.labels
698503276,9024,9279,train-task1-SI.labels
698719689,190,321,train-task1-SI.labels
698719689,1440,1449,train-task1-SI.labels
698719689,131,144,train-task1-SI.labels
698719689,1542,1611,train-task1-SI.labels
698719689,2324,2335,train-task1-SI.labels
698780559,733,764,train-task1-SI.labels
698780559,458,625,train-task1-SI.labels
698780559,337,372,train-task1-SI.labels
698780559,60,95,train-task1-SI.labels
698780559,1908,1931,train-task1-SI.labels
698780559,2364,2399,train-task1-SI.labels
699142854,2181,2246,train-task1-SI.labels
699142854,7160,7228,train-task1-SI.labels
699142854,692,708,train-task1-SI.labels
699142854,930,981,train-task1-SI.labels
699142854,1013,1039,train-task1-SI.labels
699142854,1041,1102,train-task1-SI.labels
699142854,1596,1620,train-task1-SI.labels
699142854,3149,3217,train-task1-SI.labels
699142854,4131,4274,train-task1-SI.labels
699142854,4889,4906,train-task1-SI.labels
699142854,7574,7602,train-task1-SI.labels
699142854,1402,1429,train-task1-SI.labels
699142854,2548,2584,train-task1-SI.labels
699142854,6974,6981,train-task1-SI.labels
699142854,7069,7083,train-task1-SI.labels
699142854,7018,7034,train-task1-SI.labels
699142854,6934,6952,train-task1-SI.labels
699142854,8894,8971,train-task1-SI.labels
699291100,640,646,train-task1-SI.labels
699291100,15,25,train-task1-SI.labels
699291100,3420,3430,train-task1-SI.labels
699291100,3829,3839,train-task1-SI.labels
699291100,4424,4434,train-task1-SI.labels
699291100,4836,4846,train-task1-SI.labels
699291100,4985,4992,train-task1-SI.labels
699291100,200,218,train-task1-SI.labels
699291100,4816,4830,train-task1-SI.labels
699478811,2175,2289,train-task1-SI.labels
699478811,4836,4888,train-task1-SI.labels
699478811,5692,5761,train-task1-SI.labels
699478811,7653,7692,train-task1-SI.labels
699478811,190,356,train-task1-SI.labels
699478811,447,487,train-task1-SI.labels
699478811,3410,3554,train-task1-SI.labels
699478811,4494,4509,train-task1-SI.labels
699478811,6742,6759,train-task1-SI.labels
699478811,8519,8557,train-task1-SI.labels
699478811,2060,2119,train-task1-SI.labels
699478811,2886,3062,train-task1-SI.labels
699478811,4890,4924,train-task1-SI.labels
699478811,5511,5554,train-task1-SI.labels
699478811,5785,5877,train-task1-SI.labels
699478811,7155,7173,train-task1-SI.labels
699478811,8030,8167,train-task1-SI.labels
700387229,24,34,train-task1-SI.labels
700387229,243,259,train-task1-SI.labels
700387229,394,425,train-task1-SI.labels
700387229,435,449,train-task1-SI.labels
700387229,37,51,train-task1-SI.labels
700387229,763,782,train-task1-SI.labels
700387229,1123,1133,train-task1-SI.labels
700387229,925,966,train-task1-SI.labels
700387229,1303,1321,train-task1-SI.labels
700387229,2201,2211,train-task1-SI.labels
700387229,2948,3026,train-task1-SI.labels
700387229,3136,3164,train-task1-SI.labels
700387229,2761,2818,train-task1-SI.labels
700461600,717,760,train-task1-SI.labels
700461600,1547,1746,train-task1-SI.labels
700461600,2352,2497,train-task1-SI.labels
700461600,2805,2868,train-task1-SI.labels
700461600,2726,2788,train-task1-SI.labels
700461600,3073,3255,train-task1-SI.labels
700461600,3549,3559,train-task1-SI.labels
700461600,3963,4080,train-task1-SI.labels
700461600,4210,4440,train-task1-SI.labels
700461600,2318,2351,train-task1-SI.labels
700461600,4510,4530,train-task1-SI.labels
700461600,4657,4709,train-task1-SI.labels
700551604,5659,5818,train-task1-SI.labels
700551604,1881,2028,train-task1-SI.labels
700551604,2735,2776,train-task1-SI.labels
700551604,3068,3179,train-task1-SI.labels
700551604,3209,3232,train-task1-SI.labels
700551604,3383,3403,train-task1-SI.labels
700551604,5322,5341,train-task1-SI.labels
700551604,6897,6915,train-task1-SI.labels
700551604,1657,1686,train-task1-SI.labels
700551604,2034,2149,train-task1-SI.labels
700551604,2566,2610,train-task1-SI.labels
700551604,2830,2880,train-task1-SI.labels
700551604,2894,2954,train-task1-SI.labels
700551604,3326,3364,train-task1-SI.labels
700551604,4462,4524,train-task1-SI.labels
700551604,4686,4698,train-task1-SI.labels
700551604,5977,6095,train-task1-SI.labels
700551604,7425,7512,train-task1-SI.labels
700551604,7547,7629,train-task1-SI.labels
700551604,7694,7798,train-task1-SI.labels
700551604,8615,8671,train-task1-SI.labels
700551604,8924,8977,train-task1-SI.labels
700551604,9219,9324,train-task1-SI.labels
700551604,3698,3735,train-task1-SI.labels
700551604,5343,5410,train-task1-SI.labels
700662577,245,271,train-task1-SI.labels
700662577,641,779,train-task1-SI.labels
700662577,1385,1423,train-task1-SI.labels
700662577,1570,1765,train-task1-SI.labels
700662577,2777,2812,train-task1-SI.labels
700662577,60,86,train-task1-SI.labels
700662577,108,119,train-task1-SI.labels
700662577,1217,1227,train-task1-SI.labels
700662577,1907,1984,train-task1-SI.labels
700662577,3515,3529,train-task1-SI.labels
701225819,177,187,train-task1-SI.labels
701225819,2689,2694,train-task1-SI.labels
701225819,2787,2792,train-task1-SI.labels
701225819,2982,2991,train-task1-SI.labels
701225819,77,99,train-task1-SI.labels
701225819,996,1019,train-task1-SI.labels
701225819,2174,2182,train-task1-SI.labels
701225819,2747,2752,train-task1-SI.labels
701225819,3787,3804,train-task1-SI.labels
701225819,3837,3860,train-task1-SI.labels
701225819,4606,4636,train-task1-SI.labels
701225819,4720,4739,train-task1-SI.labels
701225819,111,143,train-task1-SI.labels
701225819,305,313,train-task1-SI.labels
701225819,1201,1299,train-task1-SI.labels
701225819,1493,1605,train-task1-SI.labels
701225819,1572,1583,train-task1-SI.labels
701225819,1767,1771,train-task1-SI.labels
701225819,2616,2621,train-task1-SI.labels
701225819,3309,3315,train-task1-SI.labels
701225819,4268,4313,train-task1-SI.labels
701225819,5914,5927,train-task1-SI.labels
701225819,6102,6112,train-task1-SI.labels
701225819,1872,1889,train-task1-SI.labels
701225819,1967,1987,train-task1-SI.labels
701225819,2798,2811,train-task1-SI.labels
701299732,588,628,train-task1-SI.labels
701299732,1569,1600,train-task1-SI.labels
701299732,2236,2327,train-task1-SI.labels
701299732,101,114,train-task1-SI.labels
701299732,0,13,train-task1-SI.labels
701299732,60,80,train-task1-SI.labels
701299732,244,299,train-task1-SI.labels
701299732,638,655,train-task1-SI.labels
701299732,1718,1735,train-task1-SI.labels
701299732,39,52,train-task1-SI.labels
701447437,50,93,train-task1-SI.labels
701447437,189,211,train-task1-SI.labels
701447437,343,430,train-task1-SI.labels
701447437,1092,1168,train-task1-SI.labels
701447437,570,727,train-task1-SI.labels
701447437,1423,1442,train-task1-SI.labels
701447437,1556,1643,train-task1-SI.labels
701447437,1649,1722,train-task1-SI.labels
701447437,939,1017,train-task1-SI.labels
701447437,1542,1555,train-task1-SI.labels
701553469,4178,4280,train-task1-SI.labels
701553469,31,41,train-task1-SI.labels
701553469,77,143,train-task1-SI.labels
701553469,351,361,train-task1-SI.labels
701553469,1716,1744,train-task1-SI.labels
701553469,1864,1887,train-task1-SI.labels
701553469,3139,3159,train-task1-SI.labels
701553469,3455,3476,train-task1-SI.labels
701553469,3695,3715,train-task1-SI.labels
701553469,3898,3916,train-task1-SI.labels
701553469,1983,2143,train-task1-SI.labels
701553469,288,302,train-task1-SI.labels
701553469,2486,2651,train-task1-SI.labels
701553469,2666,2781,train-task1-SI.labels
701837665,803,833,train-task1-SI.labels
701837665,1806,1828,train-task1-SI.labels
701837665,1364,1449,train-task1-SI.labels
701837665,5040,5084,train-task1-SI.labels
701837665,7193,7357,train-task1-SI.labels
701837665,8276,8312,train-task1-SI.labels
701837665,9299,9329,train-task1-SI.labels
701837665,10112,10206,train-task1-SI.labels
701837665,10208,10227,train-task1-SI.labels
701837665,761,801,train-task1-SI.labels
701837665,1829,2008,train-task1-SI.labels
701837665,2534,2575,train-task1-SI.labels
701837665,2618,2726,train-task1-SI.labels
701837665,2792,2940,train-task1-SI.labels
701837665,3251,3423,train-task1-SI.labels
701837665,3510,3534,train-task1-SI.labels
701837665,3824,3883,train-task1-SI.labels
701837665,3958,4067,train-task1-SI.labels
701837665,5821,5840,train-task1-SI.labels
701837665,6697,6873,train-task1-SI.labels
701837665,7401,7455,train-task1-SI.labels
701837665,7727,7747,train-task1-SI.labels
701837665,7785,7841,train-task1-SI.labels
701837665,7529,7666,train-task1-SI.labels
701837665,8115,8155,train-task1-SI.labels
701837665,8453,8556,train-task1-SI.labels
701837665,9331,9372,train-task1-SI.labels
701837665,9425,9433,train-task1-SI.labels
701837665,9471,9500,train-task1-SI.labels
701837665,9741,9756,train-task1-SI.labels
701837665,9780,9814,train-task1-SI.labels
701837665,10090,10111,train-task1-SI.labels
701837665,10802,10972,train-task1-SI.labels
701837665,11844,11915,train-task1-SI.labels
701837665,11964,12007,train-task1-SI.labels
701837665,12031,12047,train-task1-SI.labels
701837665,12178,12197,train-task1-SI.labels
701837665,12594,12665,train-task1-SI.labels
701837665,2456,2470,train-task1-SI.labels
701837665,2740,2762,train-task1-SI.labels
701837665,2942,2991,train-task1-SI.labels
701837665,12381,12476,train-task1-SI.labels
701933838,981,1153,train-task1-SI.labels
701939679,234,337,train-task1-SI.labels
701939679,339,529,train-task1-SI.labels
701939679,1474,1664,train-task1-SI.labels
702077434,1264,1275,train-task1-SI.labels
702077434,1377,1414,train-task1-SI.labels
702077434,1701,1732,train-task1-SI.labels
702077434,1830,1891,train-task1-SI.labels
702077783,342,363,train-task1-SI.labels
702077783,401,475,train-task1-SI.labels
702077783,233,289,train-task1-SI.labels
702077783,513,525,train-task1-SI.labels
702077783,1853,1917,train-task1-SI.labels
702077783,291,335,train-task1-SI.labels
702111021,1114,1127,train-task1-SI.labels
702111021,2179,2193,train-task1-SI.labels
702111021,2272,2286,train-task1-SI.labels
702111021,3388,3402,train-task1-SI.labels
702111021,3908,3922,train-task1-SI.labels
702111021,1639,1676,train-task1-SI.labels
702111021,2047,2092,train-task1-SI.labels
702111021,3668,3773,train-task1-SI.labels
702111021,3994,4051,train-task1-SI.labels
702111021,2223,2237,train-task1-SI.labels
702111021,4140,4186,train-task1-SI.labels
703056647,25,61,train-task1-SI.labels
703056647,204,275,train-task1-SI.labels
703056647,239,275,train-task1-SI.labels
703056647,470,477,train-task1-SI.labels
703056647,2412,2475,train-task1-SI.labels
703056647,1987,2041,train-task1-SI.labels
703056647,2102,2176,train-task1-SI.labels
703056647,661,717,train-task1-SI.labels
703056647,926,1018,train-task1-SI.labels
703056647,1418,1495,train-task1-SI.labels
703056647,1109,1140,train-task1-SI.labels
703056647,1919,1984,train-task1-SI.labels
703698295,5829,5877,train-task1-SI.labels
703698295,5917,5958,train-task1-SI.labels
703698295,8483,8503,train-task1-SI.labels
703698295,320,353,train-task1-SI.labels
703698295,2687,2722,train-task1-SI.labels
703698295,2792,2808,train-task1-SI.labels
703698295,2818,2850,train-task1-SI.labels
703698295,3183,3200,train-task1-SI.labels
703698295,4571,4597,train-task1-SI.labels
703698295,4797,4815,train-task1-SI.labels
703698295,6647,6657,train-task1-SI.labels
703698295,7231,7261,train-task1-SI.labels
703698295,7641,7660,train-task1-SI.labels
703698295,8634,8734,train-task1-SI.labels
703698295,9765,9961,train-task1-SI.labels
703698295,12626,12642,train-task1-SI.labels
703698295,822,941,train-task1-SI.labels
703698295,1633,1702,train-task1-SI.labels
703698295,1805,1819,train-task1-SI.labels
703698295,2073,2088,train-task1-SI.labels
703698295,2285,2298,train-task1-SI.labels
703698295,4687,4739,train-task1-SI.labels
703698295,7719,7741,train-task1-SI.labels
703698295,8006,8060,train-task1-SI.labels
703698295,8954,8976,train-task1-SI.labels
703698295,10166,10229,train-task1-SI.labels
703698295,10820,10828,train-task1-SI.labels
703806098,166,185,train-task1-SI.labels
703806098,2609,2665,train-task1-SI.labels
703806098,1605,1622,train-task1-SI.labels
703806098,1632,1698,train-task1-SI.labels
703806098,144,160,train-task1-SI.labels
703806098,1435,1455,train-task1-SI.labels
703821117,2350,2366,train-task1-SI.labels
703821117,3483,3500,train-task1-SI.labels
703821117,11087,11105,train-task1-SI.labels
703821117,11655,11671,train-task1-SI.labels
703821117,12003,12039,train-task1-SI.labels
703821117,12349,12363,train-task1-SI.labels
703821117,14142,14158,train-task1-SI.labels
703821117,16781,16835,train-task1-SI.labels
703821117,17552,17689,train-task1-SI.labels
703821117,179,236,train-task1-SI.labels
703821117,114,174,train-task1-SI.labels
703821117,472,532,train-task1-SI.labels
703821117,833,880,train-task1-SI.labels
703821117,2475,2523,train-task1-SI.labels
703821117,3368,3383,train-task1-SI.labels
703821117,3519,3571,train-task1-SI.labels
703821117,3893,3974,train-task1-SI.labels
703821117,5022,5080,train-task1-SI.labels
703821117,5281,5373,train-task1-SI.labels
703821117,6445,6453,train-task1-SI.labels
703821117,6520,6609,train-task1-SI.labels
703821117,6620,6637,train-task1-SI.labels
703821117,7264,7314,train-task1-SI.labels
703821117,7674,7693,train-task1-SI.labels
703821117,10469,10570,train-task1-SI.labels
703821117,10572,10680,train-task1-SI.labels
703821117,10697,10805,train-task1-SI.labels
703821117,10860,10997,train-task1-SI.labels
703821117,10820,10845,train-task1-SI.labels
703821117,11221,11328,train-task1-SI.labels
703821117,12149,12243,train-task1-SI.labels
703821117,13152,13167,train-task1-SI.labels
703821117,13316,13369,train-task1-SI.labels
703821117,13902,13935,train-task1-SI.labels
703821117,13936,13958,train-task1-SI.labels
703821117,13960,14030,train-task1-SI.labels
703821117,18447,18550,train-task1-SI.labels
703821117,14419,14458,train-task1-SI.labels
703821117,14511,14640,train-task1-SI.labels
703821117,14752,14920,train-task1-SI.labels
703821117,15047,15069,train-task1-SI.labels
703821117,15216,15279,train-task1-SI.labels
703821117,15785,15851,train-task1-SI.labels
703821117,16195,16231,train-task1-SI.labels
703821117,16335,16411,train-task1-SI.labels
703821117,16976,17013,train-task1-SI.labels
703821117,17016,17049,train-task1-SI.labels
703821117,18269,18325,train-task1-SI.labels
703821117,18378,18396,train-task1-SI.labels
703821117,18604,18639,train-task1-SI.labels
703821117,6046,6098,train-task1-SI.labels
703821117,17150,17244,train-task1-SI.labels
704591553,238,265,train-task1-SI.labels
704591553,1999,2059,train-task1-SI.labels
704591553,2802,2816,train-task1-SI.labels
704591553,71,103,train-task1-SI.labels
704591553,278,285,train-task1-SI.labels
704591553,933,954,train-task1-SI.labels
704591553,1016,1029,train-task1-SI.labels
704591553,1125,1141,train-task1-SI.labels
704591553,1280,1292,train-task1-SI.labels
704591553,1805,1832,train-task1-SI.labels
704591553,2180,2228,train-task1-SI.labels
704591553,2765,2780,train-task1-SI.labels
704591553,3153,3163,train-task1-SI.labels
704591553,3827,3881,train-task1-SI.labels
704591553,3883,3911,train-task1-SI.labels
704591553,4058,4124,train-task1-SI.labels
704591553,4454,4480,train-task1-SI.labels
704591553,4493,4508,train-task1-SI.labels
704591553,4965,5082,train-task1-SI.labels
704591553,697,822,train-task1-SI.labels
704591553,1696,1718,train-task1-SI.labels
704591553,1868,1883,train-task1-SI.labels
704591553,3221,3359,train-task1-SI.labels
704591553,4398,4405,train-task1-SI.labels
704856340,4007,4185,train-task1-SI.labels
704856340,4187,4324,train-task1-SI.labels
705035735,0,32,train-task1-SI.labels
705035735,34,70,train-task1-SI.labels
705035735,1035,1063,train-task1-SI.labels
705035735,1297,1404,train-task1-SI.labels
705035735,2403,2426,train-task1-SI.labels
705035735,2579,2643,train-task1-SI.labels
705035735,3016,3078,train-task1-SI.labels
705035735,239,250,train-task1-SI.labels
705035735,2981,3010,train-task1-SI.labels
705409419,138,158,train-task1-SI.labels
705409419,1367,1418,train-task1-SI.labels
705409419,1702,1830,train-task1-SI.labels
705409419,2058,2114,train-task1-SI.labels
705409419,4226,4381,train-task1-SI.labels
705409419,4383,4570,train-task1-SI.labels
705409419,6069,6164,train-task1-SI.labels
705409419,950,1042,train-task1-SI.labels
706088110,3279,3292,train-task1-SI.labels
706088110,1117,1229,train-task1-SI.labels
706088110,1019,1068,train-task1-SI.labels
706088110,2203,2282,train-task1-SI.labels
706088110,3513,3590,train-task1-SI.labels
706088110,818,832,train-task1-SI.labels
706088110,1081,1087,train-task1-SI.labels
706088110,1330,1344,train-task1-SI.labels
706088110,2103,2117,train-task1-SI.labels
706088110,2578,2591,train-task1-SI.labels
706088110,2914,2928,train-task1-SI.labels
706088110,3223,3236,train-task1-SI.labels
706088110,3458,3472,train-task1-SI.labels
706501640,7,72,train-task1-SI.labels
706501640,233,288,train-task1-SI.labels
706501640,568,603,train-task1-SI.labels
706501640,742,805,train-task1-SI.labels
706501640,1110,1168,train-task1-SI.labels
706501640,1321,1331,train-task1-SI.labels
706501640,1527,1544,train-task1-SI.labels
706501640,1689,1714,train-task1-SI.labels
706600938,557,644,train-task1-SI.labels
706600938,2792,2881,train-task1-SI.labels
706600938,5924,6161,train-task1-SI.labels
706600938,1083,1248,train-task1-SI.labels
706600938,1429,1550,train-task1-SI.labels
706600938,2617,2789,train-task1-SI.labels
706600938,2904,2927,train-task1-SI.labels
706600938,3393,3674,train-task1-SI.labels
706600938,4323,4478,train-task1-SI.labels
706600938,5527,5556,train-task1-SI.labels
706600938,7698,7726,train-task1-SI.labels
706600938,3137,3197,train-task1-SI.labels
706636401,3353,3363,train-task1-SI.labels
706636401,3802,3966,train-task1-SI.labels
706636401,992,1001,train-task1-SI.labels
706636401,2911,2939,train-task1-SI.labels
706636401,3724,3747,train-task1-SI.labels
706661242,95,113,train-task1-SI.labels
706661242,1316,1341,train-task1-SI.labels
706661242,150,171,train-task1-SI.labels
706777811,58,107,train-task1-SI.labels
706777811,567,596,train-task1-SI.labels
706777811,807,817,train-task1-SI.labels
706777811,1118,1153,train-task1-SI.labels
706777811,1893,1906,train-task1-SI.labels
706777811,3126,3198,train-task1-SI.labels
706777811,3256,3272,train-task1-SI.labels
706777811,3494,3620,train-task1-SI.labels
706777811,3302,3380,train-task1-SI.labels
706777811,3389,3440,train-task1-SI.labels
706777811,0,11,train-task1-SI.labels
706777811,819,867,train-task1-SI.labels
706777811,1049,1061,train-task1-SI.labels
706777811,1249,1274,train-task1-SI.labels
706777811,1408,1481,train-task1-SI.labels
706777811,2451,2607,train-task1-SI.labels
706777811,2654,2682,train-task1-SI.labels
706777811,3687,3743,train-task1-SI.labels
707451080,563,579,train-task1-SI.labels
707451080,614,735,train-task1-SI.labels
707451080,1723,1819,train-task1-SI.labels
707451080,4462,4493,train-task1-SI.labels
707451080,4664,4699,train-task1-SI.labels
707451080,4789,4820,train-task1-SI.labels
707451080,259,276,train-task1-SI.labels
707451080,351,496,train-task1-SI.labels
707451080,662,688,train-task1-SI.labels
707451080,1306,1337,train-task1-SI.labels
707451080,1629,1656,train-task1-SI.labels
707451080,1657,1721,train-task1-SI.labels
707451080,2207,2240,train-task1-SI.labels
707451080,2249,2273,train-task1-SI.labels
707451080,2312,2360,train-task1-SI.labels
707451080,3497,3542,train-task1-SI.labels
707451080,3987,4075,train-task1-SI.labels
707451080,4882,4898,train-task1-SI.labels
707451080,5035,5079,train-task1-SI.labels
707451080,5166,5219,train-task1-SI.labels
707451080,5890,5993,train-task1-SI.labels
707451080,5995,6131,train-task1-SI.labels
707566605,154,165,train-task1-SI.labels
707566605,21,77,train-task1-SI.labels
707566605,220,265,train-task1-SI.labels
707566605,505,541,train-task1-SI.labels
707566605,752,857,train-task1-SI.labels
707566605,1222,1253,train-task1-SI.labels
707566605,1260,1271,train-task1-SI.labels
707566605,1385,1430,train-task1-SI.labels
707566605,1772,1820,train-task1-SI.labels
707566605,546,586,train-task1-SI.labels
707566605,1665,1718,train-task1-SI.labels
707566605,2652,2693,train-task1-SI.labels
707772906,2351,2365,train-task1-SI.labels
707772906,5409,5463,train-task1-SI.labels
707772906,265,281,train-task1-SI.labels
707772906,1121,1165,train-task1-SI.labels
707772906,4042,4181,train-task1-SI.labels
707772906,4879,4904,train-task1-SI.labels
707772906,5174,5329,train-task1-SI.labels
707772906,550,604,train-task1-SI.labels
707772906,906,972,train-task1-SI.labels
707772906,1363,1383,train-task1-SI.labels
707772906,1705,1727,train-task1-SI.labels
707772906,1743,1762,train-task1-SI.labels
707772906,1829,1850,train-task1-SI.labels
707772906,2221,2323,train-task1-SI.labels
707772906,2626,2644,train-task1-SI.labels
707772906,3360,3405,train-task1-SI.labels
707772906,3635,3674,train-task1-SI.labels
707772906,3916,3967,train-task1-SI.labels
707772906,4652,4751,train-task1-SI.labels
707772906,5077,5172,train-task1-SI.labels
708071969,2372,2408,train-task1-SI.labels
708071969,7,18,train-task1-SI.labels
708071969,32,40,train-task1-SI.labels
708071969,115,215,train-task1-SI.labels
708071969,422,433,train-task1-SI.labels
708071969,228,249,train-task1-SI.labels
708071969,647,673,train-task1-SI.labels
708071969,804,845,train-task1-SI.labels
708071969,2021,2032,train-task1-SI.labels
708071969,2455,2485,train-task1-SI.labels
708071969,2159,2202,train-task1-SI.labels
708071969,1768,1850,train-task1-SI.labels
708071969,78,113,train-task1-SI.labels
708071969,300,308,train-task1-SI.labels
708071969,1054,1111,train-task1-SI.labels
708071969,2724,2768,train-task1-SI.labels
708487008,0,11,train-task1-SI.labels
708487008,339,374,train-task1-SI.labels
708487008,602,714,train-task1-SI.labels
708487008,820,857,train-task1-SI.labels
708487008,1721,1753,train-task1-SI.labels
708487008,21,58,train-task1-SI.labels
708487008,160,267,train-task1-SI.labels
708561738,897,930,train-task1-SI.labels
708561738,0,85,train-task1-SI.labels
708561738,87,172,train-task1-SI.labels
708561738,280,298,train-task1-SI.labels
708561738,792,840,train-task1-SI.labels
708561738,1520,1636,train-task1-SI.labels
708561738,1670,1774,train-task1-SI.labels
708561738,1968,1999,train-task1-SI.labels
708561738,2062,2102,train-task1-SI.labels
708561738,2291,2318,train-task1-SI.labels
708561738,2360,2474,train-task1-SI.labels
708561738,2529,2552,train-task1-SI.labels
708561738,2919,2959,train-task1-SI.labels
709732928,10768,10775,train-task1-SI.labels
709732928,10826,10833,train-task1-SI.labels
709732928,1428,1432,train-task1-SI.labels
709732928,1811,1820,train-task1-SI.labels
709732928,1957,1966,train-task1-SI.labels
709732928,8532,8546,train-task1-SI.labels
709732928,11982,11997,train-task1-SI.labels
709732928,160,172,train-task1-SI.labels
709732928,6464,6474,train-task1-SI.labels
709732928,8158,8168,train-task1-SI.labels
709732928,8613,8616,train-task1-SI.labels
709732928,10865,10882,train-task1-SI.labels
709732928,12,21,train-task1-SI.labels
709732928,2169,2173,train-task1-SI.labels
709732928,2583,2587,train-task1-SI.labels
709732928,7346,7359,train-task1-SI.labels
709732928,7579,7590,train-task1-SI.labels
709732928,8521,8530,train-task1-SI.labels
709732928,10416,10440,train-task1-SI.labels
709732928,10525,10552,train-task1-SI.labels
709732928,10660,10675,train-task1-SI.labels
709732928,2177,2184,train-task1-SI.labels
709732928,3682,3689,train-task1-SI.labels
709732928,3732,3742,train-task1-SI.labels
709732928,8491,8498,train-task1-SI.labels
709732928,9458,9465,train-task1-SI.labels
709732928,251,259,train-task1-SI.labels
710100700,1203,1375,train-task1-SI.labels
710376094,505,526,train-task1-SI.labels
710376094,1996,2014,train-task1-SI.labels
711566593,1779,1815,train-task1-SI.labels
711566593,3631,3710,train-task1-SI.labels
711566593,0,27,train-task1-SI.labels
711566593,254,280,train-task1-SI.labels
711566593,854,1029,train-task1-SI.labels
711566593,1164,1250,train-task1-SI.labels
711566593,1381,1441,train-task1-SI.labels
711566593,1308,1369,train-task1-SI.labels
711566593,1652,1693,train-task1-SI.labels
711566593,1698,1715,train-task1-SI.labels
711566593,1817,1860,train-task1-SI.labels
711566593,2189,2255,train-task1-SI.labels
711566593,2313,2432,train-task1-SI.labels
711566593,2689,2708,train-task1-SI.labels
711566593,3305,3356,train-task1-SI.labels
711566593,3534,3609,train-task1-SI.labels
711566593,3724,3752,train-task1-SI.labels
711566593,4431,4544,train-task1-SI.labels
711566593,2132,2168,train-task1-SI.labels
711566593,2435,2644,train-task1-SI.labels
711596363,4373,4389,train-task1-SI.labels
711596363,13,33,train-task1-SI.labels
711596363,258,277,train-task1-SI.labels
711596363,1194,1252,train-task1-SI.labels
711596363,1408,1421,train-task1-SI.labels
711596363,3136,3156,train-task1-SI.labels
711596363,3065,3084,train-task1-SI.labels
711596363,3277,3297,train-task1-SI.labels
711596363,3700,3872,train-task1-SI.labels
711596363,3894,4008,train-task1-SI.labels
711596363,4573,4625,train-task1-SI.labels
711596363,4626,4665,train-task1-SI.labels
711596363,4738,4768,train-task1-SI.labels
711596363,5391,5412,train-task1-SI.labels
711596363,5627,5646,train-task1-SI.labels
711596363,5647,5678,train-task1-SI.labels
711596363,1944,1954,train-task1-SI.labels
711596363,3173,3189,train-task1-SI.labels
711596363,4985,5098,train-task1-SI.labels
711596363,5745,5779,train-task1-SI.labels
711622457,457,573,train-task1-SI.labels
711622457,575,599,train-task1-SI.labels
711622457,616,732,train-task1-SI.labels
711622457,734,757,train-task1-SI.labels
711622457,934,997,train-task1-SI.labels
711622457,1095,1251,train-task1-SI.labels
711622457,1882,1969,train-task1-SI.labels
711622457,2408,2699,train-task1-SI.labels
711622457,2754,2812,train-task1-SI.labels
711622457,3303,3459,train-task1-SI.labels
711622457,1329,1362,train-task1-SI.labels
711622457,813,847,train-task1-SI.labels
711716996,1600,1632,train-task1-SI.labels
711716996,5284,5298,train-task1-SI.labels
711716996,30,85,train-task1-SI.labels
711716996,724,862,train-task1-SI.labels
711716996,957,992,train-task1-SI.labels
711716996,1444,1453,train-task1-SI.labels
711716996,1936,2064,train-task1-SI.labels
711716996,2231,2268,train-task1-SI.labels
711716996,2320,2345,train-task1-SI.labels
711716996,2760,2843,train-task1-SI.labels
711716996,2910,2941,train-task1-SI.labels
711716996,4002,4025,train-task1-SI.labels
711716996,298,304,train-task1-SI.labels
711716996,2308,2314,train-task1-SI.labels
711716996,3978,3992,train-task1-SI.labels
711716996,4068,4082,train-task1-SI.labels
711716996,4563,4569,train-task1-SI.labels
711716996,4959,4973,train-task1-SI.labels
711964584,1822,1871,train-task1-SI.labels
711964584,1872,1943,train-task1-SI.labels
711964584,2918,3005,train-task1-SI.labels
711964584,293,373,train-task1-SI.labels
711964584,494,557,train-task1-SI.labels
711964584,566,630,train-task1-SI.labels
711964584,757,769,train-task1-SI.labels
711964584,982,1032,train-task1-SI.labels
711964584,2543,2676,train-task1-SI.labels
711964584,3240,3276,train-task1-SI.labels
711964584,3289,3379,train-task1-SI.labels
711964584,4087,4113,train-task1-SI.labels
711964584,4179,4199,train-task1-SI.labels
711964584,4211,4351,train-task1-SI.labels
712382330,3611,3673,train-task1-SI.labels
712382330,3943,3965,train-task1-SI.labels
712382330,4216,4264,train-task1-SI.labels
712382330,919,1054,train-task1-SI.labels
713130996,4555,4677,train-task1-SI.labels
713130996,962,1013,train-task1-SI.labels
713130996,1296,1317,train-task1-SI.labels
713130996,1783,1798,train-task1-SI.labels
713130996,2698,2734,train-task1-SI.labels
713130996,3778,3984,train-task1-SI.labels
713130996,4355,4463,train-task1-SI.labels
713130996,5222,5332,train-task1-SI.labels
713130996,2149,2196,train-task1-SI.labels
715588833,624,681,train-task1-SI.labels
715588833,2437,2464,train-task1-SI.labels
715588833,7098,7129,train-task1-SI.labels
715588833,7155,7185,train-task1-SI.labels
715588833,8643,8940,train-task1-SI.labels
715588833,10678,10918,train-task1-SI.labels
715588833,0,17,train-task1-SI.labels
715588833,412,499,train-task1-SI.labels
715588833,1046,1074,train-task1-SI.labels
715588833,1753,1770,train-task1-SI.labels
715588833,2061,2160,train-task1-SI.labels
715588833,2622,2773,train-task1-SI.labels
715588833,6660,6744,train-task1-SI.labels
715588833,7638,7734,train-task1-SI.labels
715588833,7829,7855,train-task1-SI.labels
715588833,7857,7909,train-task1-SI.labels
715588833,8548,8641,train-task1-SI.labels
715588833,8479,8546,train-task1-SI.labels
715588833,9232,9268,train-task1-SI.labels
715588833,9456,9504,train-task1-SI.labels
715588833,9836,10048,train-task1-SI.labels
715588833,11273,11388,train-task1-SI.labels
715588833,11390,11426,train-task1-SI.labels
715588833,11846,12085,train-task1-SI.labels
715588833,11575,11844,train-task1-SI.labels
715790840,1438,1483,train-task1-SI.labels
715790840,1616,1846,train-task1-SI.labels
715790840,1868,1907,train-task1-SI.labels
715790840,1941,1956,train-task1-SI.labels
715790840,2293,2319,train-task1-SI.labels
715790840,2134,2245,train-task1-SI.labels
716469423,2492,2673,train-task1-SI.labels
716469423,1955,2197,train-task1-SI.labels
718312499,124,231,train-task1-SI.labels
718595845,904,1003,train-task1-SI.labels
718595845,2154,2259,train-task1-SI.labels
718595845,5170,5182,train-task1-SI.labels
718595845,0,32,train-task1-SI.labels
718595845,2380,2444,train-task1-SI.labels
718595845,7086,7235,train-task1-SI.labels
718595845,1183,1219,train-task1-SI.labels
718595845,5443,5542,train-task1-SI.labels
718595845,305,337,train-task1-SI.labels
718595845,355,448,train-task1-SI.labels
718595845,5405,5427,train-task1-SI.labels
718595845,6962,7084,train-task1-SI.labels
721406153,97,129,train-task1-SI.labels
721406153,2893,3218,train-task1-SI.labels
721406153,4102,4106,train-task1-SI.labels
721406153,5473,5478,train-task1-SI.labels
721406153,5502,5506,train-task1-SI.labels
721406153,5927,6036,train-task1-SI.labels
721406153,0,35,train-task1-SI.labels
721406153,294,466,train-task1-SI.labels
721406153,1123,1150,train-task1-SI.labels
721406153,1264,1282,train-task1-SI.labels
721406153,1465,1488,train-task1-SI.labels
721406153,1992,2020,train-task1-SI.labels
721406153,2022,2210,train-task1-SI.labels
721406153,2530,2575,train-task1-SI.labels
721406153,5339,5439,train-task1-SI.labels
721406153,5787,5926,train-task1-SI.labels
721406153,5115,5139,train-task1-SI.labels
721710340,4286,4299,train-task1-SI.labels
721710340,3416,3671,train-task1-SI.labels
721710340,3879,4010,train-task1-SI.labels
721710340,4259,4277,train-task1-SI.labels
721710340,4305,4350,train-task1-SI.labels
721890296,1322,1337,train-task1-SI.labels
721890296,2109,2257,train-task1-SI.labels
721890296,5173,5238,train-task1-SI.labels
721890296,4429,4451,train-task1-SI.labels
721890296,48,87,train-task1-SI.labels
721890296,168,183,train-task1-SI.labels
721890296,260,275,train-task1-SI.labels
721890296,883,898,train-task1-SI.labels
721890296,3895,3910,train-task1-SI.labels
721890296,4486,4501,train-task1-SI.labels
721890296,4661,4676,train-task1-SI.labels
721890296,4764,4779,train-task1-SI.labels
721890296,1825,1854,train-task1-SI.labels
721890296,2934,2986,train-task1-SI.labels
721890296,3053,3061,train-task1-SI.labels
721890296,3427,3477,train-task1-SI.labels
721890296,3501,3539,train-task1-SI.labels
721890296,5013,5164,train-task1-SI.labels
721890296,5165,5172,train-task1-SI.labels
721890296,759,790,train-task1-SI.labels
721890296,4122,4385,train-task1-SI.labels
721890296,25,46,train-task1-SI.labels
721890296,560,579,train-task1-SI.labels
721890296,2091,2105,train-task1-SI.labels
721890296,2456,2567,train-task1-SI.labels
721890296,2817,2860,train-task1-SI.labels
721890296,3616,3643,train-task1-SI.labels
721890296,3541,3614,train-task1-SI.labels
721890296,3645,3662,train-task1-SI.labels
721890296,3682,3702,train-task1-SI.labels
721890296,3914,3947,train-task1-SI.labels
721890296,4020,4064,train-task1-SI.labels
721890296,4900,4918,train-task1-SI.labels
721890296,4923,5011,train-task1-SI.labels
722507879,1369,1376,train-task1-SI.labels
722507879,1381,1391,train-task1-SI.labels
722507879,3019,3036,train-task1-SI.labels
722507879,3937,3949,train-task1-SI.labels
722507879,2307,2350,train-task1-SI.labels
722507879,2356,2414,train-task1-SI.labels
722507879,2432,2516,train-task1-SI.labels
722507879,4053,4079,train-task1-SI.labels
722512241,2751,2838,train-task1-SI.labels
722512241,391,570,train-task1-SI.labels
722512241,3903,3925,train-task1-SI.labels
722512241,37,98,train-task1-SI.labels
722512241,168,309,train-task1-SI.labels
722512241,572,729,train-task1-SI.labels
722512241,2490,2594,train-task1-SI.labels
722512241,3673,3733,train-task1-SI.labels
722512241,3840,3886,train-task1-SI.labels
722512241,3941,3962,train-task1-SI.labels
722512241,3978,4008,train-task1-SI.labels
722512241,4325,4417,train-task1-SI.labels
722512241,5116,5333,train-task1-SI.labels
722512241,5527,5589,train-task1-SI.labels
722512241,5787,5934,train-task1-SI.labels
722512241,6338,6377,train-task1-SI.labels
722512241,6673,6846,train-task1-SI.labels
722512241,6847,7044,train-task1-SI.labels
722512241,7424,7546,train-task1-SI.labels
722512241,7552,7698,train-task1-SI.labels
722512241,7933,8111,train-task1-SI.labels
722512241,7276,7398,train-task1-SI.labels
723501118,157,257,train-task1-SI.labels
723501118,727,741,train-task1-SI.labels
723501118,1559,1592,train-task1-SI.labels
723501118,695,720,train-task1-SI.labels
723501118,1440,1451,train-task1-SI.labels
723501118,1944,2030,train-task1-SI.labels
723537899,3125,3182,train-task1-SI.labels
723537899,1917,1925,train-task1-SI.labels
723537899,3463,3515,train-task1-SI.labels
723537899,4586,4691,train-task1-SI.labels
723537899,766,778,train-task1-SI.labels
723537899,436,448,train-task1-SI.labels
723537899,1100,1113,train-task1-SI.labels
723537899,1174,1184,train-task1-SI.labels
723537899,1264,1323,train-task1-SI.labels
723537899,1350,1391,train-task1-SI.labels
723537899,1491,1628,train-task1-SI.labels
723537899,2228,2300,train-task1-SI.labels
723537899,2302,2342,train-task1-SI.labels
723537899,2474,2686,train-task1-SI.labels
723537899,817,871,train-task1-SI.labels
723537899,1392,1436,train-task1-SI.labels
723537899,1934,1978,train-task1-SI.labels
723793978,973,979,train-task1-SI.labels
723793978,1418,1430,train-task1-SI.labels
723793978,1106,1256,train-task1-SI.labels
723823436,1581,1679,train-task1-SI.labels
723823436,3749,3902,train-task1-SI.labels
723823436,365,382,train-task1-SI.labels
723823436,1735,1752,train-task1-SI.labels
723823436,2061,2088,train-task1-SI.labels
723823436,3439,3458,train-task1-SI.labels
723844295,15,29,train-task1-SI.labels
723844295,220,273,train-task1-SI.labels
723844295,1242,1270,train-task1-SI.labels
723844295,2445,2696,train-task1-SI.labels
723844295,1963,1994,train-task1-SI.labels
723844295,2027,2040,train-task1-SI.labels
723883127,482,499,train-task1-SI.labels
723883127,1091,1096,train-task1-SI.labels
723883127,1053,1064,train-task1-SI.labels
723883127,1789,1822,train-task1-SI.labels
723883127,2458,2486,train-task1-SI.labels
723883127,0,5,train-task1-SI.labels
723883127,160,173,train-task1-SI.labels
724095467,145,161,train-task1-SI.labels
724095467,3785,3878,train-task1-SI.labels
724095467,165,218,train-task1-SI.labels
724095467,2792,2857,train-task1-SI.labels
724095467,2963,2970,train-task1-SI.labels
724095467,3709,3784,train-task1-SI.labels
724095467,3932,3984,train-task1-SI.labels
724095467,599,620,train-task1-SI.labels
724095467,3883,3931,train-task1-SI.labels
724095598,848,1011,train-task1-SI.labels
724095598,210,218,train-task1-SI.labels
724095598,497,517,train-task1-SI.labels
724095598,1381,1394,train-task1-SI.labels
724791253,3015,3033,train-task1-SI.labels
724791253,118,137,train-task1-SI.labels
724791253,189,228,train-task1-SI.labels
724791253,459,515,train-task1-SI.labels
724791253,918,1208,train-task1-SI.labels
724791253,1223,1265,train-task1-SI.labels
724791253,2585,2611,train-task1-SI.labels
724791253,2702,2829,train-task1-SI.labels
724791253,3048,3065,train-task1-SI.labels
724791253,3579,3602,train-task1-SI.labels
724791253,3665,3744,train-task1-SI.labels
724791253,3912,4039,train-task1-SI.labels
724791253,517,629,train-task1-SI.labels
724791253,319,349,train-task1-SI.labels
724791253,1799,1804,train-task1-SI.labels
724791253,3488,3503,train-task1-SI.labels
725276027,418,499,train-task1-SI.labels
725276027,765,789,train-task1-SI.labels
725276027,52,160,train-task1-SI.labels
725276027,229,247,train-task1-SI.labels
725276027,2063,2268,train-task1-SI.labels
725276027,5787,5806,train-task1-SI.labels
725276027,162,174,train-task1-SI.labels
725276027,198,212,train-task1-SI.labels
725276027,1339,1353,train-task1-SI.labels
725276027,1506,1520,train-task1-SI.labels
725276027,3316,3333,train-task1-SI.labels
725276027,3434,3448,train-task1-SI.labels
725276027,3876,3890,train-task1-SI.labels
725276027,5311,5325,train-task1-SI.labels
725276027,5381,5406,train-task1-SI.labels
725498022,4518,4580,train-task1-SI.labels
725498022,6105,6131,train-task1-SI.labels
725498022,8065,8084,train-task1-SI.labels
725498022,16921,16939,train-task1-SI.labels
725498022,18642,18707,train-task1-SI.labels
725498022,757,770,train-task1-SI.labels
725498022,1058,1085,train-task1-SI.labels
725498022,1452,1468,train-task1-SI.labels
725498022,2686,2720,train-task1-SI.labels
725498022,5585,5607,train-task1-SI.labels
725498022,5843,5858,train-task1-SI.labels
725498022,7181,7203,train-task1-SI.labels
725498022,7672,7695,train-task1-SI.labels
725498022,10212,10237,train-task1-SI.labels
725498022,10881,10895,train-task1-SI.labels
725498022,16716,16740,train-task1-SI.labels
725498022,17429,17452,train-task1-SI.labels
725498022,19752,19789,train-task1-SI.labels
725498022,20050,20079,train-task1-SI.labels
725498022,21226,21249,train-task1-SI.labels
725498022,21723,21950,train-task1-SI.labels
725498022,201,211,train-task1-SI.labels
725498022,291,302,train-task1-SI.labels
725498022,535,581,train-task1-SI.labels
725498022,1869,1879,train-task1-SI.labels
725498022,3705,3729,train-task1-SI.labels
725498022,5661,5696,train-task1-SI.labels
725498022,6618,6634,train-task1-SI.labels
725498022,7261,7279,train-task1-SI.labels
725498022,8684,8702,train-task1-SI.labels
725498022,11946,11987,train-task1-SI.labels
725498022,14333,14340,train-task1-SI.labels
725498022,14373,14389,train-task1-SI.labels
725498022,17386,17401,train-task1-SI.labels
725498022,17832,17837,train-task1-SI.labels
725498022,20682,20795,train-task1-SI.labels
725498022,21137,21152,train-task1-SI.labels
725731328,547,563,train-task1-SI.labels
725731328,794,1076,train-task1-SI.labels
725731328,2091,2167,train-task1-SI.labels
725731328,2132,2167,train-task1-SI.labels
725731328,2232,2279,train-task1-SI.labels
725731328,2617,2654,train-task1-SI.labels
725731328,2817,2827,train-task1-SI.labels
725731328,120,139,train-task1-SI.labels
725731328,619,640,train-task1-SI.labels
725731328,1945,1992,train-task1-SI.labels
725731328,2381,2577,train-task1-SI.labels
725731328,2670,2722,train-task1-SI.labels
725731328,2861,3020,train-task1-SI.labels
725731328,4044,4062,train-task1-SI.labels
725731328,4719,4731,train-task1-SI.labels
725731328,282,289,train-task1-SI.labels
725731328,1996,2062,train-task1-SI.labels
725731328,2171,2224,train-task1-SI.labels
725824328,3313,3330,train-task1-SI.labels
725824328,1027,1045,train-task1-SI.labels
725824328,2959,2964,train-task1-SI.labels
725824328,3081,3112,train-task1-SI.labels
725824328,4001,4406,train-task1-SI.labels
725824328,1962,2033,train-task1-SI.labels
725824328,2056,2060,train-task1-SI.labels
727128296,2296,2312,train-task1-SI.labels
727174208,112,162,train-task1-SI.labels
727174208,1452,1494,train-task1-SI.labels
727405181,193,210,train-task1-SI.labels
727493378,563,822,train-task1-SI.labels
727493378,1272,1285,train-task1-SI.labels
727493378,493,502,train-task1-SI.labels
727493378,1769,1866,train-task1-SI.labels
727493378,1943,1995,train-task1-SI.labels
727493378,1997,2265,train-task1-SI.labels
727493378,3072,3149,train-task1-SI.labels
727497152,491,695,train-task1-SI.labels
727497152,10,18,train-task1-SI.labels
727569885,1061,1142,train-task1-SI.labels
727569885,1177,1196,train-task1-SI.labels
727569885,1255,1271,train-task1-SI.labels
727569885,191,204,train-task1-SI.labels
727569885,530,576,train-task1-SI.labels
727569885,5947,5999,train-task1-SI.labels
727569885,6016,6030,train-task1-SI.labels
727569885,3630,3662,train-task1-SI.labels
727569885,1548,1564,train-task1-SI.labels
727569885,1642,1690,train-task1-SI.labels
727569885,2016,2048,train-task1-SI.labels
727569885,2843,2860,train-task1-SI.labels
727569885,2869,2884,train-task1-SI.labels
727569885,4545,4619,train-task1-SI.labels
727569885,5879,5900,train-task1-SI.labels
727569885,2600,2618,train-task1-SI.labels
727569885,3312,3328,train-task1-SI.labels
727569885,3914,3949,train-task1-SI.labels
727569885,5156,5170,train-task1-SI.labels
727634031,12173,12206,train-task1-SI.labels
727634031,8017,8133,train-task1-SI.labels
727634031,11405,11421,train-task1-SI.labels
727634031,11940,12022,train-task1-SI.labels
727658675,807,862,train-task1-SI.labels
727658675,1215,1444,train-task1-SI.labels
727658675,2273,2426,train-task1-SI.labels
727658675,2556,2842,train-task1-SI.labels
727658675,3033,3115,train-task1-SI.labels
727658675,2138,2271,train-task1-SI.labels
727736557,2840,2884,train-task1-SI.labels
727736557,4511,4544,train-task1-SI.labels
727736557,85,94,train-task1-SI.labels
727736557,650,669,train-task1-SI.labels
727736557,983,1001,train-task1-SI.labels
727736557,1203,1347,train-task1-SI.labels
727736557,2226,2239,train-task1-SI.labels
727736557,2351,2382,train-task1-SI.labels
727736557,2429,2447,train-task1-SI.labels
727736557,4018,4068,train-task1-SI.labels
727736557,4574,4602,train-task1-SI.labels
727736557,186,212,train-task1-SI.labels
727736557,305,328,train-task1-SI.labels
727736557,1761,1770,train-task1-SI.labels
727736557,1819,1858,train-task1-SI.labels
727736557,4715,4742,train-task1-SI.labels
727736557,5074,5132,train-task1-SI.labels
727736595,285,335,train-task1-SI.labels
727869189,1955,1994,train-task1-SI.labels
727869189,2355,2379,train-task1-SI.labels
727869189,5091,5216,train-task1-SI.labels
727869189,1136,1167,train-task1-SI.labels
727869189,1708,1771,train-task1-SI.labels
727869189,2622,2641,train-task1-SI.labels
727869189,4033,4049,train-task1-SI.labels
727869189,4544,4615,train-task1-SI.labels
727869189,4933,4956,train-task1-SI.labels
727869189,2172,2334,train-task1-SI.labels
727869189,4332,4473,train-task1-SI.labels
727869189,5557,5773,train-task1-SI.labels
728169864,423,440,train-task1-SI.labels
728169864,1628,1642,train-task1-SI.labels
728169864,2632,2640,train-task1-SI.labels
728169864,2644,2651,train-task1-SI.labels
728169864,2655,2662,train-task1-SI.labels
728169864,2666,2674,train-task1-SI.labels
728169864,2678,2684,train-task1-SI.labels
728169864,2688,2694,train-task1-SI.labels
728169864,2698,2712,train-task1-SI.labels
728169864,3161,3184,train-task1-SI.labels
728169864,5517,5525,train-task1-SI.labels
728169864,2720,2744,train-task1-SI.labels
728169864,4125,4132,train-task1-SI.labels
728169864,6198,6259,train-task1-SI.labels
728169864,0,8,train-task1-SI.labels
728169864,2747,2878,train-task1-SI.labels
728169864,5313,5330,train-task1-SI.labels
728169864,5753,5774,train-task1-SI.labels
728343601,125,144,train-task1-SI.labels
728343601,1451,1492,train-task1-SI.labels
728343601,1952,1976,train-task1-SI.labels
728343601,2865,2889,train-task1-SI.labels
728343601,4630,4651,train-task1-SI.labels
728343601,4694,4712,train-task1-SI.labels
728343601,1025,1047,train-task1-SI.labels
728343601,1673,1744,train-task1-SI.labels
728680557,663,699,train-task1-SI.labels
728680557,1475,1537,train-task1-SI.labels
728680557,1624,1748,train-task1-SI.labels
728680557,1990,2203,train-task1-SI.labels
728758697,819,1036,train-task1-SI.labels
728758697,1512,1599,train-task1-SI.labels
728758697,1697,1788,train-task1-SI.labels
728758697,1232,1383,train-task1-SI.labels
728758697,1384,1511,train-task1-SI.labels
728758697,31,49,train-task1-SI.labels
728758697,51,89,train-task1-SI.labels
728758697,1790,1836,train-task1-SI.labels
728972961,4679,4734,train-task1-SI.labels
728972961,4852,4878,train-task1-SI.labels
728972961,4757,4778,train-task1-SI.labels
728972961,8558,8706,train-task1-SI.labels
728972961,10317,10328,train-task1-SI.labels
728972961,10257,10268,train-task1-SI.labels
728972961,10157,10168,train-task1-SI.labels
728972961,14308,14334,train-task1-SI.labels
728972961,16330,16349,train-task1-SI.labels
728972961,21472,21486,train-task1-SI.labels
728972961,25147,25202,train-task1-SI.labels
728972961,29700,29756,train-task1-SI.labels
728972961,1400,1451,train-task1-SI.labels
728972961,1692,1733,train-task1-SI.labels
728972961,3486,3521,train-task1-SI.labels
728972961,4910,4935,train-task1-SI.labels
728972961,5126,5152,train-task1-SI.labels
728972961,9021,9032,train-task1-SI.labels
728972961,8744,8930,train-task1-SI.labels
728972961,10381,10392,train-task1-SI.labels
728972961,10646,10670,train-task1-SI.labels
728972961,11014,11181,train-task1-SI.labels
728972961,12301,12319,train-task1-SI.labels
728972961,13047,13074,train-task1-SI.labels
728972961,15155,15273,train-task1-SI.labels
728972961,19505,19515,train-task1-SI.labels
728972961,20640,20667,train-task1-SI.labels
728972961,21257,21271,train-task1-SI.labels
728972961,23063,23083,train-task1-SI.labels
728972961,23852,23867,train-task1-SI.labels
728972961,19826,19840,train-task1-SI.labels
728972961,24223,24265,train-task1-SI.labels
728972961,26467,26505,train-task1-SI.labels
728972961,27636,27698,train-task1-SI.labels
728972961,154,169,train-task1-SI.labels
728972961,762,780,train-task1-SI.labels
728972961,5422,5563,train-task1-SI.labels
728972961,7402,7433,train-task1-SI.labels
728972961,9033,9073,train-task1-SI.labels
728972961,10921,10947,train-task1-SI.labels
728972961,12446,12519,train-task1-SI.labels
728972961,12770,12902,train-task1-SI.labels
728972961,14336,14489,train-task1-SI.labels
728972961,15033,15043,train-task1-SI.labels
728972961,15556,15636,train-task1-SI.labels
728972961,15667,15687,train-task1-SI.labels
728972961,15735,15748,train-task1-SI.labels
728972961,16460,16472,train-task1-SI.labels
728972961,16699,16716,train-task1-SI.labels
728972961,17455,17472,train-task1-SI.labels
728972961,17779,17789,train-task1-SI.labels
728972961,18033,18041,train-task1-SI.labels
728972961,18773,18795,train-task1-SI.labels
728972961,19864,20009,train-task1-SI.labels
728972961,20026,20038,train-task1-SI.labels
728972961,20061,20074,train-task1-SI.labels
728972961,20344,20356,train-task1-SI.labels
728972961,20775,20802,train-task1-SI.labels
728972961,20938,20952,train-task1-SI.labels
728972961,21005,21013,train-task1-SI.labels
728972961,22844,22857,train-task1-SI.labels
728972961,23221,23282,train-task1-SI.labels
728972961,23956,23965,train-task1-SI.labels
728972961,23995,24012,train-task1-SI.labels
728972961,24384,24401,train-task1-SI.labels
728972961,25136,25145,train-task1-SI.labels
728972961,27300,27320,train-task1-SI.labels
728972961,29873,29894,train-task1-SI.labels
728972961,29921,29944,train-task1-SI.labels
728972961,29968,29998,train-task1-SI.labels
729303442,303,504,train-task1-SI.labels
729303442,1450,1552,train-task1-SI.labels
729303442,1555,1564,train-task1-SI.labels
729303442,2878,2914,train-task1-SI.labels
729303442,2953,3233,train-task1-SI.labels
729303442,4046,4083,train-task1-SI.labels
729303442,1303,1326,train-task1-SI.labels
729303442,3659,3670,train-task1-SI.labels
729348908,1976,2018,train-task1-SI.labels
729348908,380,567,train-task1-SI.labels
729348908,1749,1847,train-task1-SI.labels
729348908,2673,2886,train-task1-SI.labels
729348908,2020,2177,train-task1-SI.labels
729348908,3669,3812,train-task1-SI.labels
729368012,10584,10612,train-task1-SI.labels
729368012,6367,6477,train-task1-SI.labels
729368012,8080,8091,train-task1-SI.labels
729410793,29,77,train-task1-SI.labels
729410793,316,397,train-task1-SI.labels
729410793,657,705,train-task1-SI.labels
729410793,708,752,train-task1-SI.labels
729410793,754,1017,train-task1-SI.labels
729410793,1018,1342,train-task1-SI.labels
729410793,1563,1603,train-task1-SI.labels
729410793,3356,3482,train-task1-SI.labels
729410793,3510,3676,train-task1-SI.labels
729410793,4126,4166,train-task1-SI.labels
729410793,4237,4365,train-task1-SI.labels
729410793,4586,4678,train-task1-SI.labels
729549972,2347,2381,train-task1-SI.labels
729549972,1303,1321,train-task1-SI.labels
729549972,1413,1431,train-task1-SI.labels
729549972,14,33,train-task1-SI.labels
729549972,1652,1701,train-task1-SI.labels
729549972,1845,1888,train-task1-SI.labels
729549972,154,169,train-task1-SI.labels
729561658,754,778,train-task1-SI.labels
729561658,809,833,train-task1-SI.labels
729561658,1007,1052,train-task1-SI.labels
729561658,1494,1738,train-task1-SI.labels
729561658,39,89,train-task1-SI.labels
729561658,251,312,train-task1-SI.labels
729578579,645,742,train-task1-SI.labels
729578579,6851,6898,train-task1-SI.labels
729578579,16495,16517,train-task1-SI.labels
729578579,18426,18473,train-task1-SI.labels
729578579,21886,21905,train-task1-SI.labels
729578579,225,260,train-task1-SI.labels
729578579,368,403,train-task1-SI.labels
729578579,604,636,train-task1-SI.labels
729578579,1794,1861,train-task1-SI.labels
729578579,3538,3671,train-task1-SI.labels
729578579,6929,6946,train-task1-SI.labels
729578579,7133,7153,train-task1-SI.labels
729578579,7731,7744,train-task1-SI.labels
729578579,13378,13403,train-task1-SI.labels
729578579,14278,14294,train-task1-SI.labels
729578579,16987,17002,train-task1-SI.labels
729578579,18738,18761,train-task1-SI.labels
729578579,18932,18958,train-task1-SI.labels
729578579,19546,19578,train-task1-SI.labels
729578579,21375,21389,train-task1-SI.labels
729578579,21538,21553,train-task1-SI.labels
729578579,21766,21785,train-task1-SI.labels
729578579,22024,22037,train-task1-SI.labels
729578579,22774,22811,train-task1-SI.labels
729578579,23321,23414,train-task1-SI.labels
729578579,23700,23714,train-task1-SI.labels
729578579,23757,23780,train-task1-SI.labels
729578579,23823,23867,train-task1-SI.labels
729578579,24443,24488,train-task1-SI.labels
729578579,421,428,train-task1-SI.labels
729578579,509,513,train-task1-SI.labels
729578579,1090,1106,train-task1-SI.labels
729578579,6046,6058,train-task1-SI.labels
729578579,7201,7218,train-task1-SI.labels
729578579,8306,8314,train-task1-SI.labels
729578579,8907,8922,train-task1-SI.labels
729578579,9194,9218,train-task1-SI.labels
729578579,13405,13432,train-task1-SI.labels
729578579,13500,13507,train-task1-SI.labels
729578579,13997,14021,train-task1-SI.labels
729578579,14627,14644,train-task1-SI.labels
729578579,14809,14822,train-task1-SI.labels
729578579,15614,15630,train-task1-SI.labels
729578579,17741,17758,train-task1-SI.labels
729578579,18366,18386,train-task1-SI.labels
729578579,18656,18706,train-task1-SI.labels
729578579,19054,19073,train-task1-SI.labels
729578579,19377,19401,train-task1-SI.labels
729578579,19466,19544,train-task1-SI.labels
729578579,21304,21337,train-task1-SI.labels
729578579,22303,22521,train-task1-SI.labels
729578579,22719,22752,train-task1-SI.labels
729578579,24898,24905,train-task1-SI.labels
729578579,25127,25146,train-task1-SI.labels
729578579,26581,26625,train-task1-SI.labels
729581752,2235,2354,train-task1-SI.labels
729581752,38,67,train-task1-SI.labels
729651527,1658,1763,train-task1-SI.labels
729651527,2760,2775,train-task1-SI.labels
729651527,3131,3159,train-task1-SI.labels
729651527,3704,3867,train-task1-SI.labels
729651527,3870,3977,train-task1-SI.labels
729668796,2351,2361,train-task1-SI.labels
729668796,68,96,train-task1-SI.labels
729668796,545,585,train-task1-SI.labels
729668796,1270,1353,train-task1-SI.labels
729668796,2090,2115,train-task1-SI.labels
729668796,3756,3776,train-task1-SI.labels
729668796,2118,2184,train-task1-SI.labels
729668796,3341,3418,train-task1-SI.labels
729668796,3804,3940,train-task1-SI.labels
729668796,296,361,train-task1-SI.labels
729668796,1938,2047,train-task1-SI.labels
729668796,3647,3663,train-task1-SI.labels
729668796,2854,2939,train-task1-SI.labels
729668796,3997,4124,train-task1-SI.labels
729668796,238,251,train-task1-SI.labels
729668796,476,500,train-task1-SI.labels
729668796,815,828,train-task1-SI.labels
729668796,1242,1266,train-task1-SI.labels
729668796,3027,3081,train-task1-SI.labels
729668796,4133,4142,train-task1-SI.labels
729670169,1399,1417,train-task1-SI.labels
729670169,1857,1886,train-task1-SI.labels
729940206,571,609,train-task1-SI.labels
729940206,1167,1216,train-task1-SI.labels
729940206,1866,1874,train-task1-SI.labels
729940206,251,402,train-task1-SI.labels
729940206,522,540,train-task1-SI.labels
729940206,1039,1046,train-task1-SI.labels
729940206,1218,1282,train-task1-SI.labels
729940206,1838,1859,train-task1-SI.labels
730019938,1024,1029,train-task1-SI.labels
730019938,2618,2759,train-task1-SI.labels
730149656,3428,3433,train-task1-SI.labels
730149656,3486,3491,train-task1-SI.labels
730149656,5251,5267,train-task1-SI.labels
730149656,3017,3025,train-task1-SI.labels
730149656,3526,3531,train-task1-SI.labels
730149656,216,220,train-task1-SI.labels
730149656,225,241,train-task1-SI.labels
730149656,1742,1762,train-task1-SI.labels
730149656,2379,2395,train-task1-SI.labels
730149656,2639,2680,train-task1-SI.labels
730149656,3371,3376,train-task1-SI.labels
730149656,4647,4905,train-task1-SI.labels
730149656,7,20,train-task1-SI.labels
730149656,306,398,train-task1-SI.labels
730149656,1493,1574,train-task1-SI.labels
730149656,3070,3104,train-task1-SI.labels
730149656,3832,3846,train-task1-SI.labels
730149656,3851,3868,train-task1-SI.labels
730149656,5049,5068,train-task1-SI.labels
730149656,5147,5185,train-task1-SI.labels
730222442,170,230,train-task1-SI.labels
730222442,2349,2369,train-task1-SI.labels
730237078,188,196,train-task1-SI.labels
730237078,657,681,train-task1-SI.labels
730237078,33,50,train-task1-SI.labels
730237078,106,136,train-task1-SI.labels
730237078,516,581,train-task1-SI.labels
730237078,1030,1062,train-task1-SI.labels
730237078,1234,1283,train-task1-SI.labels
730237078,312,341,train-task1-SI.labels
730268758,2346,2365,train-task1-SI.labels
730268758,34,58,train-task1-SI.labels
730268758,259,282,train-task1-SI.labels
730268758,320,336,train-task1-SI.labels
730268758,517,535,train-task1-SI.labels
730268758,686,703,train-task1-SI.labels
730268758,1414,1439,train-task1-SI.labels
730268758,2006,2036,train-task1-SI.labels
730268758,2088,2117,train-task1-SI.labels
730268758,5051,5097,train-task1-SI.labels
730268758,6052,6068,train-task1-SI.labels
730268758,6213,6298,train-task1-SI.labels
730268758,6587,6706,train-task1-SI.labels
730268758,6748,6765,train-task1-SI.labels
730268758,7129,7163,train-task1-SI.labels
730268758,7654,7680,train-task1-SI.labels
730268758,728,737,train-task1-SI.labels
730268758,2539,2621,train-task1-SI.labels
730268758,3350,3357,train-task1-SI.labels
730268758,3527,3534,train-task1-SI.labels
730268758,4818,4839,train-task1-SI.labels
730268758,7186,7193,train-task1-SI.labels
730389374,1684,1706,train-task1-SI.labels
730389374,1801,1821,train-task1-SI.labels
730389374,3517,3611,train-task1-SI.labels
730389374,1530,1634,train-task1-SI.labels
730389374,2955,2970,train-task1-SI.labels
730389374,3239,3255,train-task1-SI.labels
730389374,4016,4053,train-task1-SI.labels
730389374,4439,4598,train-task1-SI.labels
730389374,4400,4438,train-task1-SI.labels
730389374,4599,4659,train-task1-SI.labels
730559808,5353,5419,train-task1-SI.labels
730559808,955,993,train-task1-SI.labels
730559808,998,1088,train-task1-SI.labels
730559808,1251,1341,train-task1-SI.labels
730559808,2483,2640,train-task1-SI.labels
730559808,3006,3186,train-task1-SI.labels
730559808,3215,3490,train-task1-SI.labels
730559808,3492,3611,train-task1-SI.labels
730559808,3953,4017,train-task1-SI.labels
730559808,4279,4537,train-task1-SI.labels
730559808,4404,4442,train-task1-SI.labels
730559808,5659,5889,train-task1-SI.labels
730559808,5891,5970,train-task1-SI.labels
730573740,834,846,train-task1-SI.labels
730573740,45,67,train-task1-SI.labels
730573740,983,1127,train-task1-SI.labels
730573740,1338,1505,train-task1-SI.labels
730573740,2177,2229,train-task1-SI.labels
730573740,2240,2345,train-task1-SI.labels
730573740,2479,2572,train-task1-SI.labels
730573740,2682,2753,train-task1-SI.labels
730573740,4118,4224,train-task1-SI.labels
730573740,1302,1322,train-task1-SI.labels
730865684,105,113,train-task1-SI.labels
730865684,2509,2520,train-task1-SI.labels
730865684,2563,2570,train-task1-SI.labels
731063195,592,599,train-task1-SI.labels
731063195,119,127,train-task1-SI.labels
731178960,1943,2078,train-task1-SI.labels
731511020,949,972,train-task1-SI.labels
731513824,1616,1905,train-task1-SI.labels
731513824,2022,2251,train-task1-SI.labels
731513824,2537,2564,train-task1-SI.labels
731762731,2388,2502,train-task1-SI.labels
731762731,2683,2717,train-task1-SI.labels
731762731,1184,1208,train-task1-SI.labels
731762731,2262,2295,train-task1-SI.labels
731762731,2311,2353,train-task1-SI.labels
731762731,3701,3752,train-task1-SI.labels
731762731,2751,2758,train-task1-SI.labels
731762731,3552,3585,train-task1-SI.labels
731927633,2063,2092,train-task1-SI.labels
731927633,2434,2444,train-task1-SI.labels
731927633,2784,2797,train-task1-SI.labels
731927633,3450,3514,train-task1-SI.labels
731927633,962,1016,train-task1-SI.labels
731927633,1019,1053,train-task1-SI.labels
731927633,1190,1224,train-task1-SI.labels
731927633,1226,1280,train-task1-SI.labels
731927633,1973,2004,train-task1-SI.labels
731927633,2237,2323,train-task1-SI.labels
731927633,2798,2832,train-task1-SI.labels
732154721,1172,1283,train-task1-SI.labels
732154721,2755,2819,train-task1-SI.labels
732154721,281,318,train-task1-SI.labels
732154721,397,530,train-task1-SI.labels
732154721,1930,1965,train-task1-SI.labels
732154721,2607,2666,train-task1-SI.labels
732154721,27,61,train-task1-SI.labels
732154721,987,1153,train-task1-SI.labels
732154721,2384,2427,train-task1-SI.labels
732610971,1703,1715,train-task1-SI.labels
732610971,434,471,train-task1-SI.labels
732610971,2014,2024,train-task1-SI.labels
732610971,2167,2179,train-task1-SI.labels
732610971,2297,2360,train-task1-SI.labels
732610971,200,223,train-task1-SI.labels
732610971,295,311,train-task1-SI.labels
732610971,1386,1457,train-task1-SI.labels
732610971,1774,1789,train-task1-SI.labels
732610971,3359,3444,train-task1-SI.labels
732610971,543,636,train-task1-SI.labels
732610971,1317,1358,train-task1-SI.labels
732610971,1649,1678,train-task1-SI.labels
732610971,2211,2217,train-task1-SI.labels
732610971,2246,2259,train-task1-SI.labels
732708002,3040,3055,train-task1-SI.labels
732708002,3646,3662,train-task1-SI.labels
732708002,3716,3750,train-task1-SI.labels
732708002,4228,4263,train-task1-SI.labels
732708002,5483,5517,train-task1-SI.labels
732708002,5204,5211,train-task1-SI.labels
732708002,5519,5604,train-task1-SI.labels
733754480,91,149,train-task1-SI.labels
733754480,719,792,train-task1-SI.labels
734265267,3861,3897,train-task1-SI.labels
734265267,3186,3261,train-task1-SI.labels
734265267,4118,4257,train-task1-SI.labels
735090638,2486,2532,train-task1-SI.labels
735090638,122,142,train-task1-SI.labels
735090638,893,970,train-task1-SI.labels
735090638,1087,1168,train-task1-SI.labels
735090638,1877,1887,train-task1-SI.labels
735090638,2415,2466,train-task1-SI.labels
735090638,256,269,train-task1-SI.labels
735090638,2138,2169,train-task1-SI.labels
735265649,1865,2088,train-task1-SI.labels
735265649,169,177,train-task1-SI.labels
735265649,905,915,train-task1-SI.labels
735265649,1169,1383,train-task1-SI.labels
735265649,1385,1536,train-task1-SI.labels
735265649,1538,1599,train-task1-SI.labels
735815173,3467,3476,train-task1-SI.labels
735815173,914,942,train-task1-SI.labels
735815173,1250,1437,train-task1-SI.labels
735815173,2926,3030,train-task1-SI.labels
735815173,3489,3540,train-task1-SI.labels
735815173,1440,1526,train-task1-SI.labels
735815173,2015,2054,train-task1-SI.labels
735815173,2334,2446,train-task1-SI.labels
735815173,3109,3183,train-task1-SI.labels
735815503,60,176,train-task1-SI.labels
735815503,29,38,train-task1-SI.labels
735855251,2216,2270,train-task1-SI.labels
735855251,2357,2453,train-task1-SI.labels
735855251,2455,2565,train-task1-SI.labels
736231219,1659,1752,train-task1-SI.labels
736231219,415,449,train-task1-SI.labels
736231219,485,532,train-task1-SI.labels
736231219,575,599,train-task1-SI.labels
736231219,846,875,train-task1-SI.labels
736231219,990,1041,train-task1-SI.labels
736231219,1105,1116,train-task1-SI.labels
736231219,1138,1178,train-task1-SI.labels
736231219,1383,1459,train-task1-SI.labels
736231219,1614,1631,train-task1-SI.labels
736231219,40,51,train-task1-SI.labels
736231219,18,38,train-task1-SI.labels
736231219,285,313,train-task1-SI.labels
736231219,319,330,train-task1-SI.labels
736231219,78,91,train-task1-SI.labels
736231219,720,805,train-task1-SI.labels
736231219,1504,1544,train-task1-SI.labels
736231219,1553,1573,train-task1-SI.labels
736231219,1356,1374,train-task1-SI.labels
736757214,0,59,train-task1-SI.labels
736757214,171,181,train-task1-SI.labels
736757214,115,167,train-task1-SI.labels
736757214,740,759,train-task1-SI.labels
737194975,93,115,train-task1-SI.labels
737194975,1763,1775,train-task1-SI.labels
737194975,6010,6034,train-task1-SI.labels
737194975,12531,12562,train-task1-SI.labels
737194975,28,48,train-task1-SI.labels
737194975,339,355,train-task1-SI.labels
737194975,600,675,train-task1-SI.labels
737194975,1142,1192,train-task1-SI.labels
737194975,1431,1439,train-task1-SI.labels
737194975,4807,4937,train-task1-SI.labels
737194975,5409,5449,train-task1-SI.labels
737194975,5451,5630,train-task1-SI.labels
737194975,5816,5818,train-task1-SI.labels
737194975,6035,6319,train-task1-SI.labels
737194975,7007,7014,train-task1-SI.labels
737194975,7504,7507,train-task1-SI.labels
737194975,7944,7967,train-task1-SI.labels
737194975,9260,9276,train-task1-SI.labels
737194975,11088,11127,train-task1-SI.labels
737194975,11129,11152,train-task1-SI.labels
737194975,12052,12201,train-task1-SI.labels
737194975,12580,12606,train-task1-SI.labels
737194975,12782,12797,train-task1-SI.labels
737194975,13117,13120,train-task1-SI.labels
737194975,12967,12970,train-task1-SI.labels
737194975,13289,13308,train-task1-SI.labels
737194975,10,25,train-task1-SI.labels
737194975,14080,14082,train-task1-SI.labels
737194975,14486,14493,train-task1-SI.labels
737194975,7210,7364,train-task1-SI.labels
737194975,2409,2429,train-task1-SI.labels
737194975,6321,6456,train-task1-SI.labels
737194975,6670,6817,train-task1-SI.labels
737194975,7712,7855,train-task1-SI.labels
737194975,9871,9883,train-task1-SI.labels
737194975,10692,10784,train-task1-SI.labels
737194975,11347,11359,train-task1-SI.labels
737194975,11525,11529,train-task1-SI.labels
737194975,11763,11862,train-task1-SI.labels
737194975,11983,11995,train-task1-SI.labels
737194975,12851,12891,train-task1-SI.labels
737194975,14288,14313,train-task1-SI.labels
737255982,46,61,train-task1-SI.labels
737255982,528,569,train-task1-SI.labels
737255982,606,621,train-task1-SI.labels
737255982,775,800,train-task1-SI.labels
737255982,860,888,train-task1-SI.labels
737255982,894,936,train-task1-SI.labels
737255982,2166,2189,train-task1-SI.labels
737255982,154,160,train-task1-SI.labels
737255982,2678,2717,train-task1-SI.labels
737255982,100,117,train-task1-SI.labels
737255982,1538,1642,train-task1-SI.labels
737255982,2412,2457,train-task1-SI.labels
737255982,2760,2774,train-task1-SI.labels
737457870,1730,1747,train-task1-SI.labels
737457870,1093,1129,train-task1-SI.labels
737457870,1024,1054,train-task1-SI.labels
737457870,1606,1713,train-task1-SI.labels
737457870,1410,1478,train-task1-SI.labels
737457870,2196,2464,train-task1-SI.labels
737457870,2850,2879,train-task1-SI.labels
737457870,2928,3027,train-task1-SI.labels
738060046,241,316,train-task1-SI.labels
738060046,0,82,train-task1-SI.labels
738060046,935,976,train-task1-SI.labels
738060046,978,1090,train-task1-SI.labels
738060046,1119,1157,train-task1-SI.labels
738060046,1379,1669,train-task1-SI.labels
738060046,1684,1726,train-task1-SI.labels
738060046,2150,2275,train-task1-SI.labels
738060046,553,662,train-task1-SI.labels
738060046,665,789,train-task1-SI.labels
738207834,559,572,train-task1-SI.labels
738207834,891,910,train-task1-SI.labels
738207834,1224,1239,train-task1-SI.labels
738207834,1320,1338,train-task1-SI.labels
738207834,1873,1936,train-task1-SI.labels
738207834,1972,2031,train-task1-SI.labels
738207834,2039,2092,train-task1-SI.labels
738207834,2462,2473,train-task1-SI.labels
738207834,2709,2725,train-task1-SI.labels
738207834,2983,2996,train-task1-SI.labels
738207834,3268,3308,train-task1-SI.labels
738207834,3609,3627,train-task1-SI.labels
738207834,5143,5169,train-task1-SI.labels
738207834,5692,5708,train-task1-SI.labels
738207834,6324,6347,train-task1-SI.labels
738207834,6870,6912,train-task1-SI.labels
738207834,7385,7413,train-task1-SI.labels
738207834,7594,7623,train-task1-SI.labels
738207834,8294,8311,train-task1-SI.labels
738207834,8599,8638,train-task1-SI.labels
738207834,9328,9350,train-task1-SI.labels
738207834,10874,10950,train-task1-SI.labels
738207834,11332,11350,train-task1-SI.labels
738207834,11495,11536,train-task1-SI.labels
738207834,11650,11713,train-task1-SI.labels
738207834,11821,11851,train-task1-SI.labels
738207834,12432,12450,train-task1-SI.labels
738207834,12473,12497,train-task1-SI.labels
738207834,12801,12836,train-task1-SI.labels
738207834,12876,12895,train-task1-SI.labels
738207834,13347,13373,train-task1-SI.labels
738207834,13819,13870,train-task1-SI.labels
738207834,14960,14987,train-task1-SI.labels
738207834,15231,15271,train-task1-SI.labels
738207834,15622,15639,train-task1-SI.labels
738207834,15645,15696,train-task1-SI.labels
738207834,16385,16414,train-task1-SI.labels
738207834,16520,16552,train-task1-SI.labels
738207834,16889,16956,train-task1-SI.labels
738207834,17728,17750,train-task1-SI.labels
738207834,17844,17880,train-task1-SI.labels
738207834,18762,18796,train-task1-SI.labels
738207834,18859,19112,train-task1-SI.labels
738207834,19301,19318,train-task1-SI.labels
738207834,19752,19776,train-task1-SI.labels
738207834,19841,20019,train-task1-SI.labels
738207834,20251,20279,train-task1-SI.labels
738207834,21073,21095,train-task1-SI.labels
738207834,21313,21350,train-task1-SI.labels
738207834,21604,21652,train-task1-SI.labels
738207834,22078,22114,train-task1-SI.labels
738207834,22676,22703,train-task1-SI.labels
738207834,22803,22834,train-task1-SI.labels
738207834,23402,23448,train-task1-SI.labels
738207834,23536,23584,train-task1-SI.labels
738207834,1634,1639,train-task1-SI.labels
738207834,2327,2361,train-task1-SI.labels
738207834,2363,2403,train-task1-SI.labels
738207834,3113,3134,train-task1-SI.labels
738207834,3174,3194,train-task1-SI.labels
738207834,4716,4739,train-task1-SI.labels
738207834,5912,6033,train-task1-SI.labels
738207834,6843,6861,train-task1-SI.labels
738207834,8398,8410,train-task1-SI.labels
738207834,9452,9463,train-task1-SI.labels
738207834,12146,12179,train-task1-SI.labels
738207834,14348,14409,train-task1-SI.labels
738207834,16817,16831,train-task1-SI.labels
738207834,18650,18713,train-task1-SI.labels
738207834,20737,20803,train-task1-SI.labels
738207834,21927,21940,train-task1-SI.labels
739091070,569,644,train-task1-SI.labels
739091070,1745,1763,train-task1-SI.labels
739091070,192,216,train-task1-SI.labels
739091070,245,252,train-task1-SI.labels
739091070,1395,1476,train-task1-SI.labels
739140767,758,802,train-task1-SI.labels
740356006,2410,2465,train-task1-SI.labels
740356006,2477,2707,train-task1-SI.labels
740356006,2953,2959,train-task1-SI.labels
740356006,2972,2979,train-task1-SI.labels
740356006,3120,3133,train-task1-SI.labels
740356006,374,389,train-task1-SI.labels
740356006,440,860,train-task1-SI.labels
740356006,642,665,train-task1-SI.labels
740356006,422,438,train-task1-SI.labels
740356006,216,240,train-task1-SI.labels
740356006,2342,2359,train-task1-SI.labels
740356006,2708,2847,train-task1-SI.labels
740356006,1854,1958,train-task1-SI.labels
740356006,2300,2334,train-task1-SI.labels
740356006,3174,3262,train-task1-SI.labels
740808926,0,26,train-task1-SI.labels
740808926,616,630,train-task1-SI.labels
740808926,713,831,train-task1-SI.labels
740808926,938,997,train-task1-SI.labels
740808926,94,111,train-task1-SI.labels
741655444,351,381,train-task1-SI.labels
741655444,383,522,train-task1-SI.labels
741655444,802,829,train-task1-SI.labels
741655444,1648,1670,train-task1-SI.labels
741655444,1924,1933,train-task1-SI.labels
741655444,2277,2320,train-task1-SI.labels
741802985,1786,1816,train-task1-SI.labels
741802985,0,116,train-task1-SI.labels
741802985,369,512,train-task1-SI.labels
741802985,354,366,train-task1-SI.labels
741802985,604,765,train-task1-SI.labels
741802985,514,602,train-task1-SI.labels
741802985,1902,1931,train-task1-SI.labels
741896049,972,1068,train-task1-SI.labels
741896049,1131,1237,train-task1-SI.labels
741923579,3083,3111,train-task1-SI.labels
741923579,3460,3527,train-task1-SI.labels
741923579,1441,1653,train-task1-SI.labels
741923579,2426,2763,train-task1-SI.labels
741923579,2765,2862,train-task1-SI.labels
741923579,1902,2063,train-task1-SI.labels
741923579,3292,3313,train-task1-SI.labels
741923579,3345,3354,train-task1-SI.labels
741923579,3356,3368,train-task1-SI.labels
741923579,3662,3691,train-task1-SI.labels
741923579,3877,3924,train-task1-SI.labels
752287274,327,341,train-task1-SI.labels
752287274,1508,1566,train-task1-SI.labels
752287274,1569,1590,train-task1-SI.labels
752287274,0,34,train-task1-SI.labels
752287274,1488,1494,train-task1-SI.labels
752287274,1833,1884,train-task1-SI.labels
752287274,2818,2838,train-task1-SI.labels
752287274,5207,5218,train-task1-SI.labels
752287274,5865,6089,train-task1-SI.labels
752287274,6563,6604,train-task1-SI.labels
752287274,6882,6904,train-task1-SI.labels
752287274,7141,7216,train-task1-SI.labels
752287274,7512,7547,train-task1-SI.labels
752287274,7552,7607,train-task1-SI.labels
752287274,1938,2026,train-task1-SI.labels
752287274,3360,3385,train-task1-SI.labels
752287274,6619,6636,train-task1-SI.labels
752287274,6798,6835,train-task1-SI.labels
754111899,972,978,train-task1-SI.labels
754131438,332,338,train-task1-SI.labels
754179642,214,263,train-task1-SI.labels
754179642,1928,1966,train-task1-SI.labels
754231597,171,231,train-task1-SI.labels
754402671,2645,2735,train-task1-SI.labels
755170235,359,368,train-task1-SI.labels
755170235,2778,2810,train-task1-SI.labels
755170235,4302,4319,train-task1-SI.labels
755170235,4575,4587,train-task1-SI.labels
755170235,5775,5900,train-task1-SI.labels
755393220,3964,3977,train-task1-SI.labels
755393220,4439,4447,train-task1-SI.labels
755393220,4244,4259,train-task1-SI.labels
755393220,4464,4485,train-task1-SI.labels
755393220,730,745,train-task1-SI.labels
755393220,2380,2389,train-task1-SI.labels
755393220,3047,3068,train-task1-SI.labels
755459860,345,352,train-task1-SI.labels
755459860,365,372,train-task1-SI.labels
755459860,652,661,train-task1-SI.labels
755459860,4451,4468,train-task1-SI.labels
755459860,7056,7068,train-task1-SI.labels
755459860,7222,7241,train-task1-SI.labels
755459860,7384,7390,train-task1-SI.labels
755459860,112,119,train-task1-SI.labels
755459860,81,110,train-task1-SI.labels
755459860,772,786,train-task1-SI.labels
755459860,6123,6139,train-task1-SI.labels
755459860,8032,8157,train-task1-SI.labels
755814432,3304,3321,train-task1-SI.labels
755814432,3178,3201,train-task1-SI.labels
755814432,1728,1735,train-task1-SI.labels
755814432,2538,2565,train-task1-SI.labels
755814432,1978,2004,train-task1-SI.labels
755814432,2418,2537,train-task1-SI.labels
755814432,3846,3937,train-task1-SI.labels
755814432,3938,3961,train-task1-SI.labels
756114837,3936,3945,train-task1-SI.labels
757171650,955,1003,train-task1-SI.labels
757171650,50,80,train-task1-SI.labels
757171650,176,194,train-task1-SI.labels
757171650,788,806,train-task1-SI.labels
757243988,339,350,train-task1-SI.labels
757243988,461,467,train-task1-SI.labels
757243988,1447,1457,train-task1-SI.labels
757243988,1658,1671,train-task1-SI.labels
757243988,2267,2276,train-task1-SI.labels
757243988,2635,2644,train-task1-SI.labels
757611486,3830,3838,train-task1-SI.labels
757611486,976,984,train-task1-SI.labels
757611486,1068,1077,train-task1-SI.labels
757611486,2319,2336,train-task1-SI.labels
757611486,993,1006,train-task1-SI.labels
757611486,3523,3536,train-task1-SI.labels
757611486,3696,3708,train-task1-SI.labels
757611486,3793,3803,train-task1-SI.labels
757611486,3850,3862,train-task1-SI.labels
757611486,5830,5846,train-task1-SI.labels
757611486,6078,6084,train-task1-SI.labels
757611486,6390,6402,train-task1-SI.labels
757611486,7167,7179,train-task1-SI.labels
757611486,7332,7346,train-task1-SI.labels
757611486,5212,5224,train-task1-SI.labels
757611486,583,598,train-task1-SI.labels
757611486,603,623,train-task1-SI.labels
757611486,3961,3971,train-task1-SI.labels
757713354,3626,3633,train-task1-SI.labels
757713354,3638,3649,train-task1-SI.labels
757713354,1317,1330,train-task1-SI.labels
757713354,46,55,train-task1-SI.labels
757713354,84,95,train-task1-SI.labels
757713354,192,203,train-task1-SI.labels
757713354,212,227,train-task1-SI.labels
757713354,304,311,train-task1-SI.labels
757713354,495,502,train-task1-SI.labels
757713354,522,537,train-task1-SI.labels
757713354,762,769,train-task1-SI.labels
757713354,959,970,train-task1-SI.labels
757713354,1050,1059,train-task1-SI.labels
757713354,1658,1679,train-task1-SI.labels
757713354,1751,1766,train-task1-SI.labels
757713354,1409,1428,train-task1-SI.labels
757713354,2446,2457,train-task1-SI.labels
757713354,3053,3065,train-task1-SI.labels
757713354,3141,3148,train-task1-SI.labels
757713354,3306,3354,train-task1-SI.labels
757713354,3513,3530,train-task1-SI.labels
757713354,3548,3584,train-task1-SI.labels
757713354,1073,1079,train-task1-SI.labels
757713354,3954,3973,train-task1-SI.labels
757843275,3263,3286,train-task1-SI.labels
757843275,640,653,train-task1-SI.labels
757843275,1240,1250,train-task1-SI.labels
757843275,147,208,train-task1-SI.labels
757843275,1049,1081,train-task1-SI.labels
757843275,2032,2087,train-task1-SI.labels
757843275,2666,2675,train-task1-SI.labels
757843275,2708,2767,train-task1-SI.labels
757964238,1726,1731,train-task1-SI.labels
757964238,497,514,train-task1-SI.labels
757964238,1732,1754,train-task1-SI.labels
757964238,988,996,train-task1-SI.labels
757964238,997,1019,train-task1-SI.labels
757964238,1778,1784,train-task1-SI.labels
757964238,1887,1894,train-task1-SI.labels
757964238,2071,2089,train-task1-SI.labels
757964238,2115,2128,train-task1-SI.labels
757964238,2175,2193,train-task1-SI.labels
757964238,2220,2232,train-task1-SI.labels
757964238,1028,1043,train-task1-SI.labels
758386255,1495,1500,train-task1-SI.labels
758386255,5097,5105,train-task1-SI.labels
758386255,5358,5366,train-task1-SI.labels
758386255,5826,5834,train-task1-SI.labels
758386255,28609,28626,train-task1-SI.labels
758386255,1142,1150,train-task1-SI.labels
758386255,1989,2006,train-task1-SI.labels
758386255,3706,3741,train-task1-SI.labels
758386255,5290,5304,train-task1-SI.labels
758386255,5453,5484,train-task1-SI.labels
758386255,5615,5635,train-task1-SI.labels
758386255,5793,5802,train-task1-SI.labels
758386255,6137,6178,train-task1-SI.labels
758386255,6525,6554,train-task1-SI.labels
758386255,7833,7925,train-task1-SI.labels
758386255,8445,8450,train-task1-SI.labels
758386255,8371,8378,train-task1-SI.labels
758386255,8386,8406,train-task1-SI.labels
758386255,8536,8544,train-task1-SI.labels
758386255,8642,8650,train-task1-SI.labels
758386255,8722,8730,train-task1-SI.labels
758386255,8915,8925,train-task1-SI.labels
758386255,8818,8826,train-task1-SI.labels
758386255,8947,8955,train-task1-SI.labels
758386255,9428,9436,train-task1-SI.labels
758386255,9484,9492,train-task1-SI.labels
758386255,9348,9356,train-task1-SI.labels
758386255,9544,9552,train-task1-SI.labels
758386255,9735,9745,train-task1-SI.labels
758386255,9779,9787,train-task1-SI.labels
758386255,9847,9855,train-task1-SI.labels
758386255,9954,9962,train-task1-SI.labels
758386255,10366,10374,train-task1-SI.labels
758386255,10166,10174,train-task1-SI.labels
758386255,27083,27093,train-task1-SI.labels
758386255,26689,26697,train-task1-SI.labels
758386255,26295,26303,train-task1-SI.labels
758386255,26487,26497,train-task1-SI.labels
758386255,17050,17060,train-task1-SI.labels
758386255,15781,15789,train-task1-SI.labels
758386255,14415,14425,train-task1-SI.labels
758386255,13799,13807,train-task1-SI.labels
758386255,13741,13749,train-task1-SI.labels
758386255,12732,12740,train-task1-SI.labels
758386255,12171,12179,train-task1-SI.labels
758386255,12607,12615,train-task1-SI.labels
758386255,10819,10827,train-task1-SI.labels
758386255,10607,10617,train-task1-SI.labels
758386255,15128,15143,train-task1-SI.labels
758386255,16657,16665,train-task1-SI.labels
758386255,28048,28053,train-task1-SI.labels
758386255,30476,30484,train-task1-SI.labels
758386255,30762,30777,train-task1-SI.labels
758386255,2021,2034,train-task1-SI.labels
758386255,6980,6990,train-task1-SI.labels
758386255,9143,9151,train-task1-SI.labels
758386255,16089,16101,train-task1-SI.labels
758386255,27716,27727,train-task1-SI.labels
758386255,31973,31989,train-task1-SI.labels
758472954,0,6,train-task1-SI.labels
758477392,193,207,train-task1-SI.labels
758477392,684,698,train-task1-SI.labels
758477392,2393,2406,train-task1-SI.labels
758477392,2475,2482,train-task1-SI.labels
758477392,2697,2703,train-task1-SI.labels
758477392,2922,2928,train-task1-SI.labels
758477392,2866,2879,train-task1-SI.labels
758477392,3172,3178,train-task1-SI.labels
758477392,3557,3573,train-task1-SI.labels
758477392,1017,1029,train-task1-SI.labels
758477392,2312,2325,train-task1-SI.labels
758477392,1481,1494,train-task1-SI.labels
758477392,3206,3219,train-task1-SI.labels
758512204,1490,1505,train-task1-SI.labels
758512204,430,468,train-task1-SI.labels
758512204,513,567,train-task1-SI.labels
758512204,1971,1982,train-task1-SI.labels
758512204,2441,2458,train-task1-SI.labels
758512204,5043,5076,train-task1-SI.labels
758512204,5223,5239,train-task1-SI.labels
758512204,5078,5131,train-task1-SI.labels
758512204,264,276,train-task1-SI.labels
758512204,280,343,train-task1-SI.labels
758512204,631,649,train-task1-SI.labels
758512204,655,675,train-task1-SI.labels
758512204,1450,1470,train-task1-SI.labels
758512204,1947,1964,train-task1-SI.labels
758512204,2003,2036,train-task1-SI.labels
758512204,2461,2486,train-task1-SI.labels
758512204,5157,5178,train-task1-SI.labels
758756657,5024,5036,train-task1-SI.labels
758756657,5302,5314,train-task1-SI.labels
758756657,62,69,train-task1-SI.labels
758756657,606,746,train-task1-SI.labels
758756657,4352,4361,train-task1-SI.labels
758756657,4376,4437,train-task1-SI.labels
758756657,4719,4725,train-task1-SI.labels
758756657,5295,5301,train-task1-SI.labels
758756657,5639,5649,train-task1-SI.labels
758756657,5811,5821,train-task1-SI.labels
758756657,6359,6369,train-task1-SI.labels
758756657,5870,5874,train-task1-SI.labels
758756657,5910,5931,train-task1-SI.labels
758756657,5989,5993,train-task1-SI.labels
758756657,6281,6285,train-task1-SI.labels
758756657,6301,6308,train-task1-SI.labels
758756657,6330,6347,train-task1-SI.labels
758756657,6373,6432,train-task1-SI.labels
758756657,481,513,train-task1-SI.labels
758756657,1243,1261,train-task1-SI.labels
758756657,6670,6702,train-task1-SI.labels
758756657,6703,6747,train-task1-SI.labels
758756657,6748,6781,train-task1-SI.labels
758812201,1473,1482,train-task1-SI.labels
759337941,133,182,train-task1-SI.labels
759337941,194,205,train-task1-SI.labels
759337941,1184,1219,train-task1-SI.labels
759337941,1226,1278,train-task1-SI.labels
759337941,35,61,train-task1-SI.labels
759337941,65,97,train-task1-SI.labels
759337941,113,131,train-task1-SI.labels
759337941,304,327,train-task1-SI.labels
759337941,348,361,train-task1-SI.labels
759337941,402,414,train-task1-SI.labels
759337941,418,481,train-task1-SI.labels
759337941,528,557,train-task1-SI.labels
759337941,1342,1360,train-task1-SI.labels
759337941,1369,1389,train-task1-SI.labels
759337941,1606,1621,train-task1-SI.labels
759337941,1777,1817,train-task1-SI.labels
759337941,2042,2063,train-task1-SI.labels
759337941,2380,2397,train-task1-SI.labels
759337941,2987,3010,train-task1-SI.labels
759337941,2064,2224,train-task1-SI.labels
759337941,99,111,train-task1-SI.labels
759468687,602,643,train-task1-SI.labels
759468687,724,800,train-task1-SI.labels
759468687,4492,4664,train-task1-SI.labels
759468687,435,456,train-task1-SI.labels
759468687,3122,3161,train-task1-SI.labels
759468687,0,13,train-task1-SI.labels
759468687,192,238,train-task1-SI.labels
759468687,317,345,train-task1-SI.labels
759468687,557,571,train-task1-SI.labels
759468687,916,955,train-task1-SI.labels
759468687,1638,1677,train-task1-SI.labels
759468687,1745,1828,train-task1-SI.labels
759468687,2107,2121,train-task1-SI.labels
759468687,2368,2387,train-task1-SI.labels
759468687,2405,2485,train-task1-SI.labels
759468687,2528,2545,train-task1-SI.labels
759468687,2630,2638,train-task1-SI.labels
759468687,2856,2894,train-task1-SI.labels
759468687,3069,3111,train-task1-SI.labels
759468687,3640,3645,train-task1-SI.labels
759468687,3509,3638,train-task1-SI.labels
759468687,4028,4047,train-task1-SI.labels
759468687,3698,3718,train-task1-SI.labels
759468687,4050,4209,train-task1-SI.labels
759468687,4331,4479,train-task1-SI.labels
759468687,119,127,train-task1-SI.labels
759478604,35,46,train-task1-SI.labels
759478604,1312,1323,train-task1-SI.labels
759478604,1696,1704,train-task1-SI.labels
759478604,8701,8707,train-task1-SI.labels
759478604,12527,12534,train-task1-SI.labels
759478604,14664,14676,train-task1-SI.labels
759478604,12783,12825,train-task1-SI.labels
759478604,244,264,train-task1-SI.labels
759478604,1407,1414,train-task1-SI.labels
759478604,1746,1757,train-task1-SI.labels
759478604,2451,2548,train-task1-SI.labels
759478604,4303,4386,train-task1-SI.labels
759478604,5052,5083,train-task1-SI.labels
759478604,9407,9420,train-task1-SI.labels
759478604,9832,9859,train-task1-SI.labels
759478604,10856,10866,train-task1-SI.labels
759478604,10752,10759,train-task1-SI.labels
759478604,12559,12579,train-task1-SI.labels
759478604,13700,13717,train-task1-SI.labels
759478604,2551,2581,train-task1-SI.labels
759478604,2609,2640,train-task1-SI.labels
759478604,8430,8438,train-task1-SI.labels
759478604,11614,11639,train-task1-SI.labels
759478604,12165,12190,train-task1-SI.labels
759478604,14704,14729,train-task1-SI.labels
761334950,726,736,train-task1-SI.labels
761334950,1154,1164,train-task1-SI.labels
761334950,2207,2221,train-task1-SI.labels
761334950,2343,2353,train-task1-SI.labels
761334950,2899,2916,train-task1-SI.labels
761334950,5837,5872,train-task1-SI.labels
761334950,14078,14088,train-task1-SI.labels
761334950,14144,14156,train-task1-SI.labels
761334950,15508,15534,train-task1-SI.labels
761334950,16086,16116,train-task1-SI.labels
761334950,1306,1325,train-task1-SI.labels
761334950,16377,16385,train-task1-SI.labels
761334950,17133,17143,train-task1-SI.labels
761334950,21111,21119,train-task1-SI.labels
761546223,37,45,train-task1-SI.labels
761546223,269,280,train-task1-SI.labels
761546223,1583,1595,train-task1-SI.labels
761546223,3450,3457,train-task1-SI.labels
761546223,203,246,train-task1-SI.labels
761546223,607,614,train-task1-SI.labels
761546223,716,726,train-task1-SI.labels
761546223,839,846,train-task1-SI.labels
761546223,1788,1797,train-task1-SI.labels
761546223,158,171,train-task1-SI.labels
761546223,513,526,train-task1-SI.labels
761546223,483,496,train-task1-SI.labels
761546223,688,701,train-task1-SI.labels
761546223,1989,1999,train-task1-SI.labels
761546223,2556,2569,train-task1-SI.labels
761546223,4012,4025,train-task1-SI.labels
761546223,4627,4640,train-task1-SI.labels
761546223,2949,2962,train-task1-SI.labels
761546223,3235,3248,train-task1-SI.labels
761546223,3422,3435,train-task1-SI.labels
761546223,2631,2653,train-task1-SI.labels
761546223,4484,4506,train-task1-SI.labels
761546223,388,397,train-task1-SI.labels
761546223,406,415,train-task1-SI.labels
761546223,441,449,train-task1-SI.labels
761546223,4169,4180,train-task1-SI.labels
761546223,3272,3286,train-task1-SI.labels
761546223,4271,4284,train-task1-SI.labels
761546223,72,85,train-task1-SI.labels
761564397,2749,2825,train-task1-SI.labels
761564397,4178,4192,train-task1-SI.labels
761610997,513,521,train-task1-SI.labels
761610997,1157,1161,train-task1-SI.labels
761610997,1977,1992,train-task1-SI.labels
761610997,1886,1891,train-task1-SI.labels
761610997,190,244,train-task1-SI.labels
761610997,1222,1325,train-task1-SI.labels
761610997,1843,1856,train-task1-SI.labels
761610997,2045,2049,train-task1-SI.labels
761610997,2202,2209,train-task1-SI.labels
761610997,2381,2413,train-task1-SI.labels
761610997,2604,2827,train-task1-SI.labels
761610997,3663,3719,train-task1-SI.labels
761610997,4112,4184,train-task1-SI.labels
761610997,5045,5071,train-task1-SI.labels
761610997,617,634,train-task1-SI.labels
761610997,640,664,train-task1-SI.labels
761610997,4604,4614,train-task1-SI.labels
761674108,2560,2574,train-task1-SI.labels
761674108,3771,3781,train-task1-SI.labels
761674108,3803,3812,train-task1-SI.labels
761674108,539,585,train-task1-SI.labels
761674108,698,716,train-task1-SI.labels
761674108,906,947,train-task1-SI.labels
761674108,975,993,train-task1-SI.labels
761674108,1041,1070,train-task1-SI.labels
761674108,1125,1133,train-task1-SI.labels
761674108,1153,1182,train-task1-SI.labels
761674108,1396,1404,train-task1-SI.labels
761674108,1527,1543,train-task1-SI.labels
761674108,1549,1615,train-task1-SI.labels
761674108,1690,1723,train-task1-SI.labels
761674108,1902,1960,train-task1-SI.labels
761674108,2267,2292,train-task1-SI.labels
761674108,2478,2487,train-task1-SI.labels
761674108,2880,2888,train-task1-SI.labels
761674108,2892,2899,train-task1-SI.labels
761674108,3038,3047,train-task1-SI.labels
761674108,3286,3295,train-task1-SI.labels
761674108,3300,3306,train-task1-SI.labels
761674108,3319,3330,train-task1-SI.labels
761674108,3465,3473,train-task1-SI.labels
761674108,3479,3513,train-task1-SI.labels
761674108,3674,3681,train-task1-SI.labels
761674108,4236,4244,train-task1-SI.labels
761674108,4097,4235,train-task1-SI.labels
761674108,4529,4664,train-task1-SI.labels
761674108,4666,4715,train-task1-SI.labels
761674108,4725,4749,train-task1-SI.labels
761674108,2138,2148,train-task1-SI.labels
761674108,2424,2451,train-task1-SI.labels
761674108,2489,2517,train-task1-SI.labels
761674108,2519,2544,train-task1-SI.labels
761674108,2630,2660,train-task1-SI.labels
761674108,3578,3626,train-task1-SI.labels
761674108,3522,3530,train-task1-SI.labels
761674108,4083,4095,train-task1-SI.labels
761780613,783,834,train-task1-SI.labels
761780613,887,899,train-task1-SI.labels
761874505,2312,2388,train-task1-SI.labels
761874505,1831,1872,train-task1-SI.labels
761874505,1905,1976,train-task1-SI.labels
761874505,2725,2782,train-task1-SI.labels
761874505,2858,2862,train-task1-SI.labels
761874505,2921,2937,train-task1-SI.labels
761897089,4638,4650,train-task1-SI.labels
761897089,4692,4711,train-task1-SI.labels
761897089,4565,4576,train-task1-SI.labels
761897089,4475,4484,train-task1-SI.labels
761897089,3490,3506,train-task1-SI.labels
761897089,4511,4529,train-task1-SI.labels
761897089,3636,3712,train-task1-SI.labels
761897089,4629,4637,train-task1-SI.labels
761897089,4586,4593,train-task1-SI.labels
761897089,4138,4148,train-task1-SI.labels
761897089,3364,3371,train-task1-SI.labels
761897089,1775,1816,train-task1-SI.labels
761897089,1849,1920,train-task1-SI.labels
761968851,3843,3984,train-task1-SI.labels
761968851,5797,5816,train-task1-SI.labels
761968851,149,172,train-task1-SI.labels
761968851,993,1069,train-task1-SI.labels
761968851,1641,1660,train-task1-SI.labels
761968851,5243,5254,train-task1-SI.labels
761968851,5950,5969,train-task1-SI.labels
761968851,6237,6257,train-task1-SI.labels
761968851,6389,6408,train-task1-SI.labels
761968851,7163,7170,train-task1-SI.labels
761968851,755,774,train-task1-SI.labels
761968851,787,804,train-task1-SI.labels
761968851,4199,4205,train-task1-SI.labels
761968851,5258,5274,train-task1-SI.labels
761969038,5552,5571,train-task1-SI.labels
761969038,119,141,train-task1-SI.labels
761969038,305,321,train-task1-SI.labels
761969038,1755,1783,train-task1-SI.labels
761969038,4048,4053,train-task1-SI.labels
761969038,4149,4170,train-task1-SI.labels
761969038,4271,4292,train-task1-SI.labels
761969038,4521,4541,train-task1-SI.labels
761969038,5614,5663,train-task1-SI.labels
761969038,1971,2046,train-task1-SI.labels
761969038,4391,4412,train-task1-SI.labels
761969692,601,725,train-task1-SI.labels
761969692,1894,1907,train-task1-SI.labels
761969692,2291,2489,train-task1-SI.labels
761969692,6522,6541,train-task1-SI.labels
761969692,393,404,train-task1-SI.labels
761969692,482,492,train-task1-SI.labels
761969692,2057,2089,train-task1-SI.labels
761969692,2993,3013,train-task1-SI.labels
761969692,3017,3033,train-task1-SI.labels
761969692,4010,4090,train-task1-SI.labels
761969692,5796,5816,train-task1-SI.labels
761969692,5915,5935,train-task1-SI.labels
761969692,6064,6084,train-task1-SI.labels
761969692,6636,6662,train-task1-SI.labels
761969692,1557,1574,train-task1-SI.labels
761969692,2005,2043,train-task1-SI.labels
761969692,2276,2289,train-task1-SI.labels
761969692,2858,2885,train-task1-SI.labels
762147609,531,546,train-task1-SI.labels
762147609,8629,8648,train-task1-SI.labels
762147609,648,660,train-task1-SI.labels
762147609,3287,3292,train-task1-SI.labels
762147609,4034,4046,train-task1-SI.labels
762147609,2113,2122,train-task1-SI.labels
762147609,3108,3117,train-task1-SI.labels
762147609,3930,3939,train-task1-SI.labels
762147609,1298,1314,train-task1-SI.labels
762147609,2160,2290,train-task1-SI.labels
762147609,3800,3836,train-task1-SI.labels
762152527,1412,1423,train-task1-SI.labels
762152527,2017,2026,train-task1-SI.labels
762152527,1121,1166,train-task1-SI.labels
762152527,863,897,train-task1-SI.labels
762152527,1502,1535,train-task1-SI.labels
762152527,1802,1827,train-task1-SI.labels
762152527,1870,1912,train-task1-SI.labels
762152527,1914,1953,train-task1-SI.labels
762152527,898,975,train-task1-SI.labels
762160164,522,532,train-task1-SI.labels
762160164,595,618,train-task1-SI.labels
762160164,2414,2435,train-task1-SI.labels
762160164,2470,2493,train-task1-SI.labels
762160164,2572,2581,train-task1-SI.labels
762160164,3115,3122,train-task1-SI.labels
762160164,3164,3171,train-task1-SI.labels
762160164,3185,3194,train-task1-SI.labels
762160164,1540,1543,train-task1-SI.labels
762160164,2520,2529,train-task1-SI.labels
762200179,6609,6625,train-task1-SI.labels
762200179,6715,6731,train-task1-SI.labels
762200179,6804,6820,train-task1-SI.labels
762200179,6884,6900,train-task1-SI.labels
762200179,663,678,train-task1-SI.labels
762200179,1300,1306,train-task1-SI.labels
762200179,6376,6386,train-task1-SI.labels
762200179,6417,6424,train-task1-SI.labels
762200179,3915,3920,train-task1-SI.labels
762200179,6074,6077,train-task1-SI.labels
762200179,6195,6198,train-task1-SI.labels
762206044,2378,2397,train-task1-SI.labels
762206044,2791,2808,train-task1-SI.labels
762206044,4136,4157,train-task1-SI.labels
762206044,7183,7194,train-task1-SI.labels
762206044,9251,9263,train-task1-SI.labels
762206044,7945,8168,train-task1-SI.labels
762206044,35,48,train-task1-SI.labels
762206044,62,105,train-task1-SI.labels
762206044,246,287,train-task1-SI.labels
762206044,291,304,train-task1-SI.labels
762206044,1864,1879,train-task1-SI.labels
762206044,1947,1972,train-task1-SI.labels
762206044,2107,2120,train-task1-SI.labels
762206044,3175,3197,train-task1-SI.labels
762206044,4046,4083,train-task1-SI.labels
762206044,4330,4352,train-task1-SI.labels
762206044,5051,5127,train-task1-SI.labels
762206044,6682,6692,train-task1-SI.labels
762206044,7412,7426,train-task1-SI.labels
762206044,9136,9185,train-task1-SI.labels
762206044,10685,10700,train-task1-SI.labels
762340819,8,15,train-task1-SI.labels
762340819,17,27,train-task1-SI.labels
762340819,1604,1613,train-task1-SI.labels
762340819,1861,1893,train-task1-SI.labels
762340819,2258,2287,train-task1-SI.labels
762340819,1184,1191,train-task1-SI.labels
762340819,1454,1461,train-task1-SI.labels
762340819,2515,2522,train-task1-SI.labels
762340819,3164,3171,train-task1-SI.labels
762340819,3532,3539,train-task1-SI.labels
762340819,3625,3632,train-task1-SI.labels
762340819,3657,3664,train-task1-SI.labels
762340819,1536,1567,train-task1-SI.labels
762340819,2377,2389,train-task1-SI.labels
762340819,3284,3302,train-task1-SI.labels
762340819,3875,3901,train-task1-SI.labels
762340819,3934,3944,train-task1-SI.labels
762340819,336,346,train-task1-SI.labels
762340819,1763,1782,train-task1-SI.labels
762340819,3568,3579,train-task1-SI.labels
762340819,3581,3588,train-task1-SI.labels
762340819,3590,3599,train-task1-SI.labels
762340819,3902,3914,train-task1-SI.labels
762340819,4639,4650,train-task1-SI.labels
762546428,371,383,train-task1-SI.labels
762546428,965,981,train-task1-SI.labels
762546428,3326,3341,train-task1-SI.labels
762546428,76,84,train-task1-SI.labels
762546428,110,122,train-task1-SI.labels
762546428,274,280,train-task1-SI.labels
762546428,1172,1180,train-task1-SI.labels
762546428,1391,1398,train-task1-SI.labels
762546428,3091,3099,train-task1-SI.labels
762546428,3238,3251,train-task1-SI.labels
762546428,3273,3284,train-task1-SI.labels
762546428,1230,1239,train-task1-SI.labels
762546428,1284,1296,train-task1-SI.labels
762546428,2153,2161,train-task1-SI.labels
762546428,2420,2427,train-task1-SI.labels
762546428,1727,1734,train-task1-SI.labels
762546428,309,318,train-task1-SI.labels
762546428,248,262,train-task1-SI.labels
762546428,1301,1315,train-task1-SI.labels
762546428,2580,2594,train-task1-SI.labels
762546428,333,341,train-task1-SI.labels
762546428,1158,1166,train-task1-SI.labels
762546428,1247,1265,train-task1-SI.labels
762546428,2652,2713,train-task1-SI.labels
762546428,2890,2943,train-task1-SI.labels
762546428,692,700,train-task1-SI.labels
762546428,3288,3299,train-task1-SI.labels
762546428,185,211,train-task1-SI.labels
762956953,630,669,train-task1-SI.labels
763260610,970,981,train-task1-SI.labels
763260610,1284,1363,train-task1-SI.labels
763260610,2205,2238,train-task1-SI.labels
763260610,3031,3086,train-task1-SI.labels
763260610,4166,4190,train-task1-SI.labels
763260610,4192,4309,train-task1-SI.labels
763260610,4724,4742,train-task1-SI.labels
763260610,6409,6450,train-task1-SI.labels
763260610,9302,9329,train-task1-SI.labels
763260610,9405,9459,train-task1-SI.labels
763260610,9460,9471,train-task1-SI.labels
763260610,10436,10444,train-task1-SI.labels
763260610,14328,14403,train-task1-SI.labels
763260610,2812,2868,train-task1-SI.labels
763260610,3956,3996,train-task1-SI.labels
763260610,4819,4851,train-task1-SI.labels
763260610,8129,8166,train-task1-SI.labels
763260610,8247,8265,train-task1-SI.labels
763260610,9160,9176,train-task1-SI.labels
763260610,10568,10629,train-task1-SI.labels
763260610,0,17,train-task1-SI.labels
763260610,254,290,train-task1-SI.labels
763260610,705,719,train-task1-SI.labels
763260610,1053,1105,train-task1-SI.labels
763260610,1365,1375,train-task1-SI.labels
763260610,1411,1424,train-task1-SI.labels
763260610,1470,1483,train-task1-SI.labels
763260610,1516,1529,train-task1-SI.labels
763260610,1593,1619,train-task1-SI.labels
763260610,1621,1675,train-task1-SI.labels
763260610,2132,2150,train-task1-SI.labels
763260610,2311,2359,train-task1-SI.labels
763260610,2430,2443,train-task1-SI.labels
763260610,3559,3589,train-task1-SI.labels
763260610,3782,3801,train-task1-SI.labels
763260610,3911,3931,train-task1-SI.labels
763260610,4015,4037,train-task1-SI.labels
763260610,4369,4390,train-task1-SI.labels
763260610,3134,3156,train-task1-SI.labels
763260610,4500,4518,train-task1-SI.labels
763260610,4639,4664,train-task1-SI.labels
763260610,5066,5120,train-task1-SI.labels
763260610,5391,5423,train-task1-SI.labels
763260610,5495,5554,train-task1-SI.labels
763260610,5881,5892,train-task1-SI.labels
763260610,6160,6182,train-task1-SI.labels
763260610,6230,6271,train-task1-SI.labels
763260610,6660,6740,train-task1-SI.labels
763260610,6845,6907,train-task1-SI.labels
763260610,7459,7495,train-task1-SI.labels
763260610,7661,7680,train-task1-SI.labels
763260610,7606,7639,train-task1-SI.labels
763260610,7890,7931,train-task1-SI.labels
763260610,8032,8048,train-task1-SI.labels
763260610,8777,8790,train-task1-SI.labels
763260610,8957,8999,train-task1-SI.labels
763260610,9186,9203,train-task1-SI.labels
763260610,9362,9378,train-task1-SI.labels
763260610,9689,9714,train-task1-SI.labels
763260610,9818,9846,train-task1-SI.labels
763260610,9916,9946,train-task1-SI.labels
763260610,9967,10009,train-task1-SI.labels
763260610,10201,10274,train-task1-SI.labels
763260610,10457,10469,train-task1-SI.labels
763260610,11055,11168,train-task1-SI.labels
763260610,11280,11303,train-task1-SI.labels
763260610,12230,12261,train-task1-SI.labels
763260610,12529,12547,train-task1-SI.labels
763260610,13164,13180,train-task1-SI.labels
763260610,13644,13675,train-task1-SI.labels
763260610,13771,13837,train-task1-SI.labels
763260610,14075,14095,train-task1-SI.labels
763260610,14289,14314,train-task1-SI.labels
763260610,14424,14441,train-task1-SI.labels
763260610,3811,3868,train-task1-SI.labels
763260610,10177,10186,train-task1-SI.labels
763440871,843,866,train-task1-SI.labels
763440871,45,60,train-task1-SI.labels
763440871,1705,1713,train-task1-SI.labels
763440871,1719,1727,train-task1-SI.labels
763440871,1859,1868,train-task1-SI.labels
763440871,727,734,train-task1-SI.labels
763440871,1371,1381,train-task1-SI.labels
763440871,478,493,train-task1-SI.labels
763440871,934,942,train-task1-SI.labels
763440871,1536,1545,train-task1-SI.labels
763440871,3228,3359,train-task1-SI.labels
763440871,3339,3347,train-task1-SI.labels
763440871,1825,1853,train-task1-SI.labels
763440871,980,988,train-task1-SI.labels
763440871,2472,2491,train-task1-SI.labels
763761219,1875,1890,train-task1-SI.labels
763761219,116,140,train-task1-SI.labels
763761219,1452,1465,train-task1-SI.labels
763761219,1645,1658,train-task1-SI.labels
763761219,2295,2306,train-task1-SI.labels
764518567,6123,6139,train-task1-SI.labels
764518567,6460,6476,train-task1-SI.labels
764518567,6669,6685,train-task1-SI.labels
764518567,6919,6935,train-task1-SI.labels
764518567,1113,1133,train-task1-SI.labels
764518567,5809,5826,train-task1-SI.labels
764518567,7942,7961,train-task1-SI.labels
764518567,2954,2972,train-task1-SI.labels
764518567,5832,5850,train-task1-SI.labels
764518567,1924,1933,train-task1-SI.labels
764518567,2303,2349,train-task1-SI.labels
764518567,5191,5208,train-task1-SI.labels
764518567,5887,5903,train-task1-SI.labels
764518567,8001,8054,train-task1-SI.labels
764518567,9804,9833,train-task1-SI.labels
764518567,11690,11756,train-task1-SI.labels
764518567,1258,1266,train-task1-SI.labels
764518567,4804,4852,train-task1-SI.labels
764518567,6093,6111,train-task1-SI.labels
764518567,8365,8402,train-task1-SI.labels
764518567,9264,9272,train-task1-SI.labels
764518567,10680,10702,train-task1-SI.labels
764609985,7112,7118,train-task1-SI.labels
764609985,7224,7235,train-task1-SI.labels
764609985,675,694,train-task1-SI.labels
764609985,6332,6366,train-task1-SI.labels
764609985,5496,5541,train-task1-SI.labels
764609985,5513,5522,train-task1-SI.labels
764609985,8747,8765,train-task1-SI.labels
764609985,10403,10413,train-task1-SI.labels
764609985,288,296,train-task1-SI.labels
764609985,500,507,train-task1-SI.labels
764609985,1681,1685,train-task1-SI.labels
764609985,2352,2362,train-task1-SI.labels
764609985,2463,2471,train-task1-SI.labels
764609985,2550,2764,train-task1-SI.labels
764609985,2992,3003,train-task1-SI.labels
764609985,3574,3578,train-task1-SI.labels
764609985,3701,3707,train-task1-SI.labels
764609985,4675,4681,train-task1-SI.labels
764609985,4924,4933,train-task1-SI.labels
764609985,5891,6090,train-task1-SI.labels
764609985,8497,8514,train-task1-SI.labels
764609985,10188,10225,train-task1-SI.labels
764609985,7247,7251,train-task1-SI.labels
764609985,8701,8718,train-task1-SI.labels
764609985,11038,11048,train-task1-SI.labels
764664283,3743,3755,train-task1-SI.labels
764664283,3925,3946,train-task1-SI.labels
764664283,5611,5631,train-task1-SI.labels
764664283,6383,6393,train-task1-SI.labels
764664283,7391,7405,train-task1-SI.labels
764664283,1394,1405,train-task1-SI.labels
764664283,3760,3770,train-task1-SI.labels
764664283,7045,7053,train-task1-SI.labels
764664283,7229,7292,train-task1-SI.labels
764664283,451,476,train-task1-SI.labels
764664283,1184,1205,train-task1-SI.labels
764664283,4110,4131,train-task1-SI.labels
764664283,5538,5571,train-task1-SI.labels
764664283,5580,5596,train-task1-SI.labels
764664283,6058,6108,train-task1-SI.labels
764664283,7568,7635,train-task1-SI.labels
764664283,125,303,train-task1-SI.labels
764664283,7720,7854,train-task1-SI.labels
764664283,2529,2664,train-task1-SI.labels
764664283,0,34,train-task1-SI.labels
764664283,3496,3521,train-task1-SI.labels
764664283,7337,7367,train-task1-SI.labels
764664283,1364,1383,train-task1-SI.labels
764664283,1481,1634,train-task1-SI.labels
764664283,5196,5228,train-task1-SI.labels
764664283,1092,1128,train-task1-SI.labels
764664283,2413,2426,train-task1-SI.labels
764664283,2150,2287,train-task1-SI.labels
764664283,4063,4098,train-task1-SI.labels
764664283,5676,5823,train-task1-SI.labels
764664283,5285,5372,train-task1-SI.labels
764664283,5502,5537,train-task1-SI.labels
764664283,6960,7008,train-task1-SI.labels
764664283,1636,1722,train-task1-SI.labels
764664283,2666,2747,train-task1-SI.labels
764664283,2749,2895,train-task1-SI.labels
764664283,3624,3714,train-task1-SI.labels
764664283,591,698,train-task1-SI.labels
764664283,872,960,train-task1-SI.labels
764664283,4314,4389,train-task1-SI.labels
764664283,1928,1964,train-task1-SI.labels
764664283,3535,3591,train-task1-SI.labels
764664283,5825,5894,train-task1-SI.labels
764715911,4380,4391,train-task1-SI.labels
764715911,4015,4028,train-task1-SI.labels
764715911,2859,2916,train-task1-SI.labels
764715911,132,142,train-task1-SI.labels
764715911,254,348,train-task1-SI.labels
764715911,937,1001,train-task1-SI.labels
764715911,1667,1713,train-task1-SI.labels
764715911,3722,3734,train-task1-SI.labels
764715911,6379,6427,train-task1-SI.labels
764715911,6958,6981,train-task1-SI.labels
764715911,6832,6852,train-task1-SI.labels
764715911,7265,7459,train-task1-SI.labels
764715911,7652,7700,train-task1-SI.labels
764715911,573,584,train-task1-SI.labels
764715911,1728,1734,train-task1-SI.labels
764715911,2558,2561,train-task1-SI.labels
764715911,5779,5788,train-task1-SI.labels
764715911,6646,6649,train-task1-SI.labels
764715911,7479,7513,train-task1-SI.labels
764715911,7514,7597,train-task1-SI.labels
765029945,1412,1423,train-task1-SI.labels
765029945,1618,1642,train-task1-SI.labels
765029945,334,400,train-task1-SI.labels
765029945,424,470,train-task1-SI.labels
765029945,677,687,train-task1-SI.labels
765029945,746,765,train-task1-SI.labels
765029945,251,329,train-task1-SI.labels
765029945,1114,1129,train-task1-SI.labels
765029945,1326,1339,train-task1-SI.labels
765029945,1502,1561,train-task1-SI.labels
765029945,1643,1650,train-task1-SI.labels
765029945,1590,1603,train-task1-SI.labels
765029945,873,877,train-task1-SI.labels
765029945,951,955,train-task1-SI.labels
765029945,1043,1047,train-task1-SI.labels
765029945,1375,1379,train-task1-SI.labels
765197039,2091,2505,train-task1-SI.labels
765197039,4094,4541,train-task1-SI.labels
765197039,907,911,train-task1-SI.labels
765197039,3299,4011,train-task1-SI.labels
765197039,3835,3855,train-task1-SI.labels
765197039,4223,4259,train-task1-SI.labels
765197039,403,435,train-task1-SI.labels
765197039,3004,3031,train-task1-SI.labels
765197039,3897,3904,train-task1-SI.labels
765197039,4290,4351,train-task1-SI.labels
765197039,4726,4789,train-task1-SI.labels
765197039,446,469,train-task1-SI.labels
765197039,1245,1252,train-task1-SI.labels
765197039,1338,1352,train-task1-SI.labels
765197039,2270,2282,train-task1-SI.labels
765197039,3208,3230,train-task1-SI.labels
765197039,3385,3397,train-task1-SI.labels
765197039,3725,3740,train-task1-SI.labels
765197039,3909,3929,train-task1-SI.labels
765197039,568,904,train-task1-SI.labels
765197039,1961,2088,train-task1-SI.labels
765197039,2609,2629,train-task1-SI.labels
765197039,2631,2879,train-task1-SI.labels
765197039,187,289,train-task1-SI.labels
765197039,1004,1048,train-task1-SI.labels
765197039,1058,1143,train-task1-SI.labels
765197039,2306,2343,train-task1-SI.labels
765197039,2444,2505,train-task1-SI.labels
765197039,4572,4603,train-task1-SI.labels
765197039,330,368,train-task1-SI.labels
765197039,2507,2591,train-task1-SI.labels
765197039,2881,2962,train-task1-SI.labels
765197039,4605,4724,train-task1-SI.labels
765385479,16,85,train-task1-SI.labels
765385479,522,537,train-task1-SI.labels
765385479,982,1059,train-task1-SI.labels
765385479,2100,2117,train-task1-SI.labels
765385479,2422,2440,train-task1-SI.labels
765385479,2690,2722,train-task1-SI.labels
765385479,3435,3495,train-task1-SI.labels
765385479,3790,3820,train-task1-SI.labels
765385479,3827,3886,train-task1-SI.labels
765385479,4225,4243,train-task1-SI.labels
765385479,4246,4270,train-task1-SI.labels
765385479,5347,5383,train-task1-SI.labels
765385479,5932,5950,train-task1-SI.labels
765385479,6924,6977,train-task1-SI.labels
765385479,7005,7052,train-task1-SI.labels
765385479,9479,9499,train-task1-SI.labels
765385479,4441,4461,train-task1-SI.labels
765385479,6478,6496,train-task1-SI.labels
765385479,6559,6573,train-task1-SI.labels
765385479,8431,8458,train-task1-SI.labels
765385479,206,375,train-task1-SI.labels
765385479,564,630,train-task1-SI.labels
765385479,917,965,train-task1-SI.labels
765385479,1081,1086,train-task1-SI.labels
765385479,1630,1651,train-task1-SI.labels
765385479,1759,1848,train-task1-SI.labels
765385479,1889,1903,train-task1-SI.labels
765385479,1905,1923,train-task1-SI.labels
765385479,2321,2341,train-task1-SI.labels
765385479,2346,2374,train-task1-SI.labels
765385479,2497,2578,train-task1-SI.labels
765385479,2611,2658,train-task1-SI.labels
765385479,2756,2777,train-task1-SI.labels
765385479,2779,2972,train-task1-SI.labels
765385479,3279,3305,train-task1-SI.labels
765385479,3522,3544,train-task1-SI.labels
765385479,3725,3748,train-task1-SI.labels
765385479,3750,3771,train-task1-SI.labels
765385479,3889,3968,train-task1-SI.labels
765385479,4028,4046,train-task1-SI.labels
765385479,4272,4286,train-task1-SI.labels
765385479,4322,4338,train-task1-SI.labels
765385479,4354,4394,train-task1-SI.labels
765385479,4396,4416,train-task1-SI.labels
765385479,4476,4585,train-task1-SI.labels
765385479,4809,4869,train-task1-SI.labels
765385479,5144,5164,train-task1-SI.labels
765385479,5171,5201,train-task1-SI.labels
765385479,5316,5335,train-task1-SI.labels
765385479,5743,5762,train-task1-SI.labels
765385479,6160,6180,train-task1-SI.labels
765385479,6205,6225,train-task1-SI.labels
765385479,6286,6335,train-task1-SI.labels
765385479,6337,6442,train-task1-SI.labels
765385479,6686,6700,train-task1-SI.labels
765385479,6818,6840,train-task1-SI.labels
765385479,6900,6922,train-task1-SI.labels
765385479,7352,7484,train-task1-SI.labels
765385479,7498,7590,train-task1-SI.labels
765385479,7634,7678,train-task1-SI.labels
765385479,7610,7625,train-task1-SI.labels
765385479,7793,7836,train-task1-SI.labels
765385479,7853,8050,train-task1-SI.labels
765385479,8233,8248,train-task1-SI.labels
765385479,8277,8307,train-task1-SI.labels
765385479,9397,9418,train-task1-SI.labels
765385479,9784,9804,train-task1-SI.labels
765385479,9119,9372,train-task1-SI.labels
765385479,10444,10686,train-task1-SI.labels
765385479,2120,2210,train-task1-SI.labels
765385479,9856,9902,train-task1-SI.labels
765913191,361,370,train-task1-SI.labels
765913191,3844,3864,train-task1-SI.labels
765913191,5077,5119,train-task1-SI.labels
765913191,6575,6584,train-task1-SI.labels
765913191,4502,4536,train-task1-SI.labels
765913191,601,612,train-task1-SI.labels
765913191,255,347,train-task1-SI.labels
765913191,710,722,train-task1-SI.labels
765913191,3587,3621,train-task1-SI.labels
765913191,4244,4252,train-task1-SI.labels
765913191,5827,5905,train-task1-SI.labels
765913191,6357,6376,train-task1-SI.labels
765913191,6957,6974,train-task1-SI.labels
765913191,6999,7038,train-task1-SI.labels
765913191,6739,6882,train-task1-SI.labels
765913191,777,787,train-task1-SI.labels
765913191,3422,3432,train-task1-SI.labels
765913191,6979,6989,train-task1-SI.labels
765913191,1461,1513,train-task1-SI.labels
765913191,3730,3750,train-task1-SI.labels
765913191,4891,4911,train-task1-SI.labels
765913191,5596,5599,train-task1-SI.labels
765913191,5800,5803,train-task1-SI.labels
765913191,6527,6530,train-task1-SI.labels
765953146,2168,2186,train-task1-SI.labels
765953146,787,816,train-task1-SI.labels
765953146,982,1011,train-task1-SI.labels
765953146,1099,1110,train-task1-SI.labels
765953146,2193,2209,train-task1-SI.labels
765953146,5320,5335,train-task1-SI.labels
765953146,2497,2507,train-task1-SI.labels
765982381,2063,2106,train-task1-SI.labels
765982381,3364,3566,train-task1-SI.labels
765982381,6856,6882,train-task1-SI.labels
765982381,2851,2932,train-task1-SI.labels
765982381,4183,4248,train-task1-SI.labels
765982381,4494,4523,train-task1-SI.labels
765982381,5207,5240,train-task1-SI.labels
765982381,5379,5391,train-task1-SI.labels
765982381,398,410,train-task1-SI.labels
765982381,416,448,train-task1-SI.labels
765982381,770,1044,train-task1-SI.labels
765982381,1025,1044,train-task1-SI.labels
765982381,1367,1376,train-task1-SI.labels
765982381,2200,2230,train-task1-SI.labels
765982381,2422,2462,train-task1-SI.labels
765982381,2324,2346,train-task1-SI.labels
765982381,2492,2555,train-task1-SI.labels
765982381,2588,2622,train-task1-SI.labels
765982381,2626,2635,train-task1-SI.labels
765982381,2831,2848,train-task1-SI.labels
765982381,2949,3043,train-task1-SI.labels
765982381,3095,3187,train-task1-SI.labels
765982381,3207,3222,train-task1-SI.labels
765982381,3309,3352,train-task1-SI.labels
765982381,3888,3916,train-task1-SI.labels
765982381,4110,4131,train-task1-SI.labels
765982381,4947,4995,train-task1-SI.labels
765982381,5976,6023,train-task1-SI.labels
765982381,6039,6057,train-task1-SI.labels
765982381,6063,6090,train-task1-SI.labels
765982381,6197,6250,train-task1-SI.labels
765982381,6262,6295,train-task1-SI.labels
765982381,6415,6438,train-task1-SI.labels
765982381,1600,1817,train-task1-SI.labels
766084411,2018,2024,train-task1-SI.labels
766084411,1793,1799,train-task1-SI.labels
766084411,3958,3991,train-task1-SI.labels
766084411,4170,4174,train-task1-SI.labels
766084411,1914,1924,train-task1-SI.labels
766084411,2131,2140,train-task1-SI.labels
766084411,2437,2447,train-task1-SI.labels
766084411,4062,4072,train-task1-SI.labels
766084411,4529,4539,train-task1-SI.labels
766084411,4688,4697,train-task1-SI.labels
766084411,5224,5234,train-task1-SI.labels
766084411,4035,4040,train-task1-SI.labels
766084411,4045,4056,train-task1-SI.labels
766632016,114,247,train-task1-SI.labels
766632016,3742,3775,train-task1-SI.labels
766632016,3858,4015,train-task1-SI.labels
766632016,486,515,train-task1-SI.labels
766632016,4462,4596,train-task1-SI.labels
766632016,3586,3670,train-task1-SI.labels
766632016,5319,5340,train-task1-SI.labels
766632016,3475,3482,train-task1-SI.labels
766632016,3695,3702,train-task1-SI.labels
766632016,3655,3670,train-task1-SI.labels
766632016,4062,4076,train-task1-SI.labels
766632016,3796,3808,train-task1-SI.labels
766632016,2640,2674,train-task1-SI.labels
766632016,4196,4208,train-task1-SI.labels
766632016,4238,4248,train-task1-SI.labels
766632016,4253,4264,train-task1-SI.labels
766632016,4332,4343,train-task1-SI.labels
766632016,4431,4441,train-task1-SI.labels
766632016,4626,4653,train-task1-SI.labels
766632016,4655,4754,train-task1-SI.labels
766632016,4756,4842,train-task1-SI.labels
766632016,4859,4871,train-task1-SI.labels
766632016,4894,4905,train-task1-SI.labels
766632016,5109,5144,train-task1-SI.labels
766632016,5569,5583,train-task1-SI.labels
766632016,5863,5872,train-task1-SI.labels
766632016,4972,4983,train-task1-SI.labels
766632016,1925,1969,train-task1-SI.labels
766632016,455,470,train-task1-SI.labels
766632016,564,590,train-task1-SI.labels
766632016,1679,1711,train-task1-SI.labels
766632016,2584,2601,train-task1-SI.labels
766632016,3535,3553,train-task1-SI.labels
766632016,5425,5456,train-task1-SI.labels
766632016,2060,2180,train-task1-SI.labels
766632016,249,366,train-task1-SI.labels
766632016,1294,1402,train-task1-SI.labels
766632016,4091,4184,train-task1-SI.labels
766632016,5602,5736,train-task1-SI.labels
766632016,5743,5861,train-task1-SI.labels
766942310,545,564,train-task1-SI.labels
766942310,569,577,train-task1-SI.labels
766942310,1823,1829,train-task1-SI.labels
766942310,2081,2125,train-task1-SI.labels
766942310,4373,4388,train-task1-SI.labels
766942310,1797,1806,train-task1-SI.labels
766942310,85,94,train-task1-SI.labels
766942310,345,363,train-task1-SI.labels
766942310,374,384,train-task1-SI.labels
766942310,621,635,train-task1-SI.labels
766942310,1234,1242,train-task1-SI.labels
766942310,1385,1393,train-task1-SI.labels
766942310,1410,1426,train-task1-SI.labels
766942310,1581,1611,train-task1-SI.labels
766942310,1439,1453,train-task1-SI.labels
766942310,1724,1739,train-task1-SI.labels
766942310,1776,1785,train-task1-SI.labels
766942310,1838,1849,train-task1-SI.labels
766942310,1932,1939,train-task1-SI.labels
766942310,2061,2068,train-task1-SI.labels
766942310,2161,2165,train-task1-SI.labels
766942310,2130,2159,train-task1-SI.labels
766942310,2881,2899,train-task1-SI.labels
766942310,3330,3348,train-task1-SI.labels
766942310,3845,3862,train-task1-SI.labels
766942310,3864,3874,train-task1-SI.labels
766942310,3888,3892,train-task1-SI.labels
766942310,3960,3976,train-task1-SI.labels
766942310,4188,4205,train-task1-SI.labels
766942310,757,775,train-task1-SI.labels
766942310,1712,1720,train-task1-SI.labels
767129999,1943,1951,train-task1-SI.labels
767129999,1739,1805,train-task1-SI.labels
767129999,1498,1513,train-task1-SI.labels
767129999,2058,2094,train-task1-SI.labels
767129999,59,79,train-task1-SI.labels
767129999,2478,2499,train-task1-SI.labels
767129999,2522,2531,train-task1-SI.labels
769427494,8476,8487,train-task1-SI.labels
769427494,5083,5102,train-task1-SI.labels
769427494,50,58,train-task1-SI.labels
769427494,62,91,train-task1-SI.labels
769427494,93,281,train-task1-SI.labels
769427494,242,281,train-task1-SI.labels
769427494,1260,1268,train-task1-SI.labels
769427494,5221,5426,train-task1-SI.labels
769427494,6542,6575,train-task1-SI.labels
769427494,7254,7366,train-task1-SI.labels
769427494,9281,9297,train-task1-SI.labels
769427494,5704,5794,train-task1-SI.labels
769682854,253,279,train-task1-SI.labels
769682854,224,235,train-task1-SI.labels
769682854,1004,1026,train-task1-SI.labels
769682854,1579,1586,train-task1-SI.labels
769682854,1996,2016,train-task1-SI.labels
769752554,45,49,train-task1-SI.labels
769752554,153,157,train-task1-SI.labels
769752554,159,183,train-task1-SI.labels
769752554,304,313,train-task1-SI.labels
769752554,392,417,train-task1-SI.labels
769752554,626,637,train-task1-SI.labels
769752554,797,817,train-task1-SI.labels
769752554,906,915,train-task1-SI.labels
769752554,1047,1061,train-task1-SI.labels
769752554,1347,1357,train-task1-SI.labels
769752554,1373,1388,train-task1-SI.labels
769752554,1400,1404,train-task1-SI.labels
769752554,1448,1488,train-task1-SI.labels
769752554,1656,1666,train-task1-SI.labels
769752554,1734,1738,train-task1-SI.labels
769752554,1779,1801,train-task1-SI.labels
769752554,1919,1941,train-task1-SI.labels
769752554,2311,2327,train-task1-SI.labels
769962236,0,9,train-task1-SI.labels
769962236,32,47,train-task1-SI.labels
769962236,80,89,train-task1-SI.labels
769962236,94,101,train-task1-SI.labels
769962236,139,143,train-task1-SI.labels
769962236,163,168,train-task1-SI.labels
769962236,169,177,train-task1-SI.labels
769962236,207,212,train-task1-SI.labels
769962236,222,239,train-task1-SI.labels
769962236,241,244,train-task1-SI.labels
769962236,1033,1074,train-task1-SI.labels
769962236,1760,1771,train-task1-SI.labels
769962236,1857,1864,train-task1-SI.labels
769962236,2200,2223,train-task1-SI.labels
769962236,2634,2637,train-task1-SI.labels
769962236,2921,2934,train-task1-SI.labels
769962236,2964,2977,train-task1-SI.labels
769962236,3260,3278,train-task1-SI.labels
769962236,3903,3912,train-task1-SI.labels
769962236,3917,3921,train-task1-SI.labels
769962328,2213,2316,train-task1-SI.labels
769962328,3274,3311,train-task1-SI.labels
769962328,4074,4086,train-task1-SI.labels
769962328,1756,1825,train-task1-SI.labels
769962328,3749,3790,train-task1-SI.labels
769962328,4088,4269,train-task1-SI.labels
769962328,334,599,train-task1-SI.labels
769962328,1336,1357,train-task1-SI.labels
769962328,1978,2012,train-task1-SI.labels
769962328,2086,2195,train-task1-SI.labels
769962328,2338,2369,train-task1-SI.labels
769962328,2666,2695,train-task1-SI.labels
769962328,3160,3223,train-task1-SI.labels
769962328,3110,3157,train-task1-SI.labels
769962328,3566,3594,train-task1-SI.labels
769962328,3663,3706,train-task1-SI.labels
769962328,3877,3901,train-task1-SI.labels
769962328,3985,4063,train-task1-SI.labels
769962328,3323,3431,train-task1-SI.labels
769962328,4290,4332,train-task1-SI.labels
769962328,4559,4593,train-task1-SI.labels
769962328,4650,4767,train-task1-SI.labels
769962328,4805,4932,train-task1-SI.labels
769962328,5059,5103,train-task1-SI.labels
769962328,5150,5259,train-task1-SI.labels
769962328,5348,5370,train-task1-SI.labels
769962328,5401,5427,train-task1-SI.labels
769962328,5463,5493,train-task1-SI.labels
769962328,6050,6080,train-task1-SI.labels
769962328,6086,6118,train-task1-SI.labels
769962328,5946,5975,train-task1-SI.labels
769962328,6310,6391,train-task1-SI.labels
769962328,6411,6428,train-task1-SI.labels
769962328,3596,3661,train-task1-SI.labels
769962328,5608,5821,train-task1-SI.labels
770156173,4682,4692,train-task1-SI.labels
770156173,4814,4832,train-task1-SI.labels
770156173,6056,6072,train-task1-SI.labels
770156173,2469,2498,train-task1-SI.labels
770156173,5920,5936,train-task1-SI.labels
770156173,34,47,train-task1-SI.labels
770156173,1021,1029,train-task1-SI.labels
770156173,2158,2164,train-task1-SI.labels
770156173,4758,4781,train-task1-SI.labels
770156173,5254,5261,train-task1-SI.labels
770156173,5645,5652,train-task1-SI.labels
770156173,1556,1738,train-task1-SI.labels
770156173,1616,1623,train-task1-SI.labels
770156173,1919,1938,train-task1-SI.labels
770156173,2094,2117,train-task1-SI.labels
770156173,2330,2348,train-task1-SI.labels
770156173,2819,2827,train-task1-SI.labels
770156173,3012,3018,train-task1-SI.labels
770156173,3266,3280,train-task1-SI.labels
770156173,3692,3737,train-task1-SI.labels
770156173,4523,4531,train-task1-SI.labels
770156173,4835,4929,train-task1-SI.labels
770156173,5330,5340,train-task1-SI.labels
770156173,0,18,train-task1-SI.labels
770156173,1106,1184,train-task1-SI.labels
770156173,1740,1836,train-task1-SI.labels
770156173,2934,2989,train-task1-SI.labels
770156173,3970,3985,train-task1-SI.labels
770156173,3991,4004,train-task1-SI.labels
770156851,4,18,train-task1-SI.labels
770156851,78,89,train-task1-SI.labels
770156851,179,186,train-task1-SI.labels
770156851,2561,2583,train-task1-SI.labels
770156851,362,372,train-task1-SI.labels
770156851,283,293,train-task1-SI.labels
770156851,295,315,train-task1-SI.labels
770156851,569,575,train-task1-SI.labels
770156851,600,606,train-task1-SI.labels
770156851,718,726,train-task1-SI.labels
770156851,1045,1051,train-task1-SI.labels
770156851,1031,1039,train-task1-SI.labels
770156851,1918,1931,train-task1-SI.labels
770156851,2194,2213,train-task1-SI.labels
770156851,2268,2275,train-task1-SI.labels
770156851,2696,2765,train-task1-SI.labels
770156851,2861,2868,train-task1-SI.labels
770156851,3672,3679,train-task1-SI.labels
770156851,3650,3660,train-task1-SI.labels
770156851,437,447,train-task1-SI.labels
770156851,664,693,train-task1-SI.labels
770156851,3849,3869,train-task1-SI.labels
770156851,4851,4872,train-task1-SI.labels
770221823,61,82,train-task1-SI.labels
770221823,1053,1367,train-task1-SI.labels
770221823,1604,1724,train-task1-SI.labels
770221823,411,417,train-task1-SI.labels
770221823,1493,1512,train-task1-SI.labels
770376380,1532,1745,train-task1-SI.labels
770376380,24,47,train-task1-SI.labels
770376380,1383,1405,train-task1-SI.labels
770376380,357,416,train-task1-SI.labels
770376380,599,623,train-task1-SI.labels
770376380,678,688,train-task1-SI.labels
770376380,1127,1152,train-task1-SI.labels
770376380,1305,1323,train-task1-SI.labels
770376380,1411,1500,train-task1-SI.labels
770376380,3864,3956,train-task1-SI.labels
770376380,4340,4357,train-task1-SI.labels
770376380,4460,4501,train-task1-SI.labels
770376380,4504,4782,train-task1-SI.labels
770376380,4963,5181,train-task1-SI.labels
770376380,5167,5181,train-task1-SI.labels
770376380,5472,5484,train-task1-SI.labels
770376380,1937,2253,train-task1-SI.labels
770376380,3609,3676,train-task1-SI.labels
770581969,78,93,train-task1-SI.labels
770581969,1041,1054,train-task1-SI.labels
770581969,1290,1305,train-task1-SI.labels
770581969,70,77,train-task1-SI.labels
770877978,1000,1018,train-task1-SI.labels
770877978,1020,1067,train-task1-SI.labels
770877978,3117,3146,train-task1-SI.labels
770877978,3244,3292,train-task1-SI.labels
770938827,1129,1149,train-task1-SI.labels
770938827,1159,1199,train-task1-SI.labels
770938827,1329,1340,train-task1-SI.labels
770938827,2670,2680,train-task1-SI.labels
770938827,114,124,train-task1-SI.labels
770938827,146,169,train-task1-SI.labels
770938827,2048,2062,train-task1-SI.labels
770938827,64,81,train-task1-SI.labels
770938827,2642,2662,train-task1-SI.labels
770938827,37,52,train-task1-SI.labels
770938827,1428,1434,train-task1-SI.labels
770938827,2400,2414,train-task1-SI.labels
770938827,2504,2515,train-task1-SI.labels
770938827,770,775,train-task1-SI.labels
770938827,208,228,train-task1-SI.labels
770938827,2217,2223,train-task1-SI.labels
770938827,365,409,train-task1-SI.labels
770938827,1720,1826,train-task1-SI.labels
770945799,815,827,train-task1-SI.labels
770945799,1994,2001,train-task1-SI.labels
770945799,1017,1030,train-task1-SI.labels
770945799,2046,2055,train-task1-SI.labels
770956434,1360,1380,train-task1-SI.labels
770956434,1390,1430,train-task1-SI.labels
770956434,1560,1571,train-task1-SI.labels
770956434,2583,2592,train-task1-SI.labels
770956434,482,487,train-task1-SI.labels
770956434,1659,1665,train-task1-SI.labels
770956434,1925,1943,train-task1-SI.labels
770956434,1945,1992,train-task1-SI.labels
770956434,2176,2194,train-task1-SI.labels
770956434,2884,2891,train-task1-SI.labels
771254016,1806,1820,train-task1-SI.labels
771254016,1336,1343,train-task1-SI.labels
771254016,1166,1173,train-task1-SI.labels
771254016,1322,1331,train-task1-SI.labels
771254016,1690,1695,train-task1-SI.labels
771254016,1707,1716,train-task1-SI.labels
771254016,1066,1072,train-task1-SI.labels
771254016,1110,1118,train-task1-SI.labels
771406408,708,731,train-task1-SI.labels
771406408,1060,1069,train-task1-SI.labels
771406408,1405,1412,train-task1-SI.labels
771406408,1154,1166,train-task1-SI.labels
771406408,2670,2689,train-task1-SI.labels
771406408,2989,2998,train-task1-SI.labels
771406408,3593,3598,train-task1-SI.labels
771406408,3519,3524,train-task1-SI.labels
771406408,13,26,train-task1-SI.labels
771406408,59,87,train-task1-SI.labels
771406408,350,363,train-task1-SI.labels
771406408,476,492,train-task1-SI.labels
771406408,737,793,train-task1-SI.labels
771406408,1371,1385,train-task1-SI.labels
771406408,1840,1851,train-task1-SI.labels
771406408,1886,1889,train-task1-SI.labels
771406408,1940,1987,train-task1-SI.labels
771406408,1184,1195,train-task1-SI.labels
771546417,13,17,train-task1-SI.labels
771546417,633,640,train-task1-SI.labels
771546417,652,657,train-task1-SI.labels
771546417,688,693,train-task1-SI.labels
771546417,1158,1163,train-task1-SI.labels
771546417,1429,1434,train-task1-SI.labels
771546417,114,140,train-task1-SI.labels
771546417,431,443,train-task1-SI.labels
771546417,878,882,train-task1-SI.labels
771546417,1625,1630,train-task1-SI.labels
771546417,356,386,train-task1-SI.labels
771546417,887,918,train-task1-SI.labels
771546417,1517,1543,train-task1-SI.labels
771546417,1713,1739,train-task1-SI.labels
771655795,0,35,train-task1-SI.labels
771655795,71,115,train-task1-SI.labels
771655795,123,258,train-task1-SI.labels
771655795,260,382,train-task1-SI.labels
771655795,453,498,train-task1-SI.labels
771655795,1045,1073,train-task1-SI.labels
771655795,1090,1206,train-task1-SI.labels
771655795,1564,1678,train-task1-SI.labels
771655795,2164,2190,train-task1-SI.labels
771655795,1780,1944,train-task1-SI.labels
771655795,3044,3073,train-task1-SI.labels
771655795,3706,3807,train-task1-SI.labels
771655795,1689,1718,train-task1-SI.labels
771879020,1714,1740,train-task1-SI.labels
771879020,6650,6680,train-task1-SI.labels
771879020,6710,6733,train-task1-SI.labels
771879020,7546,7582,train-task1-SI.labels
771879020,5318,5336,train-task1-SI.labels
771879020,249,266,train-task1-SI.labels
771879020,1647,1711,train-task1-SI.labels
771879020,1987,1999,train-task1-SI.labels
771879020,2377,2445,train-task1-SI.labels
771879020,3195,3224,train-task1-SI.labels
771879020,3857,3958,train-task1-SI.labels
771879020,6516,6608,train-task1-SI.labels
771879020,6800,6820,train-task1-SI.labels
771879020,7354,7361,train-task1-SI.labels
771879020,7367,7413,train-task1-SI.labels
771879020,7416,7497,train-task1-SI.labels
771879020,8091,8213,train-task1-SI.labels
771879020,8216,8269,train-task1-SI.labels
771879020,108,198,train-task1-SI.labels
771879020,4547,4614,train-task1-SI.labels
772947654,683,720,train-task1-SI.labels
772947654,6314,6322,train-task1-SI.labels
772947654,228,244,train-task1-SI.labels
772947654,5686,5713,train-task1-SI.labels
772947654,1606,1618,train-task1-SI.labels
772947654,148,157,train-task1-SI.labels
772947654,2050,2176,train-task1-SI.labels
772947654,2339,2392,train-task1-SI.labels
772947654,2780,2838,train-task1-SI.labels
772947654,2944,2967,train-task1-SI.labels
772947654,3010,3023,train-task1-SI.labels
772947654,4482,4510,train-task1-SI.labels
772947654,5221,5225,train-task1-SI.labels
772947654,5653,5668,train-task1-SI.labels
772947654,6229,6246,train-task1-SI.labels
772947654,6327,6352,train-task1-SI.labels
772947654,319,322,train-task1-SI.labels
772947654,440,456,train-task1-SI.labels
772947654,1510,1513,train-task1-SI.labels
772947654,1719,1722,train-task1-SI.labels
772947654,1760,1763,train-task1-SI.labels
772947654,3153,3160,train-task1-SI.labels
772947654,3311,3319,train-task1-SI.labels
772947654,3334,3343,train-task1-SI.labels
772947654,3483,3501,train-task1-SI.labels
772947654,3766,3776,train-task1-SI.labels
772947654,3662,3686,train-task1-SI.labels
772947654,3787,3811,train-task1-SI.labels
772947654,4833,4857,train-task1-SI.labels
772947654,5180,5204,train-task1-SI.labels
772947654,4196,4254,train-task1-SI.labels
772947654,4274,4277,train-task1-SI.labels
772947654,4722,4725,train-task1-SI.labels
772947654,5455,5462,train-task1-SI.labels
772947654,6577,6588,train-task1-SI.labels
773520636,2131,2153,train-task1-SI.labels
773520636,2194,2234,train-task1-SI.labels
773520636,3850,3981,train-task1-SI.labels
773520636,6376,6475,train-task1-SI.labels
773520636,6523,6654,train-task1-SI.labels
773520636,152,169,train-task1-SI.labels
773520636,302,342,train-task1-SI.labels
773520636,46,63,train-task1-SI.labels
773520636,617,726,train-task1-SI.labels
773520636,847,1053,train-task1-SI.labels
773520636,1777,1799,train-task1-SI.labels
773520636,1954,1965,train-task1-SI.labels
773520636,2032,2073,train-task1-SI.labels
773520636,2382,2453,train-task1-SI.labels
773520636,2833,2855,train-task1-SI.labels
773520636,3016,3032,train-task1-SI.labels
773520636,3176,3248,train-task1-SI.labels
773520636,3446,3498,train-task1-SI.labels
773520636,4291,4364,train-task1-SI.labels
773520636,5036,5050,train-task1-SI.labels
773520636,5166,5179,train-task1-SI.labels
773520636,5528,5556,train-task1-SI.labels
773520636,5764,5777,train-task1-SI.labels
773520636,6047,6125,train-task1-SI.labels
773520636,6248,6273,train-task1-SI.labels
773520636,6311,6322,train-task1-SI.labels
773520636,6507,6521,train-task1-SI.labels
773520636,6692,6706,train-task1-SI.labels
773520636,6708,6778,train-task1-SI.labels
773520636,6843,6890,train-task1-SI.labels
773520636,6904,6913,train-task1-SI.labels
773520636,7104,7123,train-task1-SI.labels
773520636,7293,7303,train-task1-SI.labels
773520636,7361,7378,train-task1-SI.labels
773520636,7438,7471,train-task1-SI.labels
773520636,7570,7610,train-task1-SI.labels
773520636,7762,7776,train-task1-SI.labels
773520636,7922,7945,train-task1-SI.labels
773520636,8004,8028,train-task1-SI.labels
773520636,8340,8378,train-task1-SI.labels
773520636,8381,8516,train-task1-SI.labels
773520636,8563,8583,train-task1-SI.labels
773520636,8796,8823,train-task1-SI.labels
773520636,9049,9076,train-task1-SI.labels
773520636,8991,9012,train-task1-SI.labels
773520636,9526,9548,train-task1-SI.labels
773520636,9499,9509,train-task1-SI.labels
773520636,9707,9715,train-task1-SI.labels
773520636,9774,9803,train-task1-SI.labels
773520636,10767,10778,train-task1-SI.labels
773520636,11198,11208,train-task1-SI.labels
773520636,11459,11475,train-task1-SI.labels
773520636,11044,11152,train-task1-SI.labels
773520636,12645,12685,train-task1-SI.labels
773520636,12833,12849,train-task1-SI.labels
773520636,13214,13228,train-task1-SI.labels
773520636,13230,13251,train-task1-SI.labels
773520636,13263,13281,train-task1-SI.labels
773520636,14096,14112,train-task1-SI.labels
773520636,14660,14686,train-task1-SI.labels
773520636,15678,15685,train-task1-SI.labels
773520636,17418,17457,train-task1-SI.labels
773520636,17503,17533,train-task1-SI.labels
773520636,17544,17580,train-task1-SI.labels
773520636,17874,18158,train-task1-SI.labels
773520636,1575,1723,train-task1-SI.labels
773520636,6780,6794,train-task1-SI.labels
773520636,17865,17872,train-task1-SI.labels
773748383,43,58,train-task1-SI.labels
773748383,651,667,train-task1-SI.labels
773748383,4113,4228,train-task1-SI.labels
773748383,163,181,train-task1-SI.labels
773748383,1518,1578,train-task1-SI.labels
773748383,2569,2608,train-task1-SI.labels
773748383,3122,3215,train-task1-SI.labels
773748383,3320,3339,train-task1-SI.labels
773748383,3521,3559,train-task1-SI.labels
773748383,3561,3685,train-task1-SI.labels
773748383,3903,3930,train-task1-SI.labels
773748383,4034,4065,train-task1-SI.labels
773748383,4671,4685,train-task1-SI.labels
773748383,4714,4724,train-task1-SI.labels
773937361,288,300,train-task1-SI.labels
773937361,2285,2290,train-task1-SI.labels
773937361,8373,8390,train-task1-SI.labels
773937361,3415,3434,train-task1-SI.labels
773937361,11237,11248,train-task1-SI.labels
773937361,494,506,train-task1-SI.labels
773937361,918,925,train-task1-SI.labels
773937361,1020,1069,train-task1-SI.labels
773937361,1482,1486,train-task1-SI.labels
773937361,1454,1463,train-task1-SI.labels
773937361,2360,2367,train-task1-SI.labels
773937361,4128,4149,train-task1-SI.labels
773937361,5543,5571,train-task1-SI.labels
773937361,11090,11152,train-task1-SI.labels
773937361,11158,11164,train-task1-SI.labels
773937361,527,536,train-task1-SI.labels
773937361,1905,1916,train-task1-SI.labels
773937361,6959,6974,train-task1-SI.labels
773937361,10342,10374,train-task1-SI.labels
773937361,16081,16099,train-task1-SI.labels
773937361,18464,18468,train-task1-SI.labels
773937361,19641,19654,train-task1-SI.labels
774007496,3008,3022,train-task1-SI.labels
774007496,493,528,train-task1-SI.labels
774007496,1756,1770,train-task1-SI.labels
774007496,2500,2512,train-task1-SI.labels
774007496,2602,2614,train-task1-SI.labels
774007496,478,491,train-task1-SI.labels
774007496,1498,1517,train-task1-SI.labels
774007496,1857,1870,train-task1-SI.labels
774007496,1895,1918,train-task1-SI.labels
774007496,2161,2169,train-task1-SI.labels
774007496,2242,2254,train-task1-SI.labels
774007496,1017,1031,train-task1-SI.labels
774007496,1538,1543,train-task1-SI.labels
774007496,1640,1667,train-task1-SI.labels
774007496,3289,3293,train-task1-SI.labels
774007496,3295,3336,train-task1-SI.labels
774007496,2062,2076,train-task1-SI.labels
774007496,2385,2399,train-task1-SI.labels
774007496,2833,2847,train-task1-SI.labels
774145019,191,196,train-task1-SI.labels
774145019,412,417,train-task1-SI.labels
774145019,1247,1255,train-task1-SI.labels
774145019,2825,2829,train-task1-SI.labels
774145019,2774,2789,train-task1-SI.labels
774145019,1899,1904,train-task1-SI.labels
774145019,2361,2366,train-task1-SI.labels
774145019,3333,3338,train-task1-SI.labels
774145019,3110,3117,train-task1-SI.labels
774145019,5052,5059,train-task1-SI.labels
774145019,3992,4020,train-task1-SI.labels
774145019,58,63,train-task1-SI.labels
774145019,441,517,train-task1-SI.labels
774145019,518,551,train-task1-SI.labels
774145019,552,615,train-task1-SI.labels
774145019,616,700,train-task1-SI.labels
774145019,2844,2853,train-task1-SI.labels
774145019,2996,3011,train-task1-SI.labels
774145019,3172,3196,train-task1-SI.labels
774145019,3297,3321,train-task1-SI.labels
774145019,4343,4367,train-task1-SI.labels
774145019,4690,4714,train-task1-SI.labels
774145019,3276,3286,train-task1-SI.labels
774145019,3621,3624,train-task1-SI.labels
774145019,3784,3794,train-task1-SI.labels
774145019,4232,4242,train-task1-SI.labels
774145019,4644,4652,train-task1-SI.labels
774637726,602,612,train-task1-SI.labels
774637726,709,776,train-task1-SI.labels
774637726,1607,1613,train-task1-SI.labels
774637726,2635,2656,train-task1-SI.labels
774637726,284,303,train-task1-SI.labels
774637726,1867,1871,train-task1-SI.labels
774637726,1905,1909,train-task1-SI.labels
774637726,2098,2104,train-task1-SI.labels
774637726,2567,2572,train-task1-SI.labels
774637726,2614,2619,train-task1-SI.labels
774637726,2687,2692,train-task1-SI.labels
774637726,2708,2715,train-task1-SI.labels
774904810,6014,6022,train-task1-SI.labels
774904810,350,384,train-task1-SI.labels
774904810,3247,3264,train-task1-SI.labels
774904810,3268,3275,train-task1-SI.labels
774904810,3436,3444,train-task1-SI.labels
774904810,743,749,train-task1-SI.labels
774904810,2806,2821,train-task1-SI.labels
774904810,3626,3633,train-task1-SI.labels
774904810,5824,5839,train-task1-SI.labels
774904810,6039,6060,train-task1-SI.labels
775448623,1743,1825,train-task1-SI.labels
775448623,2451,2491,train-task1-SI.labels
775448623,2632,2753,train-task1-SI.labels
775448623,1373,1476,train-task1-SI.labels
775448623,2856,3300,train-task1-SI.labels
775448623,17,41,train-task1-SI.labels
775448623,334,342,train-task1-SI.labels
775448623,343,417,train-task1-SI.labels
775448623,722,732,train-task1-SI.labels
775448623,813,1045,train-task1-SI.labels
775448623,1722,1740,train-task1-SI.labels
775448623,2168,2191,train-task1-SI.labels
776049384,618,632,train-task1-SI.labels
776049384,2199,2232,train-task1-SI.labels
776049384,10722,10735,train-task1-SI.labels
776049384,9139,9151,train-task1-SI.labels
776049384,213,219,train-task1-SI.labels
776049384,1069,1080,train-task1-SI.labels
776049384,1158,1169,train-task1-SI.labels
776049384,1302,1313,train-task1-SI.labels
776049384,1401,1412,train-task1-SI.labels
776049384,1510,1521,train-task1-SI.labels
776049384,1648,1659,train-task1-SI.labels
776049384,1730,1741,train-task1-SI.labels
776049384,1968,1979,train-task1-SI.labels
776049384,2047,2058,train-task1-SI.labels
776049384,4242,4253,train-task1-SI.labels
776049384,493,501,train-task1-SI.labels
776049384,1442,1450,train-task1-SI.labels
776049384,1552,1560,train-task1-SI.labels
776049384,1692,1700,train-task1-SI.labels
776049384,1928,1936,train-task1-SI.labels
776049384,2014,2022,train-task1-SI.labels
776049384,2079,2087,train-task1-SI.labels
776049384,5626,5634,train-task1-SI.labels
776049384,2165,2173,train-task1-SI.labels
776049384,2406,2416,train-task1-SI.labels
776049384,3569,3579,train-task1-SI.labels
776049384,3660,3666,train-task1-SI.labels
776049384,4068,4072,train-task1-SI.labels
776049384,4597,4608,train-task1-SI.labels
776049384,5708,5730,train-task1-SI.labels
776049384,10077,10084,train-task1-SI.labels
776049384,10637,10672,train-task1-SI.labels
776049384,10674,10720,train-task1-SI.labels
776049384,62,87,train-task1-SI.labels
776049384,158,178,train-task1-SI.labels
776049384,2292,2309,train-task1-SI.labels
776049384,2330,2347,train-task1-SI.labels
776049384,3211,3235,train-task1-SI.labels
776049384,3764,3772,train-task1-SI.labels
776049384,4470,4486,train-task1-SI.labels
776049384,5003,5046,train-task1-SI.labels
776049384,6079,6086,train-task1-SI.labels
776049384,7146,7169,train-task1-SI.labels
776049384,8954,8962,train-task1-SI.labels
776049384,9089,9097,train-task1-SI.labels
776049384,10215,10228,train-task1-SI.labels
776049384,10276,10313,train-task1-SI.labels
776345502,374,513,train-task1-SI.labels
776345502,1551,1569,train-task1-SI.labels
776345502,1723,1748,train-task1-SI.labels
776345502,3002,3053,train-task1-SI.labels
776345502,3733,3744,train-task1-SI.labels
776345502,3979,4158,train-task1-SI.labels
776345502,53,119,train-task1-SI.labels
776345502,661,727,train-task1-SI.labels
776345502,1575,1649,train-task1-SI.labels
776345502,3780,3855,train-task1-SI.labels
776345502,520,534,train-task1-SI.labels
776345502,333,358,train-task1-SI.labels
776345502,1434,1509,train-task1-SI.labels
776345502,2843,2866,train-task1-SI.labels
776345502,3612,3630,train-task1-SI.labels
776345502,3911,3965,train-task1-SI.labels
776345502,4002,4035,train-task1-SI.labels
776345502,4095,4115,train-task1-SI.labels
776345502,4131,4145,train-task1-SI.labels
776345502,1299,1432,train-task1-SI.labels
776368676,314,343,train-task1-SI.labels
776368676,378,385,train-task1-SI.labels
776368676,424,457,train-task1-SI.labels
776368676,664,738,train-task1-SI.labels
776368676,998,1078,train-task1-SI.labels
776368676,386,408,train-task1-SI.labels
776368676,571,623,train-task1-SI.labels
776368676,828,957,train-task1-SI.labels
776368676,974,992,train-task1-SI.labels
776368676,45,66,train-task1-SI.labels
776368676,67,70,train-task1-SI.labels
776368676,276,297,train-task1-SI.labels
776368676,542,559,train-task1-SI.labels
776368676,640,658,train-task1-SI.labels
776368676,1164,1176,train-task1-SI.labels
776368676,1461,1494,train-task1-SI.labels
776368676,1596,1633,train-task1-SI.labels
776368676,2017,2033,train-task1-SI.labels
776368676,2050,2074,train-task1-SI.labels
776368676,2085,2118,train-task1-SI.labels
776368676,2132,2147,train-task1-SI.labels
776368676,2164,2174,train-task1-SI.labels
776368676,2178,2210,train-task1-SI.labels
776368676,3795,3820,train-task1-SI.labels
776373795,1044,1206,train-task1-SI.labels
776373795,557,612,train-task1-SI.labels
776373795,1208,1321,train-task1-SI.labels
776373795,1900,1990,train-task1-SI.labels
776373795,2932,2997,train-task1-SI.labels
776373795,184,206,train-task1-SI.labels
776373795,854,869,train-task1-SI.labels
776373795,1388,1483,train-task1-SI.labels
776373795,1685,1706,train-task1-SI.labels
776373795,3468,3482,train-task1-SI.labels
776373795,4039,4203,train-task1-SI.labels
776373795,5130,5150,train-task1-SI.labels
776373795,4205,4572,train-task1-SI.labels
776373795,3723,3773,train-task1-SI.labels
776535164,485,500,train-task1-SI.labels
776535164,1688,1700,train-task1-SI.labels
776535164,16,32,train-task1-SI.labels
776616374,149,174,train-task1-SI.labels
776616374,751,785,train-task1-SI.labels
776616374,831,849,train-task1-SI.labels
776616374,2641,2650,train-task1-SI.labels
776616374,2771,2782,train-task1-SI.labels
776616374,2804,2810,train-task1-SI.labels
776616374,3282,3292,train-task1-SI.labels
776616374,2990,3007,train-task1-SI.labels
777488669,8420,8479,train-task1-SI.labels
777488669,17648,17724,train-task1-SI.labels
777488669,111,184,train-task1-SI.labels
777488669,1372,1390,train-task1-SI.labels
777488669,2625,2698,train-task1-SI.labels
777488669,7981,8009,train-task1-SI.labels
777488669,13629,13645,train-task1-SI.labels
777488669,13779,13797,train-task1-SI.labels
777488669,13460,13476,train-task1-SI.labels
777488669,21934,21955,train-task1-SI.labels
777488669,278,389,train-task1-SI.labels
777488669,503,527,train-task1-SI.labels
777488669,694,833,train-task1-SI.labels
777488669,1113,1127,train-task1-SI.labels
777488669,1151,1162,train-task1-SI.labels
777488669,1234,1245,train-task1-SI.labels
777488669,1750,1759,train-task1-SI.labels
777488669,2379,2485,train-task1-SI.labels
777488669,3108,3118,train-task1-SI.labels
777488669,4583,4947,train-task1-SI.labels
777488669,6374,6406,train-task1-SI.labels
777488669,6788,6827,train-task1-SI.labels
777488669,6922,6961,train-task1-SI.labels
777488669,7592,7621,train-task1-SI.labels
777488669,8903,8976,train-task1-SI.labels
777488669,9024,9133,train-task1-SI.labels
777488669,9590,9606,train-task1-SI.labels
777488669,9651,9660,train-task1-SI.labels
777488669,9849,9867,train-task1-SI.labels
777488669,10681,10700,train-task1-SI.labels
777488669,10554,10580,train-task1-SI.labels
777488669,10582,10639,train-task1-SI.labels
777488669,10733,10815,train-task1-SI.labels
777488669,11201,11245,train-task1-SI.labels
777488669,11262,11280,train-task1-SI.labels
777488669,12262,12282,train-task1-SI.labels
777488669,12413,12427,train-task1-SI.labels
777488669,12557,12573,train-task1-SI.labels
777488669,12887,12920,train-task1-SI.labels
777488669,12952,12974,train-task1-SI.labels
777488669,13570,13592,train-task1-SI.labels
777488669,14593,14726,train-task1-SI.labels
777488669,14771,14890,train-task1-SI.labels
777488669,14892,15109,train-task1-SI.labels
777488669,15401,15484,train-task1-SI.labels
777488669,15655,15688,train-task1-SI.labels
777488669,15722,15748,train-task1-SI.labels
777488669,15762,15781,train-task1-SI.labels
777488669,15843,15905,train-task1-SI.labels
777488669,15990,16052,train-task1-SI.labels
777488669,16281,16322,train-task1-SI.labels
777488669,16567,16576,train-task1-SI.labels
777488669,16590,16658,train-task1-SI.labels
777488669,16977,17007,train-task1-SI.labels
777488669,17289,17340,train-task1-SI.labels
777488669,17465,17488,train-task1-SI.labels
777488669,17543,17581,train-task1-SI.labels
777488669,18269,18309,train-task1-SI.labels
777488669,18451,18671,train-task1-SI.labels
777488669,19644,19717,train-task1-SI.labels
777488669,19871,19878,train-task1-SI.labels
777488669,19920,19936,train-task1-SI.labels
777488669,20377,20446,train-task1-SI.labels
777488669,20595,20629,train-task1-SI.labels
777488669,20485,20533,train-task1-SI.labels
777488669,21752,21843,train-task1-SI.labels
777488669,22330,22358,train-task1-SI.labels
777488669,22360,22575,train-task1-SI.labels
777488669,9166,9295,train-task1-SI.labels
777488669,10056,10226,train-task1-SI.labels
778139122,2417,2617,train-task1-SI.labels
778139122,521,555,train-task1-SI.labels
778139122,2649,2669,train-task1-SI.labels
778139122,5764,5781,train-task1-SI.labels
778139122,6616,6637,train-task1-SI.labels
778139122,8016,8043,train-task1-SI.labels
778139122,9158,9198,train-task1-SI.labels
778139122,9526,9542,train-task1-SI.labels
778139122,591,717,train-task1-SI.labels
778139122,7622,7650,train-task1-SI.labels
778139122,9213,9224,train-task1-SI.labels
778139122,9600,9695,train-task1-SI.labels
778139122,11683,11779,train-task1-SI.labels
778139122,719,765,train-task1-SI.labels
778139122,1614,1653,train-task1-SI.labels
778139122,1695,1709,train-task1-SI.labels
778139122,1913,1984,train-task1-SI.labels
778139122,2315,2340,train-task1-SI.labels
778139122,2784,2813,train-task1-SI.labels
778139122,2939,2987,train-task1-SI.labels
778139122,2993,3104,train-task1-SI.labels
778139122,3121,3207,train-task1-SI.labels
778139122,4452,4468,train-task1-SI.labels
778139122,4606,4637,train-task1-SI.labels
778139122,4918,4946,train-task1-SI.labels
778139122,5293,5321,train-task1-SI.labels
778139122,6012,6118,train-task1-SI.labels
778139122,6572,6614,train-task1-SI.labels
778139122,6901,6939,train-task1-SI.labels
778139122,7343,7379,train-task1-SI.labels
778139122,8137,8443,train-task1-SI.labels
778139122,8413,8443,train-task1-SI.labels
778139122,8859,8883,train-task1-SI.labels
778139122,9310,9385,train-task1-SI.labels
778139122,10195,10220,train-task1-SI.labels
778139122,10458,10479,train-task1-SI.labels
778139122,10283,10382,train-task1-SI.labels
778139122,10786,10806,train-task1-SI.labels
778139122,11481,11572,train-task1-SI.labels
778139122,11634,11667,train-task1-SI.labels
778139122,11960,12070,train-task1-SI.labels
778139122,11785,11876,train-task1-SI.labels
778139122,6643,6815,train-task1-SI.labels
778664280,5485,5501,train-task1-SI.labels
778664280,9787,9822,train-task1-SI.labels
778664280,12227,12265,train-task1-SI.labels
778664280,12280,12302,train-task1-SI.labels
778664280,865,912,train-task1-SI.labels
778664280,3969,3990,train-task1-SI.labels
778664280,8730,8750,train-task1-SI.labels
778664280,9180,9436,train-task1-SI.labels
778664280,9542,9566,train-task1-SI.labels
778664280,11052,11282,train-task1-SI.labels
778664280,9600,9617,train-task1-SI.labels
778664280,11426,11450,train-task1-SI.labels
778664280,10832,11050,train-task1-SI.labels
778664280,6964,7167,train-task1-SI.labels
778664280,10174,10260,train-task1-SI.labels
778664280,402,430,train-task1-SI.labels
778664280,4569,4584,train-task1-SI.labels
778664280,5422,5440,train-task1-SI.labels
778664280,8088,8139,train-task1-SI.labels
778664280,8907,8921,train-task1-SI.labels
778664280,8949,8995,train-task1-SI.labels
778664280,9764,9785,train-task1-SI.labels
778664280,9824,9974,train-task1-SI.labels
778664280,9959,9974,train-task1-SI.labels
778664280,10114,10148,train-task1-SI.labels
778664280,10455,10720,train-task1-SI.labels
778664280,1196,1206,train-task1-SI.labels
778664280,11091,11282,train-task1-SI.labels
778664280,3016,3042,train-task1-SI.labels
778664280,4132,4158,train-task1-SI.labels
778664280,4168,4211,train-task1-SI.labels
778664280,9002,9026,train-task1-SI.labels
778664280,9027,9050,train-task1-SI.labels
778664280,2036,2050,train-task1-SI.labels
778664280,5195,5210,train-task1-SI.labels
778664280,5973,6034,train-task1-SI.labels
778664280,5517,5839,train-task1-SI.labels
778664280,7174,7201,train-task1-SI.labels
778664280,7959,7973,train-task1-SI.labels
778664280,8140,8241,train-task1-SI.labels
778664280,8360,8382,train-task1-SI.labels
778664280,8875,8897,train-task1-SI.labels
778664280,9052,9178,train-task1-SI.labels
778664280,10532,10550,train-task1-SI.labels
778664280,10722,10830,train-task1-SI.labels
778664280,11811,11875,train-task1-SI.labels
778664280,660,744,train-task1-SI.labels
778664280,10287,10453,train-task1-SI.labels
778664280,9976,10029,train-task1-SI.labels
778664280,6037,6169,train-task1-SI.labels
778664280,6543,6921,train-task1-SI.labels
778664280,7514,7815,train-task1-SI.labels
778664280,2737,2809,train-task1-SI.labels
778664280,1442,1720,train-task1-SI.labels
778664280,11529,11693,train-task1-SI.labels
778664280,11877,12098,train-task1-SI.labels
778664280,4787,4847,train-task1-SI.labels
778664280,9619,9647,train-task1-SI.labels
779394730,2965,2986,train-task1-SI.labels
779394730,3247,3274,train-task1-SI.labels
779394730,3715,4118,train-task1-SI.labels
779394730,4043,4118,train-task1-SI.labels
779394730,1222,1239,train-task1-SI.labels
779394730,1382,1407,train-task1-SI.labels
779394730,1419,1612,train-task1-SI.labels
779394730,4120,4323,train-task1-SI.labels
779394730,2609,2739,train-task1-SI.labels
779394730,966,984,train-task1-SI.labels
779394730,1615,1772,train-task1-SI.labels
779394730,1774,1886,train-task1-SI.labels
779394730,1926,1965,train-task1-SI.labels
779394730,2070,2106,train-task1-SI.labels
779394730,3306,3340,train-task1-SI.labels
779394730,3476,3535,train-task1-SI.labels
779394730,3554,3695,train-task1-SI.labels
779394730,3343,3462,train-task1-SI.labels
779394730,3700,3713,train-task1-SI.labels
780414700,2944,2962,train-task1-SI.labels
780414700,2964,2974,train-task1-SI.labels
780414700,3011,3021,train-task1-SI.labels
780414700,3051,3061,train-task1-SI.labels
780414700,3177,3187,train-task1-SI.labels
780414700,13333,13358,train-task1-SI.labels
780414700,14442,14467,train-task1-SI.labels
780414700,16466,16470,train-task1-SI.labels
780414700,16519,16523,train-task1-SI.labels
780414700,16549,16553,train-task1-SI.labels
780414700,3591,3599,train-task1-SI.labels
780414700,5135,5138,train-task1-SI.labels
780414700,14823,14844,train-task1-SI.labels
780414700,8867,8878,train-task1-SI.labels
780414700,7243,7257,train-task1-SI.labels
780414700,1338,1615,train-task1-SI.labels
780414700,3233,3317,train-task1-SI.labels
780414700,2997,3009,train-task1-SI.labels
780414700,3485,3494,train-task1-SI.labels
780414700,4363,4517,train-task1-SI.labels
780414700,8883,8903,train-task1-SI.labels
780414700,8935,8952,train-task1-SI.labels
780414700,9661,9717,train-task1-SI.labels
780414700,9794,9804,train-task1-SI.labels
780414700,9815,9842,train-task1-SI.labels
780414700,13309,13331,train-task1-SI.labels
780414700,13520,13530,train-task1-SI.labels
780414700,1361,1404,train-task1-SI.labels
780414700,1740,2022,train-task1-SI.labels
780414700,3373,3388,train-task1-SI.labels
780414700,9347,9401,train-task1-SI.labels
780414700,17788,17830,train-task1-SI.labels
780414700,1653,1691,train-task1-SI.labels
780414700,17440,17457,train-task1-SI.labels
780414700,483,504,train-task1-SI.labels
780414700,866,887,train-task1-SI.labels
780414700,926,961,train-task1-SI.labels
780414700,6315,6393,train-task1-SI.labels
780414700,6561,6601,train-task1-SI.labels
780414700,14986,15028,train-task1-SI.labels
780414700,16614,16639,train-task1-SI.labels
780414700,17980,18035,train-task1-SI.labels
780414700,572,654,train-task1-SI.labels
780414700,1698,1738,train-task1-SI.labels
780414700,1971,1981,train-task1-SI.labels
780414700,726,735,train-task1-SI.labels
780414700,1304,1325,train-task1-SI.labels
780414700,2060,2284,train-task1-SI.labels
780414700,7820,7867,train-task1-SI.labels
780414700,7877,7917,train-task1-SI.labels
780414700,300,319,train-task1-SI.labels
780414700,5425,5738,train-task1-SI.labels
780414700,7410,7450,train-task1-SI.labels
780414700,10905,10959,train-task1-SI.labels
780414700,10993,11030,train-task1-SI.labels
780414700,11035,11072,train-task1-SI.labels
780414700,13920,13988,train-task1-SI.labels
780414700,2286,2330,train-task1-SI.labels
780414700,18812,18834,train-task1-SI.labels
780414700,9113,9135,train-task1-SI.labels
780414700,1852,1943,train-task1-SI.labels
780414700,3534,3578,train-task1-SI.labels
780414700,8632,8678,train-task1-SI.labels
780414700,4907,5047,train-task1-SI.labels
780414700,5821,5941,train-task1-SI.labels
780414700,15632,15697,train-task1-SI.labels
780414700,1192,1265,train-task1-SI.labels
780414700,5145,5206,train-task1-SI.labels
780414700,6832,6905,train-task1-SI.labels
780414700,7580,7638,train-task1-SI.labels
780414700,10488,10673,train-task1-SI.labels
780414700,17034,17229,train-task1-SI.labels
780619695,1538,1554,train-task1-SI.labels
780619695,1728,1744,train-task1-SI.labels
780619695,2018,2034,train-task1-SI.labels
780619695,2245,2261,train-task1-SI.labels
780619695,2838,2854,train-task1-SI.labels
780619695,3066,3082,train-task1-SI.labels
780619695,44,62,train-task1-SI.labels
780619695,3735,3740,train-task1-SI.labels
780619695,6301,6314,train-task1-SI.labels
780619695,1321,1337,train-task1-SI.labels
780619695,1935,1959,train-task1-SI.labels
780619695,4123,4129,train-task1-SI.labels
780619695,137,148,train-task1-SI.labels
780619695,149,160,train-task1-SI.labels
780619695,162,168,train-task1-SI.labels
780619695,174,183,train-task1-SI.labels
780619695,120,136,train-task1-SI.labels
780619695,1245,1262,train-task1-SI.labels
780619695,1770,1794,train-task1-SI.labels
780619695,2318,2325,train-task1-SI.labels
780619695,2329,2338,train-task1-SI.labels
780619695,2343,2359,train-task1-SI.labels
780619695,3207,3224,train-task1-SI.labels
780619695,3933,3941,train-task1-SI.labels
780619695,4212,4229,train-task1-SI.labels
780619695,4298,4309,train-task1-SI.labels
780619695,4504,4513,train-task1-SI.labels
780619695,4696,4736,train-task1-SI.labels
780619695,4856,4874,train-task1-SI.labels
780619695,5547,5553,train-task1-SI.labels
780619695,5985,6015,train-task1-SI.labels
780619695,6232,6251,train-task1-SI.labels
780786973,12,31,train-task1-SI.labels
780786973,104,111,train-task1-SI.labels
780786973,208,227,train-task1-SI.labels
780786973,303,328,train-task1-SI.labels
780786973,1439,1458,train-task1-SI.labels
780786973,340,411,train-task1-SI.labels
780786973,503,510,train-task1-SI.labels
780786973,1882,2009,train-task1-SI.labels
780786973,45,56,train-task1-SI.labels
780786973,158,176,train-task1-SI.labels
780786973,1297,1341,train-task1-SI.labels
780786973,1474,1513,train-task1-SI.labels
780786973,2157,2170,train-task1-SI.labels
780786973,2300,2314,train-task1-SI.labels
780786973,2369,2544,train-task1-SI.labels
780786973,2546,2730,train-task1-SI.labels
780787440,822,856,train-task1-SI.labels
780787440,2059,2073,train-task1-SI.labels
780787440,473,497,train-task1-SI.labels
780787440,2110,2395,train-task1-SI.labels
780787440,3090,3262,train-task1-SI.labels
780787440,379,414,train-task1-SI.labels
780787440,516,541,train-task1-SI.labels
780787440,1153,1404,train-task1-SI.labels
780787440,1703,1809,train-task1-SI.labels
780787440,1845,1910,train-task1-SI.labels
780787440,2439,2522,train-task1-SI.labels
780787440,2951,3087,train-task1-SI.labels
780787440,3501,3507,train-task1-SI.labels
780787440,3740,4317,train-task1-SI.labels
781577820,470,494,train-task1-SI.labels
781577820,554,561,train-task1-SI.labels
781577820,731,741,train-task1-SI.labels
781577820,14,25,train-task1-SI.labels
781577820,1642,1679,train-task1-SI.labels
781577820,163,190,train-task1-SI.labels
781577820,215,246,train-task1-SI.labels
781577820,274,302,train-task1-SI.labels
781577820,589,661,train-task1-SI.labels
781577820,968,1028,train-task1-SI.labels
781577820,1476,1608,train-task1-SI.labels
781577820,1031,1218,train-task1-SI.labels
781768042,382,597,train-task1-SI.labels
781768042,7029,7044,train-task1-SI.labels
781768042,7046,7169,train-task1-SI.labels
781768042,10249,10311,train-task1-SI.labels
781768042,4963,4971,train-task1-SI.labels
781768042,5923,6076,train-task1-SI.labels
781768042,6255,6266,train-task1-SI.labels
781768042,11503,11705,train-task1-SI.labels
781768042,0,108,train-task1-SI.labels
781768042,112,126,train-task1-SI.labels
781768042,173,210,train-task1-SI.labels
781768042,238,360,train-task1-SI.labels
781768042,727,770,train-task1-SI.labels
781768042,2681,2691,train-task1-SI.labels
781768042,2662,2675,train-task1-SI.labels
781768042,2721,2730,train-task1-SI.labels
781768042,2809,2818,train-task1-SI.labels
781768042,2892,2905,train-task1-SI.labels
781768042,2911,2921,train-task1-SI.labels
781768042,2932,2945,train-task1-SI.labels
781768042,2959,2969,train-task1-SI.labels
781768042,3085,3094,train-task1-SI.labels
781768042,3326,3335,train-task1-SI.labels
781768042,4699,4732,train-task1-SI.labels
781768042,4972,4998,train-task1-SI.labels
781768042,5533,5589,train-task1-SI.labels
781768042,6149,6167,train-task1-SI.labels
781768042,6346,6400,train-task1-SI.labels
781768042,6785,6854,train-task1-SI.labels
781768042,7261,7377,train-task1-SI.labels
781768042,7411,7420,train-task1-SI.labels
781768042,8553,8562,train-task1-SI.labels
781768042,9062,9438,train-task1-SI.labels
781768042,10765,10929,train-task1-SI.labels
781768042,10931,11420,train-task1-SI.labels
781768042,11333,11353,train-task1-SI.labels
781768042,11707,11947,train-task1-SI.labels
781768042,10346,10762,train-task1-SI.labels
781768042,11423,11501,train-task1-SI.labels
781768042,11987,12104,train-task1-SI.labels
781768042,12131,12141,train-task1-SI.labels
781768042,12322,12401,train-task1-SI.labels
781768042,12449,12526,train-task1-SI.labels
781768042,7516,7650,train-task1-SI.labels
781847297,419,485,train-task1-SI.labels
781847297,835,850,train-task1-SI.labels
781847297,205,224,train-task1-SI.labels
781847297,1057,1075,train-task1-SI.labels
781847297,1659,1675,train-task1-SI.labels
781847297,1502,1520,train-task1-SI.labels
781847297,82,116,train-task1-SI.labels
781847297,313,416,train-task1-SI.labels
781847297,639,670,train-task1-SI.labels
781847297,1408,1426,train-task1-SI.labels
781847297,1652,1656,train-task1-SI.labels
782017101,1282,1289,train-task1-SI.labels
782017101,1453,1461,train-task1-SI.labels
782017101,6893,6901,train-task1-SI.labels
782017101,7156,7178,train-task1-SI.labels
782017101,1690,1697,train-task1-SI.labels
782017101,3309,3321,train-task1-SI.labels
782017101,229,239,train-task1-SI.labels
782017101,253,261,train-task1-SI.labels
782017101,1149,1157,train-task1-SI.labels
782017101,2333,2370,train-task1-SI.labels
782017101,5633,5662,train-task1-SI.labels
782017101,6583,6599,train-task1-SI.labels
782017101,263,321,train-task1-SI.labels
782017101,560,580,train-task1-SI.labels
782017101,2253,2262,train-task1-SI.labels
782017101,5285,5302,train-task1-SI.labels
782017101,5753,5769,train-task1-SI.labels
782017101,7450,7480,train-task1-SI.labels
782017101,7573,7580,train-task1-SI.labels
782086447,7126,7137,train-task1-SI.labels
782086447,19791,19802,train-task1-SI.labels
782086447,6339,6345,train-task1-SI.labels
782086447,7117,7124,train-task1-SI.labels
782086447,19751,19771,train-task1-SI.labels
782086447,40294,40304,train-task1-SI.labels
782086447,21756,21769,train-task1-SI.labels
782086447,21780,21787,train-task1-SI.labels
782086447,29196,29217,train-task1-SI.labels
782086447,39495,39511,train-task1-SI.labels
782086447,117,123,train-task1-SI.labels
782086447,247,257,train-task1-SI.labels
782086447,2005,2015,train-task1-SI.labels
782086447,2228,2240,train-task1-SI.labels
782086447,2645,2664,train-task1-SI.labels
782086447,10594,10610,train-task1-SI.labels
782086447,10932,10958,train-task1-SI.labels
782086447,11592,11602,train-task1-SI.labels
782086447,21957,21965,train-task1-SI.labels
782086447,26848,26858,train-task1-SI.labels
782086447,30672,30678,train-task1-SI.labels
782086447,40268,40286,train-task1-SI.labels
782086447,41236,41243,train-task1-SI.labels
782086447,913,979,train-task1-SI.labels
782086447,2346,2356,train-task1-SI.labels
782086447,2676,2693,train-task1-SI.labels
782086447,2897,2904,train-task1-SI.labels
782086447,5039,5063,train-task1-SI.labels
782086447,8923,8930,train-task1-SI.labels
782086447,13636,13650,train-task1-SI.labels
782086447,24320,24330,train-task1-SI.labels
782086447,30487,30500,train-task1-SI.labels
782086447,30891,30913,train-task1-SI.labels
782086447,35346,35355,train-task1-SI.labels
782086447,37049,37059,train-task1-SI.labels
782086447,37308,37323,train-task1-SI.labels
782086447,38123,38138,train-task1-SI.labels
782086447,38139,38155,train-task1-SI.labels
782086447,39477,39493,train-task1-SI.labels
782086447,40148,40164,train-task1-SI.labels
782086447,40423,40429,train-task1-SI.labels
782086447,42861,42872,train-task1-SI.labels
782086447,42927,42938,train-task1-SI.labels
782149225,253,287,train-task1-SI.labels
782149225,472,485,train-task1-SI.labels
782149225,314,470,train-task1-SI.labels
782149225,573,973,train-task1-SI.labels
782149225,1561,1580,train-task1-SI.labels
782149225,1705,1754,train-task1-SI.labels
782149225,3068,3181,train-task1-SI.labels
782149225,4561,4757,train-task1-SI.labels
782149225,5057,5070,train-task1-SI.labels
782149225,5073,5222,train-task1-SI.labels
782149225,1616,1648,train-task1-SI.labels
783702663,886,905,train-task1-SI.labels
783702663,1134,1181,train-task1-SI.labels
783702663,1957,1974,train-task1-SI.labels
783702663,2799,2861,train-task1-SI.labels
783702663,3189,3303,train-task1-SI.labels
783702663,5092,5149,train-task1-SI.labels
783702663,6681,6716,train-task1-SI.labels
783702663,7073,7126,train-task1-SI.labels
783702663,7449,7626,train-task1-SI.labels
783702663,9381,9396,train-task1-SI.labels
783702663,9500,9531,train-task1-SI.labels
783702663,9548,9613,train-task1-SI.labels
783702663,10688,10895,train-task1-SI.labels
783702663,11247,11501,train-task1-SI.labels
783702663,11506,11702,train-task1-SI.labels
783702663,12390,12552,train-task1-SI.labels
783702663,14791,14829,train-task1-SI.labels
783702663,15209,15232,train-task1-SI.labels
783702663,15536,15557,train-task1-SI.labels
783702663,15722,15754,train-task1-SI.labels
783702663,18709,18726,train-task1-SI.labels
783702663,18759,18770,train-task1-SI.labels
783702663,18791,18808,train-task1-SI.labels
783702663,22136,22159,train-task1-SI.labels
783702663,24519,24555,train-task1-SI.labels
783702663,29165,29189,train-task1-SI.labels
783702663,29621,29644,train-task1-SI.labels
783702663,30190,30230,train-task1-SI.labels
783702663,33077,33099,train-task1-SI.labels
783702663,33818,33977,train-task1-SI.labels
783702663,34116,34136,train-task1-SI.labels
783702663,34151,34167,train-task1-SI.labels
783702663,3568,3733,train-task1-SI.labels
783702663,5271,5287,train-task1-SI.labels
783702663,5414,5624,train-task1-SI.labels
783702663,8097,8164,train-task1-SI.labels
783702663,9010,9121,train-task1-SI.labels
783702663,17407,17437,train-task1-SI.labels
783702663,23605,23830,train-task1-SI.labels
783702663,28842,28862,train-task1-SI.labels
783702663,40191,40629,train-task1-SI.labels
783702663,47145,47240,train-task1-SI.labels
783702663,26,49,train-task1-SI.labels
783702663,2268,2375,train-task1-SI.labels
783702663,2050,2071,train-task1-SI.labels
783702663,2082,2266,train-task1-SI.labels
783702663,2714,2737,train-task1-SI.labels
783702663,3081,3113,train-task1-SI.labels
783702663,2925,2968,train-task1-SI.labels
783702663,3761,3797,train-task1-SI.labels
783702663,3904,3916,train-task1-SI.labels
783702663,3959,3997,train-task1-SI.labels
783702663,4167,4224,train-task1-SI.labels
783702663,4252,4277,train-task1-SI.labels
783702663,5291,5314,train-task1-SI.labels
783702663,5585,5624,train-task1-SI.labels
783702663,5780,6010,train-task1-SI.labels
783702663,6013,6234,train-task1-SI.labels
783702663,6236,6254,train-task1-SI.labels
783702663,6323,6335,train-task1-SI.labels
783702663,6511,6527,train-task1-SI.labels
783702663,6779,6786,train-task1-SI.labels
783702663,6891,6960,train-task1-SI.labels
783702663,7199,7210,train-task1-SI.labels
783702663,7704,7905,train-task1-SI.labels
783702663,8045,8094,train-task1-SI.labels
783702663,8314,8369,train-task1-SI.labels
783702663,8440,8457,train-task1-SI.labels
783702663,8871,8924,train-task1-SI.labels
783702663,9215,9252,train-task1-SI.labels
783702663,9432,9466,train-task1-SI.labels
783702663,9774,9818,train-task1-SI.labels
783702663,9820,9852,train-task1-SI.labels
783702663,9885,9893,train-task1-SI.labels
783702663,9951,10100,train-task1-SI.labels
783702663,10947,11164,train-task1-SI.labels
783702663,11731,11877,train-task1-SI.labels
783702663,11904,11967,train-task1-SI.labels
783702663,13659,13719,train-task1-SI.labels
783702663,13735,13781,train-task1-SI.labels
783702663,13518,13641,train-task1-SI.labels
783702663,14013,14038,train-task1-SI.labels
783702663,14261,14295,train-task1-SI.labels
783702663,14642,14683,train-task1-SI.labels
783702663,14710,14749,train-task1-SI.labels
783702663,14950,14972,train-task1-SI.labels
783702663,15115,15186,train-task1-SI.labels
783702663,15654,15666,train-task1-SI.labels
783702663,15952,16007,train-task1-SI.labels
783702663,16012,16031,train-task1-SI.labels
783702663,16802,16842,train-task1-SI.labels
783702663,16865,16958,train-task1-SI.labels
783702663,17351,17366,train-task1-SI.labels
783702663,17370,17399,train-task1-SI.labels
783702663,18078,18102,train-task1-SI.labels
783702663,18354,18420,train-task1-SI.labels
783702663,19166,19196,train-task1-SI.labels
783702663,19735,19833,train-task1-SI.labels
783702663,20065,20097,train-task1-SI.labels
783702663,20165,20189,train-task1-SI.labels
783702663,20296,20354,train-task1-SI.labels
783702663,20423,20449,train-task1-SI.labels
783702663,20466,20660,train-task1-SI.labels
783702663,20589,20619,train-task1-SI.labels
783702663,20662,20679,train-task1-SI.labels
783702663,20753,20765,train-task1-SI.labels
783702663,20774,20796,train-task1-SI.labels
783702663,20923,20938,train-task1-SI.labels
783702663,20895,20922,train-task1-SI.labels
783702663,21246,21515,train-task1-SI.labels
783702663,21524,21560,train-task1-SI.labels
783702663,21638,21701,train-task1-SI.labels
783702663,21907,21959,train-task1-SI.labels
783702663,22579,22643,train-task1-SI.labels
783702663,22692,22714,train-task1-SI.labels
783702663,23021,23037,train-task1-SI.labels
783702663,23085,23127,train-task1-SI.labels
783702663,23358,23510,train-task1-SI.labels
783702663,23580,23596,train-task1-SI.labels
783702663,23845,23869,train-task1-SI.labels
783702663,23929,23995,train-task1-SI.labels
783702663,24612,24642,train-task1-SI.labels
783702663,24671,24695,train-task1-SI.labels
783702663,25357,25376,train-task1-SI.labels
783702663,25679,25708,train-task1-SI.labels
783702663,25770,25795,train-task1-SI.labels
783702663,25913,25926,train-task1-SI.labels
783702663,26507,26533,train-task1-SI.labels
783702663,27574,27598,train-task1-SI.labels
783702663,27601,27725,train-task1-SI.labels
783702663,27843,27872,train-task1-SI.labels
783702663,27888,28217,train-task1-SI.labels
783702663,28372,28499,train-task1-SI.labels
783702663,29144,29162,train-task1-SI.labels
783702663,29897,29916,train-task1-SI.labels
783702663,30241,30248,train-task1-SI.labels
783702663,30594,30612,train-task1-SI.labels
783702663,30701,30900,train-task1-SI.labels
783702663,30931,30967,train-task1-SI.labels
783702663,31142,31280,train-task1-SI.labels
783702663,31410,31438,train-task1-SI.labels
783702663,31572,31946,train-task1-SI.labels
783702663,31756,31781,train-task1-SI.labels
783702663,31850,31873,train-task1-SI.labels
783702663,31911,31946,train-task1-SI.labels
783702663,31948,32272,train-task1-SI.labels
783702663,32894,32959,train-task1-SI.labels
783702663,33129,33156,train-task1-SI.labels
783702663,34719,34815,train-task1-SI.labels
783702663,35182,35214,train-task1-SI.labels
783702663,35664,35814,train-task1-SI.labels
783702663,35872,36008,train-task1-SI.labels
783702663,36086,36449,train-task1-SI.labels
783702663,36648,36684,train-task1-SI.labels
783702663,37069,37101,train-task1-SI.labels
783702663,37193,37232,train-task1-SI.labels
783702663,37486,37576,train-task1-SI.labels
783702663,37819,37855,train-task1-SI.labels
783702663,37874,38077,train-task1-SI.labels
783702663,38570,38665,train-task1-SI.labels
783702663,38762,38802,train-task1-SI.labels
783702663,39084,39201,train-task1-SI.labels
783702663,39700,39919,train-task1-SI.labels
783702663,39952,40189,train-task1-SI.labels
783702663,40668,40693,train-task1-SI.labels
783702663,40750,41110,train-task1-SI.labels
783702663,41371,41386,train-task1-SI.labels
783702663,41466,41543,train-task1-SI.labels
783702663,41648,41664,train-task1-SI.labels
783702663,41769,41788,train-task1-SI.labels
783702663,41790,41826,train-task1-SI.labels
783702663,42660,42701,train-task1-SI.labels
783702663,43870,43891,train-task1-SI.labels
783702663,44153,44273,train-task1-SI.labels
783702663,46117,46145,train-task1-SI.labels
783702663,46305,46328,train-task1-SI.labels
783702663,46478,46554,train-task1-SI.labels
783702663,46620,46760,train-task1-SI.labels
783702663,46813,46852,train-task1-SI.labels
783702663,46902,46948,train-task1-SI.labels
783702663,47108,47126,train-task1-SI.labels
783702663,47271,47306,train-task1-SI.labels
783702663,47332,47391,train-task1-SI.labels
783702663,6964,7010,train-task1-SI.labels
783702663,10344,10372,train-task1-SI.labels
783702663,24371,24386,train-task1-SI.labels
783702663,25545,25559,train-task1-SI.labels
783702663,29256,29266,train-task1-SI.labels
783702663,29714,29724,train-task1-SI.labels
783702663,31311,31349,train-task1-SI.labels
783702663,39397,39470,train-task1-SI.labels
783702663,45187,45317,train-task1-SI.labels
785801366,1622,1644,train-task1-SI.labels
785801366,2830,2853,train-task1-SI.labels
785801366,3939,4427,train-task1-SI.labels
785801366,4563,4568,train-task1-SI.labels
785801366,7108,7131,train-task1-SI.labels
785801366,8174,8192,train-task1-SI.labels
785801366,8212,8241,train-task1-SI.labels
785801366,8977,9022,train-task1-SI.labels
785801366,4570,4710,train-task1-SI.labels
785801366,178,205,train-task1-SI.labels
785801366,234,245,train-task1-SI.labels
785801366,502,525,train-task1-SI.labels
785801366,543,559,train-task1-SI.labels
785801366,756,791,train-task1-SI.labels
785801366,830,869,train-task1-SI.labels
785801366,1532,1545,train-task1-SI.labels
785801366,1683,1868,train-task1-SI.labels
785801366,1919,2050,train-task1-SI.labels
785801366,2078,2107,train-task1-SI.labels
785801366,2158,2185,train-task1-SI.labels
785801366,2267,2291,train-task1-SI.labels
785801366,2441,2468,train-task1-SI.labels
785801366,2470,2703,train-task1-SI.labels
785801366,2595,2605,train-task1-SI.labels
785801366,2609,2661,train-task1-SI.labels
785801366,2757,2775,train-task1-SI.labels
785801366,2855,2941,train-task1-SI.labels
785801366,2978,3024,train-task1-SI.labels
785801366,3332,3371,train-task1-SI.labels
785801366,3435,3609,train-task1-SI.labels
785801366,3636,3662,train-task1-SI.labels
785801366,3738,3760,train-task1-SI.labels
785801366,3716,3725,train-task1-SI.labels
785801366,3828,3837,train-task1-SI.labels
785801366,4966,4999,train-task1-SI.labels
785801366,5275,5286,train-task1-SI.labels
785801366,5645,5658,train-task1-SI.labels
785801366,5765,5772,train-task1-SI.labels
785801366,5990,6001,train-task1-SI.labels
785801366,6434,6461,train-task1-SI.labels
785801366,6549,6588,train-task1-SI.labels
785801366,6717,6726,train-task1-SI.labels
785801366,6629,6655,train-task1-SI.labels
785801366,7162,7179,train-task1-SI.labels
785801366,7501,7576,train-task1-SI.labels
785801366,7600,7632,train-task1-SI.labels
785801366,7722,7773,train-task1-SI.labels
785801366,7812,7832,train-task1-SI.labels
785801366,7892,7927,train-task1-SI.labels
785801366,8385,8432,train-task1-SI.labels
785801366,8736,8753,train-task1-SI.labels
785801366,8780,8788,train-task1-SI.labels
785801366,8823,8862,train-task1-SI.labels
785801366,8892,8912,train-task1-SI.labels
785801366,8926,8950,train-task1-SI.labels
785801366,9054,9078,train-task1-SI.labels
785801366,9082,9102,train-task1-SI.labels
785801366,9122,9129,train-task1-SI.labels
785801366,2198,2226,train-task1-SI.labels
785801366,2230,2258,train-task1-SI.labels
785801366,2948,2976,train-task1-SI.labels
785801366,3686,3714,train-task1-SI.labels
786250729,1895,1905,train-task1-SI.labels
786250729,2886,2916,train-task1-SI.labels
786250729,631,649,train-task1-SI.labels
786250729,44,60,train-task1-SI.labels
786250729,1014,1050,train-task1-SI.labels
786250729,1129,1152,train-task1-SI.labels
786250729,1267,1308,train-task1-SI.labels
786250729,1468,1656,train-task1-SI.labels
786250729,1764,1770,train-task1-SI.labels
786250729,2934,2946,train-task1-SI.labels
786250729,3166,3187,train-task1-SI.labels
786250729,3208,3257,train-task1-SI.labels
786250729,121,237,train-task1-SI.labels
786344683,1431,1449,train-task1-SI.labels
786344683,1599,1613,train-task1-SI.labels
786344683,1630,1646,train-task1-SI.labels
786344683,6165,6272,train-task1-SI.labels
786344683,73,127,train-task1-SI.labels
786344683,262,280,train-task1-SI.labels
786344683,726,768,train-task1-SI.labels
786344683,843,870,train-task1-SI.labels
786344683,985,994,train-task1-SI.labels
786344683,1572,1593,train-task1-SI.labels
786344683,1681,1743,train-task1-SI.labels
786344683,2208,2218,train-task1-SI.labels
786344683,2291,2308,train-task1-SI.labels
786344683,3347,3360,train-task1-SI.labels
786344683,5025,5073,train-task1-SI.labels
786344683,6014,6031,train-task1-SI.labels
786344683,2366,2431,train-task1-SI.labels
786527921,827,898,train-task1-SI.labels
786527921,2176,2238,train-task1-SI.labels
786527921,2415,2440,train-task1-SI.labels
786527921,10665,10684,train-task1-SI.labels
786527921,10713,10737,train-task1-SI.labels
786527921,11260,11284,train-task1-SI.labels
786527921,11294,11311,train-task1-SI.labels
786527921,12164,12267,train-task1-SI.labels
786527921,12385,12404,train-task1-SI.labels
786527921,16221,16253,train-task1-SI.labels
786527921,16530,16544,train-task1-SI.labels
786527921,5622,5643,train-task1-SI.labels
786527921,10496,10512,train-task1-SI.labels
786527921,12974,13022,train-task1-SI.labels
786527921,1,16,train-task1-SI.labels
786527921,259,300,train-task1-SI.labels
786527921,729,736,train-task1-SI.labels
786527921,1281,1329,train-task1-SI.labels
786527921,1465,1480,train-task1-SI.labels
786527921,1881,1904,train-task1-SI.labels
786527921,1955,2170,train-task1-SI.labels
786527921,2753,2765,train-task1-SI.labels
786527921,3033,3065,train-task1-SI.labels
786527921,5134,5376,train-task1-SI.labels
786527921,5787,5810,train-task1-SI.labels
786527921,6132,6149,train-task1-SI.labels
786527921,6683,6695,train-task1-SI.labels
786527921,6880,6908,train-task1-SI.labels
786527921,7032,7051,train-task1-SI.labels
786527921,7482,7583,train-task1-SI.labels
786527921,7598,7633,train-task1-SI.labels
786527921,8403,8449,train-task1-SI.labels
786527921,8548,8566,train-task1-SI.labels
786527921,7747,7771,train-task1-SI.labels
786527921,8838,8856,train-task1-SI.labels
786527921,8903,8923,train-task1-SI.labels
786527921,9063,9078,train-task1-SI.labels
786527921,9859,9869,train-task1-SI.labels
786527921,9942,10004,train-task1-SI.labels
786527921,10254,10267,train-task1-SI.labels
786527921,10920,10973,train-task1-SI.labels
786527921,11506,11530,train-task1-SI.labels
786527921,12856,12878,train-task1-SI.labels
786527921,13029,13062,train-task1-SI.labels
786527921,13191,13235,train-task1-SI.labels
786527921,13589,13733,train-task1-SI.labels
786527921,13931,13982,train-task1-SI.labels
786527921,14062,14097,train-task1-SI.labels
786527921,14488,14500,train-task1-SI.labels
786527921,14505,14550,train-task1-SI.labels
786527921,14918,14942,train-task1-SI.labels
786527921,15077,15112,train-task1-SI.labels
786527921,16017,16053,train-task1-SI.labels
786527921,16104,16121,train-task1-SI.labels
786527921,16130,16177,train-task1-SI.labels
786527921,16804,16827,train-task1-SI.labels
786527921,16846,16868,train-task1-SI.labels
786527921,16919,16949,train-task1-SI.labels
786527921,8099,8114,train-task1-SI.labels
786527921,14149,14328,train-task1-SI.labels
786731884,1559,1626,train-task1-SI.labels
786731884,1733,1788,train-task1-SI.labels
786731884,2238,2379,train-task1-SI.labels
786731884,4240,4258,train-task1-SI.labels
786731884,4441,4499,train-task1-SI.labels
786731884,3649,3693,train-task1-SI.labels
786731884,3996,4079,train-task1-SI.labels
786731884,30,44,train-task1-SI.labels
786731884,218,237,train-task1-SI.labels
786731884,249,285,train-task1-SI.labels
786731884,322,341,train-task1-SI.labels
786731884,369,392,train-task1-SI.labels
786731884,430,473,train-task1-SI.labels
786731884,513,534,train-task1-SI.labels
786731884,714,729,train-task1-SI.labels
786731884,862,876,train-task1-SI.labels
786731884,926,945,train-task1-SI.labels
786731884,957,993,train-task1-SI.labels
786731884,1459,1482,train-task1-SI.labels
786731884,1670,1693,train-task1-SI.labels
786731884,2091,2136,train-task1-SI.labels
786731884,2443,2459,train-task1-SI.labels
786731884,2462,2574,train-task1-SI.labels
786731884,2501,2519,train-task1-SI.labels
786731884,2714,2758,train-task1-SI.labels
786731884,2775,2795,train-task1-SI.labels
786731884,2799,2819,train-task1-SI.labels
786731884,2822,2915,train-task1-SI.labels
786731884,3041,3051,train-task1-SI.labels
786731884,3121,3141,train-task1-SI.labels
786731884,3150,3165,train-task1-SI.labels
786731884,4278,4299,train-task1-SI.labels
786731884,4803,4825,train-task1-SI.labels
786731884,4847,4855,train-task1-SI.labels
786731884,4890,4929,train-task1-SI.labels
786731884,4082,4169,train-task1-SI.labels
786919720,83,98,train-task1-SI.labels
786919720,4347,4364,train-task1-SI.labels
786919720,4438,4459,train-task1-SI.labels
786919720,164,194,train-task1-SI.labels
786919720,282,672,train-task1-SI.labels
786919720,1158,1191,train-task1-SI.labels
786919720,3177,3195,train-task1-SI.labels
786919720,4659,4682,train-task1-SI.labels
786919720,4713,4804,train-task1-SI.labels
786919720,1146,1156,train-task1-SI.labels
786919720,4526,4594,train-task1-SI.labels
787002327,2110,2257,train-task1-SI.labels
787002327,2707,2728,train-task1-SI.labels
787002327,4104,4173,train-task1-SI.labels
787002327,4630,4648,train-task1-SI.labels
787002327,4710,4757,train-task1-SI.labels
787002327,5606,5625,train-task1-SI.labels
787002327,5916,5942,train-task1-SI.labels
787002327,6166,6190,train-task1-SI.labels
787002327,6195,6208,train-task1-SI.labels
787002327,6813,7147,train-task1-SI.labels
787002327,3103,3203,train-task1-SI.labels
787002327,3557,3572,train-task1-SI.labels
787002327,3582,3597,train-task1-SI.labels
787002327,184,203,train-task1-SI.labels
787002327,215,251,train-task1-SI.labels
787002327,288,307,train-task1-SI.labels
787002327,363,386,train-task1-SI.labels
787002327,459,502,train-task1-SI.labels
787002327,542,563,train-task1-SI.labels
787002327,682,705,train-task1-SI.labels
787002327,838,1019,train-task1-SI.labels
787002327,1109,1160,train-task1-SI.labels
787002327,1195,1219,train-task1-SI.labels
787002327,1266,1285,train-task1-SI.labels
787002327,1356,1370,train-task1-SI.labels
787002327,1471,1505,train-task1-SI.labels
787002327,1709,1881,train-task1-SI.labels
787002327,1961,1980,train-task1-SI.labels
787002327,2263,2357,train-task1-SI.labels
787002327,2458,2492,train-task1-SI.labels
787002327,2867,2897,train-task1-SI.labels
787002327,4007,4032,train-task1-SI.labels
787002327,4193,4225,train-task1-SI.labels
787002327,4412,4433,train-task1-SI.labels
787002327,5243,5248,train-task1-SI.labels
787002327,5252,5303,train-task1-SI.labels
787002327,5467,5544,train-task1-SI.labels
787002327,5667,5770,train-task1-SI.labels
787002327,5908,5915,train-task1-SI.labels
787002327,6064,6087,train-task1-SI.labels
787002327,6460,6489,train-task1-SI.labels
787002327,6530,6548,train-task1-SI.labels
787002327,6739,6811,train-task1-SI.labels
787002327,7149,7200,train-task1-SI.labels
787142429,1150,1204,train-task1-SI.labels
787142429,2684,2815,train-task1-SI.labels
787142429,1106,1123,train-task1-SI.labels
787529309,70,87,train-task1-SI.labels
787529309,288,319,train-task1-SI.labels
787529309,924,960,train-task1-SI.labels
787529309,2405,2430,train-task1-SI.labels
787529309,2694,2708,train-task1-SI.labels
787529309,3158,3173,train-task1-SI.labels
787529309,8200,8310,train-task1-SI.labels
787529309,8337,8365,train-task1-SI.labels
787529309,8567,8585,train-task1-SI.labels
787529309,8686,8710,train-task1-SI.labels
787529309,9303,9384,train-task1-SI.labels
787529309,9661,9697,train-task1-SI.labels
787529309,16,39,train-task1-SI.labels
787529309,5159,5195,train-task1-SI.labels
787529309,323,346,train-task1-SI.labels
787529309,2338,2356,train-task1-SI.labels
787529309,5394,5414,train-task1-SI.labels
787529309,6056,6347,train-task1-SI.labels
787529309,6678,6784,train-task1-SI.labels
787529309,7626,7677,train-task1-SI.labels
787529309,7814,7853,train-task1-SI.labels
787529309,2871,2876,train-task1-SI.labels
787529309,9173,9282,train-task1-SI.labels
787668628,613,656,train-task1-SI.labels
787668628,673,688,train-task1-SI.labels
787668628,720,766,train-task1-SI.labels
787668628,0,118,train-task1-SI.labels
787668628,475,499,train-task1-SI.labels
787668628,592,602,train-task1-SI.labels
787668628,2408,2425,train-task1-SI.labels
787668628,3729,3842,train-task1-SI.labels
787668628,4993,5125,train-task1-SI.labels
787668628,5982,5997,train-task1-SI.labels
787668628,5153,5360,train-task1-SI.labels
787668628,5373,5392,train-task1-SI.labels
787759779,681,696,train-task1-SI.labels
787759779,331,343,train-task1-SI.labels
787759779,495,507,train-task1-SI.labels
787759779,590,623,train-task1-SI.labels
787759779,1011,1032,train-task1-SI.labels
787759779,670,679,train-task1-SI.labels
787955075,2145,2414,train-task1-SI.labels
787955075,2097,2131,train-task1-SI.labels
787955075,2557,2582,train-task1-SI.labels
787955075,108,116,train-task1-SI.labels
787955075,281,302,train-task1-SI.labels
788056108,235,279,train-task1-SI.labels
788056108,587,636,train-task1-SI.labels
788056108,979,1012,train-task1-SI.labels
788056108,2930,3059,train-task1-SI.labels
788056108,4632,4680,train-task1-SI.labels
788056108,4780,4804,train-task1-SI.labels
788056108,15142,15456,train-task1-SI.labels
788056108,60,76,train-task1-SI.labels
788056108,818,860,train-task1-SI.labels
788056108,5941,5977,train-task1-SI.labels
788056108,14028,14312,train-task1-SI.labels
788056108,15683,15829,train-task1-SI.labels
788056108,183,201,train-task1-SI.labels
788056108,364,393,train-task1-SI.labels
788056108,694,731,train-task1-SI.labels
788056108,763,787,train-task1-SI.labels
788056108,1110,1133,train-task1-SI.labels
788056108,1144,1174,train-task1-SI.labels
788056108,1338,1405,train-task1-SI.labels
788056108,1407,1640,train-task1-SI.labels
788056108,1946,1965,train-task1-SI.labels
788056108,2058,2139,train-task1-SI.labels
788056108,2142,2479,train-task1-SI.labels
788056108,2482,2701,train-task1-SI.labels
788056108,2768,2923,train-task1-SI.labels
788056108,3243,3274,train-task1-SI.labels
788056108,3490,3623,train-task1-SI.labels
788056108,3765,3783,train-task1-SI.labels
788056108,4187,4202,train-task1-SI.labels
788056108,4716,4733,train-task1-SI.labels
788056108,5537,5636,train-task1-SI.labels
788056108,6680,6851,train-task1-SI.labels
788056108,6875,6898,train-task1-SI.labels
788056108,7174,7199,train-task1-SI.labels
788056108,7226,7254,train-task1-SI.labels
788056108,7337,7382,train-task1-SI.labels
788056108,7755,7832,train-task1-SI.labels
788056108,8012,8070,train-task1-SI.labels
788056108,8936,8962,train-task1-SI.labels
788056108,10272,10297,train-task1-SI.labels
788056108,10440,10465,train-task1-SI.labels
788056108,10603,10746,train-task1-SI.labels
788056108,10760,10914,train-task1-SI.labels
788056108,11123,11255,train-task1-SI.labels
788056108,11957,11980,train-task1-SI.labels
788056108,12155,12167,train-task1-SI.labels
788056108,12176,12222,train-task1-SI.labels
788056108,12547,13082,train-task1-SI.labels
788056108,13084,13617,train-task1-SI.labels
788056108,14365,14417,train-task1-SI.labels
788056108,14419,14785,train-task1-SI.labels
788056108,15317,15352,train-task1-SI.labels
788056108,15895,16016,train-task1-SI.labels
788056108,16028,16077,train-task1-SI.labels
788056108,16357,16533,train-task1-SI.labels
788056108,16939,17166,train-task1-SI.labels
788056108,17271,17330,train-task1-SI.labels
788056108,17169,17184,train-task1-SI.labels
788056108,17355,17391,train-task1-SI.labels
788056108,17392,17427,train-task1-SI.labels
788056108,17512,17805,train-task1-SI.labels
788056108,17917,17969,train-task1-SI.labels
788056108,92,99,train-task1-SI.labels
788056108,3625,3710,train-task1-SI.labels
788173482,1025,1088,train-task1-SI.labels
788173482,2140,2188,train-task1-SI.labels
788173482,5113,5130,train-task1-SI.labels
788173482,5731,5754,train-task1-SI.labels
788173482,7619,7636,train-task1-SI.labels
788173482,1780,1794,train-task1-SI.labels
788173482,3326,3349,train-task1-SI.labels
788173482,5333,5484,train-task1-SI.labels
788173482,9,32,train-task1-SI.labels
788173482,500,510,train-task1-SI.labels
788173482,534,586,train-task1-SI.labels
788173482,780,818,train-task1-SI.labels
788173482,1177,1197,train-task1-SI.labels
788173482,1269,1295,train-task1-SI.labels
788173482,1371,1403,train-task1-SI.labels
788173482,1507,1533,train-task1-SI.labels
788173482,1605,1702,train-task1-SI.labels
788173482,1827,1842,train-task1-SI.labels
788173482,2048,2078,train-task1-SI.labels
788173482,2228,2280,train-task1-SI.labels
788173482,2356,2376,train-task1-SI.labels
788173482,2498,2523,train-task1-SI.labels
788173482,2944,3003,train-task1-SI.labels
788173482,3160,3177,train-task1-SI.labels
788173482,3402,3435,train-task1-SI.labels
788173482,2308,2345,train-task1-SI.labels
788173482,4460,4480,train-task1-SI.labels
788173482,4610,4684,train-task1-SI.labels
788173482,4846,4900,train-task1-SI.labels
788173482,4926,4960,train-task1-SI.labels
788173482,7906,7917,train-task1-SI.labels
788173482,7846,7852,train-task1-SI.labels
788173482,7970,8005,train-task1-SI.labels
788173482,598,655,train-task1-SI.labels
788726416,4298,4312,train-task1-SI.labels
788726416,53,73,train-task1-SI.labels
788726416,105,122,train-task1-SI.labels
788726416,124,143,train-task1-SI.labels
788726416,0,23,train-task1-SI.labels
788726416,559,602,train-task1-SI.labels
788726416,362,492,train-task1-SI.labels
788726416,678,725,train-task1-SI.labels
788726416,973,1147,train-task1-SI.labels
788726416,1986,2012,train-task1-SI.labels
788726416,3323,3336,train-task1-SI.labels
788726416,3442,3469,train-task1-SI.labels
788726416,3962,4010,train-task1-SI.labels
788726416,4691,4708,train-task1-SI.labels
788816478,162,178,train-task1-SI.labels
788816478,446,635,train-task1-SI.labels
788816478,652,687,train-task1-SI.labels
788816478,1916,1944,train-task1-SI.labels
788816478,5528,5563,train-task1-SI.labels
788816478,5942,6075,train-task1-SI.labels
788816478,6484,6503,train-task1-SI.labels
788816478,1981,2023,train-task1-SI.labels
788816478,4739,4766,train-task1-SI.labels
788816478,331,373,train-task1-SI.labels
788816478,1950,1980,train-task1-SI.labels
788816478,3805,3827,train-task1-SI.labels
788816478,4272,4284,train-task1-SI.labels
788816478,4413,4427,train-task1-SI.labels
788816478,4563,4604,train-task1-SI.labels
788816478,5330,5403,train-task1-SI.labels
788816478,5587,5622,train-task1-SI.labels
788816478,6657,6696,train-task1-SI.labels
788900262,0,91,train-task1-SI.labels
788900262,1722,1749,train-task1-SI.labels
788900262,1817,1830,train-task1-SI.labels
788900262,1858,1891,train-task1-SI.labels
788900262,2402,2428,train-task1-SI.labels
788900262,4190,4224,train-task1-SI.labels
788900262,5064,5083,train-task1-SI.labels
788900262,6020,6109,train-task1-SI.labels
788900262,6658,6675,train-task1-SI.labels
788900262,168,269,train-task1-SI.labels
788900262,2218,2270,train-task1-SI.labels
788900262,4478,4561,train-task1-SI.labels
788900262,4877,5017,train-task1-SI.labels
788900262,2272,2383,train-task1-SI.labels
788900262,2696,2711,train-task1-SI.labels
788900262,5113,5137,train-task1-SI.labels
788900262,6331,6408,train-task1-SI.labels
788900262,6490,6583,train-task1-SI.labels
788900262,6601,6657,train-task1-SI.labels
788900262,1484,1576,train-task1-SI.labels
788900262,5263,5313,train-task1-SI.labels
789121265,2814,2846,train-task1-SI.labels
789121265,3071,3229,train-task1-SI.labels
789121265,400,419,train-task1-SI.labels
789121265,1317,1349,train-task1-SI.labels
789121265,1836,1847,train-task1-SI.labels
789121265,218,398,train-task1-SI.labels
789121265,1969,1979,train-task1-SI.labels
789121265,2018,2195,train-task1-SI.labels
789121265,2566,2576,train-task1-SI.labels
789121265,2848,2893,train-task1-SI.labels
789121265,2926,3069,train-task1-SI.labels
789121265,3594,3599,train-task1-SI.labels
789121265,4064,4108,train-task1-SI.labels
789121798,352,369,train-task1-SI.labels
789121798,402,439,train-task1-SI.labels
789121798,1175,1207,train-task1-SI.labels
789121798,3140,3183,train-task1-SI.labels
789121798,3988,4202,train-task1-SI.labels
789121798,2480,2701,train-task1-SI.labels
789121798,19,35,train-task1-SI.labels
789121798,264,298,train-task1-SI.labels
789121798,236,249,train-task1-SI.labels
789121798,441,479,train-task1-SI.labels
789121798,626,640,train-task1-SI.labels
789121798,2339,2416,train-task1-SI.labels
789121798,2949,3085,train-task1-SI.labels
789121798,3087,3096,train-task1-SI.labels
789121798,3312,3346,train-task1-SI.labels
789121798,3366,3386,train-task1-SI.labels
789121798,4294,4323,train-task1-SI.labels
789121798,880,891,train-task1-SI.labels
789121798,1082,1164,train-task1-SI.labels
789370909,3212,3231,train-task1-SI.labels
789370909,11058,11070,train-task1-SI.labels
789370909,2009,2030,train-task1-SI.labels
789370909,10444,10485,train-task1-SI.labels
789370909,53,78,train-task1-SI.labels
789370909,459,491,train-task1-SI.labels
789370909,1894,1919,train-task1-SI.labels
789370909,2148,2171,train-task1-SI.labels
789370909,4056,4071,train-task1-SI.labels
789370909,4416,4439,train-task1-SI.labels
789370909,4736,4756,train-task1-SI.labels
789370909,6861,6881,train-task1-SI.labels
789370909,8063,8083,train-task1-SI.labels
789370909,8985,9015,train-task1-SI.labels
789370909,9255,9271,train-task1-SI.labels
789370909,9306,9433,train-task1-SI.labels
789370909,9840,9870,train-task1-SI.labels
789370909,11722,11746,train-task1-SI.labels
789370909,11848,11871,train-task1-SI.labels
789370909,11837,11843,train-task1-SI.labels
789370909,5762,5843,train-task1-SI.labels
789370909,5939,6056,train-task1-SI.labels
789370909,7380,7572,train-task1-SI.labels
789370909,8517,8597,train-task1-SI.labels
789370909,9135,9210,train-task1-SI.labels
789370909,10867,10940,train-task1-SI.labels
789370909,11625,11705,train-task1-SI.labels
789370998,4,21,train-task1-SI.labels
789370998,108,136,train-task1-SI.labels
789370998,573,684,train-task1-SI.labels
789370998,863,880,train-task1-SI.labels
789370998,1206,1255,train-task1-SI.labels
789370998,1714,1719,train-task1-SI.labels
789370998,2978,3007,train-task1-SI.labels
789370998,3878,3907,train-task1-SI.labels
789370998,4007,4020,train-task1-SI.labels
789615291,1758,1766,train-task1-SI.labels
789615291,2003,2030,train-task1-SI.labels
789615291,3150,3163,train-task1-SI.labels
789615291,3372,3415,train-task1-SI.labels
789615291,6456,6477,train-task1-SI.labels
789615291,6965,6982,train-task1-SI.labels
789615291,8200,8232,train-task1-SI.labels
789615291,9008,9032,train-task1-SI.labels
789615291,9044,9079,train-task1-SI.labels
789615291,9866,9892,train-task1-SI.labels
789615291,11856,11871,train-task1-SI.labels
789615291,13487,13554,train-task1-SI.labels
789615291,465,491,train-task1-SI.labels
789615291,647,980,train-task1-SI.labels
789615291,1057,1065,train-task1-SI.labels
789615291,1868,1878,train-task1-SI.labels
789615291,2036,2044,train-task1-SI.labels
789615291,2056,2065,train-task1-SI.labels
789615291,2196,2204,train-task1-SI.labels
789615291,2489,2507,train-task1-SI.labels
789615291,4399,4416,train-task1-SI.labels
789615291,5610,5629,train-task1-SI.labels
789615291,6207,6230,train-task1-SI.labels
789615291,6351,6388,train-task1-SI.labels
789615291,6697,6721,train-task1-SI.labels
789615291,6481,6566,train-task1-SI.labels
789615291,7520,7554,train-task1-SI.labels
789615291,7787,7795,train-task1-SI.labels
789615291,8987,8995,train-task1-SI.labels
789615291,9166,9230,train-task1-SI.labels
789615291,9370,9506,train-task1-SI.labels
789615291,9597,9612,train-task1-SI.labels
789615291,9629,9645,train-task1-SI.labels
789615291,10107,10115,train-task1-SI.labels
789615291,10488,10508,train-task1-SI.labels
789615291,11050,11058,train-task1-SI.labels
789615291,11556,11592,train-task1-SI.labels
789615291,11639,11657,train-task1-SI.labels
789615291,11800,11815,train-task1-SI.labels
789615291,12154,12187,train-task1-SI.labels
789615291,12217,12238,train-task1-SI.labels
789615291,12449,12499,train-task1-SI.labels
789615291,12729,12778,train-task1-SI.labels
789615291,12986,12993,train-task1-SI.labels
789615291,13260,13268,train-task1-SI.labels
789615291,13598,13616,train-task1-SI.labels
789615291,13740,13759,train-task1-SI.labels
789615291,3829,3905,train-task1-SI.labels
789615291,11179,11219,train-task1-SI.labels
789615291,12040,12094,train-task1-SI.labels
789615291,12848,12853,train-task1-SI.labels
790266787,1403,1416,train-task1-SI.labels
790266787,1921,1958,train-task1-SI.labels
790266787,3134,3152,train-task1-SI.labels
790266787,3372,3379,train-task1-SI.labels
790266787,3391,3531,train-task1-SI.labels
790266787,3665,3681,train-task1-SI.labels
790266787,3768,3778,train-task1-SI.labels
790266787,3882,3913,train-task1-SI.labels
790266787,6390,6401,train-task1-SI.labels
790266787,7876,7973,train-task1-SI.labels
790266787,9833,9851,train-task1-SI.labels
790266787,10617,10703,train-task1-SI.labels
790266787,7693,7720,train-task1-SI.labels
790266787,8846,8881,train-task1-SI.labels
790266787,0,21,train-task1-SI.labels
790266787,99,132,train-task1-SI.labels
790266787,293,316,train-task1-SI.labels
790266787,346,364,train-task1-SI.labels
790266787,765,789,train-task1-SI.labels
790266787,1574,1584,train-task1-SI.labels
790266787,3035,3058,train-task1-SI.labels
790266787,3561,3662,train-task1-SI.labels
790266787,3723,3737,train-task1-SI.labels
790266787,3929,3943,train-task1-SI.labels
790266787,6168,6181,train-task1-SI.labels
790266787,6917,6953,train-task1-SI.labels
790266787,7430,7444,train-task1-SI.labels
790266787,7606,7656,train-task1-SI.labels
790266787,8359,8403,train-task1-SI.labels
790266787,8431,8482,train-task1-SI.labels
790266787,8998,9127,train-task1-SI.labels
790266787,8696,8732,train-task1-SI.labels
790483991,710,728,train-task1-SI.labels
790483991,5439,5564,train-task1-SI.labels
790483991,1457,1487,train-task1-SI.labels
790483991,5725,6014,train-task1-SI.labels
790483991,9520,9593,train-task1-SI.labels
790483991,354,431,train-task1-SI.labels
790483991,919,944,train-task1-SI.labels
790483991,1056,1230,train-task1-SI.labels
790483991,1323,1364,train-task1-SI.labels
790483991,1375,1400,train-task1-SI.labels
790483991,1517,1612,train-task1-SI.labels
790483991,2070,2192,train-task1-SI.labels
790483991,3626,3696,train-task1-SI.labels
790483991,3742,3961,train-task1-SI.labels
790483991,4083,4117,train-task1-SI.labels
790483991,4947,4961,train-task1-SI.labels
790483991,5654,5675,train-task1-SI.labels
790483991,6212,6281,train-task1-SI.labels
790483991,6016,6191,train-task1-SI.labels
790483991,6988,7139,train-task1-SI.labels
790483991,7413,7594,train-task1-SI.labels
790483991,8298,8326,train-task1-SI.labels
790483991,8985,9026,train-task1-SI.labels
790483991,9064,9214,train-task1-SI.labels
790483991,9616,9982,train-task1-SI.labels
790483991,1784,1912,train-task1-SI.labels
790483991,7141,7331,train-task1-SI.labels
790483991,8170,8296,train-task1-SI.labels
790665855,448,493,train-task1-SI.labels
790665855,967,1023,train-task1-SI.labels
790665855,1628,1653,train-task1-SI.labels
790665855,3521,3558,train-task1-SI.labels
790665855,4401,4470,train-task1-SI.labels
790665855,4178,4223,train-task1-SI.labels
790665855,567,675,train-task1-SI.labels
790665855,814,887,train-task1-SI.labels
790665855,3248,3257,train-task1-SI.labels
790665855,4865,4952,train-task1-SI.labels
790665855,5402,5424,train-task1-SI.labels
790665855,5448,5609,train-task1-SI.labels
790665855,5714,5743,train-task1-SI.labels
790665855,4721,4749,train-task1-SI.labels
790667730,23,42,train-task1-SI.labels
790667730,292,310,train-task1-SI.labels
790667730,1217,1309,train-task1-SI.labels
790667730,752,794,train-task1-SI.labels
790667730,1110,1161,train-task1-SI.labels
790667730,1164,1215,train-task1-SI.labels
790667730,69,117,train-task1-SI.labels
790667730,359,422,train-task1-SI.labels
790667730,910,1003,train-task1-SI.labels
790667730,1967,1984,train-task1-SI.labels
790667730,2019,2045,train-task1-SI.labels
790677230,812,822,train-task1-SI.labels
790677230,2773,2797,train-task1-SI.labels
790677230,9516,9568,train-task1-SI.labels
790677230,9878,9895,train-task1-SI.labels
790677230,10304,10354,train-task1-SI.labels
790677230,10409,10636,train-task1-SI.labels
790677230,11178,11218,train-task1-SI.labels
790677230,9194,9245,train-task1-SI.labels
790677230,492,515,train-task1-SI.labels
790677230,741,768,train-task1-SI.labels
790677230,1202,1237,train-task1-SI.labels
790677230,2043,2061,train-task1-SI.labels
790677230,2231,2244,train-task1-SI.labels
790677230,3473,3704,train-task1-SI.labels
790677230,3981,4021,train-task1-SI.labels
790677230,4339,4360,train-task1-SI.labels
790677230,4977,5036,train-task1-SI.labels
790677230,8987,8998,train-task1-SI.labels
790677230,9351,9443,train-task1-SI.labels
790677230,9447,9470,train-task1-SI.labels
790677230,9666,9762,train-task1-SI.labels
790677230,9784,9807,train-task1-SI.labels
790677230,10043,10068,train-task1-SI.labels
790677230,866,886,train-task1-SI.labels
790677230,1121,1145,train-task1-SI.labels
790677230,1964,1972,train-task1-SI.labels
790677230,2144,2171,train-task1-SI.labels
790677230,4513,4620,train-task1-SI.labels
790677230,5626,5635,train-task1-SI.labels
790677230,7400,7497,train-task1-SI.labels
790677230,8857,8869,train-task1-SI.labels
790720480,422,435,train-task1-SI.labels
790720480,1291,1378,train-task1-SI.labels
790720480,1474,1585,train-task1-SI.labels
790720480,1634,1741,train-task1-SI.labels
790720480,2117,2133,train-task1-SI.labels
790720480,2148,2191,train-task1-SI.labels
790720714,931,1011,train-task1-SI.labels
790720714,378,402,train-task1-SI.labels
790720714,642,667,train-task1-SI.labels
790720714,3882,4070,train-task1-SI.labels
790720714,577,590,train-task1-SI.labels
790720714,718,747,train-task1-SI.labels
790720714,1022,1063,train-task1-SI.labels
790720714,1924,1956,train-task1-SI.labels
790720714,2180,2206,train-task1-SI.labels
790720714,2247,2298,train-task1-SI.labels
790720714,2760,2943,train-task1-SI.labels
790720714,2945,3034,train-task1-SI.labels
790720714,3136,3158,train-task1-SI.labels
790720714,3502,3581,train-task1-SI.labels
790720714,1882,1922,train-task1-SI.labels
790720714,2627,2757,train-task1-SI.labels
790720714,3693,3732,train-task1-SI.labels
790777028,1564,1569,train-task1-SI.labels
790777028,3470,3505,train-task1-SI.labels
790777028,75,89,train-task1-SI.labels
790777028,199,214,train-task1-SI.labels
790777028,3317,3349,train-task1-SI.labels
790777028,3377,3395,train-task1-SI.labels
790777028,3687,3700,train-task1-SI.labels
790777028,3570,3580,train-task1-SI.labels
793467906,3494,3519,train-task1-SI.labels
793467906,4285,4305,train-task1-SI.labels
793467906,4858,4897,train-task1-SI.labels
793467906,4729,4791,train-task1-SI.labels
793467906,150,155,train-task1-SI.labels
793467906,2162,2178,train-task1-SI.labels
793467906,3263,3276,train-task1-SI.labels
793467906,3435,3448,train-task1-SI.labels
793467906,4525,4549,train-task1-SI.labels
793467906,4660,4672,train-task1-SI.labels
793534424,434,467,train-task1-SI.labels
793534424,6528,6597,train-task1-SI.labels
793534424,4,22,train-task1-SI.labels
793534424,290,298,train-task1-SI.labels
793534424,415,420,train-task1-SI.labels
793534424,206,217,train-task1-SI.labels
793534424,1598,1613,train-task1-SI.labels
793534424,1620,1624,train-task1-SI.labels
793534424,1804,1821,train-task1-SI.labels
793534424,1916,1934,train-task1-SI.labels
793534424,3182,3190,train-task1-SI.labels
793534424,7655,7660,train-task1-SI.labels
793921939,381,407,train-task1-SI.labels
793921939,1974,1989,train-task1-SI.labels
793921939,2968,2974,train-task1-SI.labels
793921939,6673,6691,train-task1-SI.labels
793921939,7479,7522,train-task1-SI.labels
793921939,7357,7478,train-task1-SI.labels
793921939,7676,7689,train-task1-SI.labels
795079843,2185,2199,train-task1-SI.labels
795079843,105,114,train-task1-SI.labels
795079843,575,579,train-task1-SI.labels
795079843,700,706,train-task1-SI.labels
795079843,1462,1498,train-task1-SI.labels
795079843,3165,3173,train-task1-SI.labels
795379208,1711,1730,train-task1-SI.labels
795379208,764,770,train-task1-SI.labels
795379208,1818,1849,train-task1-SI.labels
795379208,2157,2342,train-task1-SI.labels
795379208,4009,4023,train-task1-SI.labels
795689901,216,242,train-task1-SI.labels
795689901,846,859,train-task1-SI.labels
795689901,894,903,train-task1-SI.labels
795689901,972,992,train-task1-SI.labels
795691173,1154,1175,train-task1-SI.labels
795691173,2991,3008,train-task1-SI.labels
795693029,335,348,train-task1-SI.labels
795693029,383,392,train-task1-SI.labels
795693029,399,482,train-task1-SI.labels
795693029,1436,1460,train-task1-SI.labels
795693029,1969,1976,train-task1-SI.labels
795693029,2170,2179,train-task1-SI.labels
795693029,1980,1991,train-task1-SI.labels
795693029,1995,2014,train-task1-SI.labels
795703371,647,654,train-task1-SI.labels
795703371,813,829,train-task1-SI.labels
795703371,1386,1410,train-task1-SI.labels
795703371,2257,2270,train-task1-SI.labels
795703371,2305,2314,train-task1-SI.labels
795703371,2321,2402,train-task1-SI.labels
795703371,2468,2475,train-task1-SI.labels
795703371,3386,3402,train-task1-SI.labels
795703371,3459,3469,train-task1-SI.labels
795703371,4103,4111,train-task1-SI.labels
795703371,3711,3748,train-task1-SI.labels
795703371,1268,1279,train-task1-SI.labels
999000124,685,725,train-task1-SI.labels
999000124,1228,1280,train-task1-SI.labels
999000125,889,994,train-task1-SI.labels
999000125,1444,1478,train-task1-SI.labels
999000125,2183,2466,train-task1-SI.labels
999000133,145,162,train-task1-SI.labels
999000133,175,229,train-task1-SI.labels
999000133,485,498,train-task1-SI.labels
999000133,729,738,train-task1-SI.labels
999000133,1834,1922,train-task1-SI.labels
999000133,526,549,train-task1-SI.labels
999000135,70,92,train-task1-SI.labels
999000135,1948,1959,train-task1-SI.labels
999000135,135,167,train-task1-SI.labels
999000135,542,608,train-task1-SI.labels
999000135,668,704,train-task1-SI.labels
999000135,924,1185,train-task1-SI.labels
999000135,970,1024,train-task1-SI.labels
999000135,2017,2042,train-task1-SI.labels
999000135,2085,2095,train-task1-SI.labels
999000135,2138,2148,train-task1-SI.labels
999000135,2231,2241,train-task1-SI.labels
999000135,2394,2404,train-task1-SI.labels
999000135,2629,2748,train-task1-SI.labels
999000135,2750,2766,train-task1-SI.labels
999000135,907,921,train-task1-SI.labels
999000136,2291,2311,train-task1-SI.labels
999000136,2357,2419,train-task1-SI.labels
999000136,2649,2670,train-task1-SI.labels
999000136,2833,2845,train-task1-SI.labels
999000136,194,213,train-task1-SI.labels
999000136,1475,1502,train-task1-SI.labels
999000136,2264,2288,train-task1-SI.labels
999000136,2888,3071,train-task1-SI.labels
999000136,105,160,train-task1-SI.labels
999000136,2033,2058,train-task1-SI.labels
999000136,2159,2184,train-task1-SI.labels
999000136,2200,2220,train-task1-SI.labels
999000142,8,26,train-task1-SI.labels
999000142,646,685,train-task1-SI.labels
999000142,2119,2134,train-task1-SI.labels
999000142,2271,2316,train-task1-SI.labels
999000142,2380,2402,train-task1-SI.labels
999000142,2527,2553,train-task1-SI.labels
999000142,2807,2823,train-task1-SI.labels
999000142,2825,2940,train-task1-SI.labels
999000142,3179,3189,train-task1-SI.labels
999000145,247,384,train-task1-SI.labels
999000145,1502,1516,train-task1-SI.labels
999000145,2251,2318,train-task1-SI.labels
999000145,2393,2447,train-task1-SI.labels
999000145,2677,2703,train-task1-SI.labels
999000147,219,233,train-task1-SI.labels
999000147,3231,3324,train-task1-SI.labels
999000147,2559,2678,train-task1-SI.labels
999000147,2681,2918,train-task1-SI.labels
999000147,701,709,train-task1-SI.labels
999000149,374,399,train-task1-SI.labels
999000149,2989,3077,train-task1-SI.labels
999000149,73,94,train-task1-SI.labels
999000149,300,326,train-task1-SI.labels
999000149,1270,1301,train-task1-SI.labels
999000149,1349,1374,train-task1-SI.labels
999000154,122,133,train-task1-SI.labels
999000154,241,318,train-task1-SI.labels
999000154,477,490,train-task1-SI.labels
999000154,505,678,train-task1-SI.labels
999000154,1329,1525,train-task1-SI.labels
999000155,2300,2344,train-task1-SI.labels
999000155,466,516,train-task1-SI.labels
999000155,1338,1519,train-task1-SI.labels
999000155,2482,2504,train-task1-SI.labels
999000155,2686,2706,train-task1-SI.labels
999000155,1978,2039,train-task1-SI.labels
999000158,2586,2623,train-task1-SI.labels
999000158,3089,3129,train-task1-SI.labels
999000158,3158,3202,train-task1-SI.labels
999000158,198,227,train-task1-SI.labels
999000158,1237,1313,train-task1-SI.labels
999000158,1628,1675,train-task1-SI.labels
999000158,2040,2168,train-task1-SI.labels
999000158,2387,2403,train-task1-SI.labels
999000158,2810,2850,train-task1-SI.labels
999000158,2879,2923,train-task1-SI.labels
999000158,2957,2968,train-task1-SI.labels
999000158,3236,3247,train-task1-SI.labels
999000158,405,423,train-task1-SI.labels
999000158,3542,3595,train-task1-SI.labels
999000159,499,510,train-task1-SI.labels
999000159,373,433,train-task1-SI.labels
999000159,478,495,train-task1-SI.labels
999000159,1233,1354,train-task1-SI.labels
999000159,1464,1482,train-task1-SI.labels
999000159,1701,1753,train-task1-SI.labels
999000159,166,178,train-task1-SI.labels
999000159,1622,1653,train-task1-SI.labels
999000184,1111,1252,train-task1-SI.labels
999000184,118,150,train-task1-SI.labels
999000184,257,315,train-task1-SI.labels
999000184,476,492,train-task1-SI.labels
999000184,892,1084,train-task1-SI.labels
999000184,1579,1594,train-task1-SI.labels
999000184,2372,2403,train-task1-SI.labels
999000184,2468,2478,train-task1-SI.labels
999000184,2536,2561,train-task1-SI.labels
999000184,2638,2667,train-task1-SI.labels
999000184,2787,2874,train-task1-SI.labels
999000184,2877,2913,train-task1-SI.labels
999000184,3931,3959,train-task1-SI.labels
999000184,3990,4147,train-task1-SI.labels
999000184,222,254,train-task1-SI.labels
999000184,2952,2970,train-task1-SI.labels
999000184,3050,3069,train-task1-SI.labels
999000312,77,93,train-task1-SI.labels
999000312,95,311,train-task1-SI.labels
999000312,3568,3900,train-task1-SI.labels
999000312,4231,4264,train-task1-SI.labels
999000312,1949,2330,train-task1-SI.labels
999000312,3902,4181,train-task1-SI.labels
999000312,4389,4786,train-task1-SI.labels
999000312,165,212,train-task1-SI.labels
999000312,511,547,train-task1-SI.labels
999000312,472,493,train-task1-SI.labels
999000312,771,779,train-task1-SI.labels
999000312,1427,1440,train-task1-SI.labels
999000312,1938,1946,train-task1-SI.labels
999000312,2358,2421,train-task1-SI.labels
999000312,2608,2855,train-task1-SI.labels
999000312,2953,3144,train-task1-SI.labels
999000312,3146,3353,train-task1-SI.labels
999000312,3579,3618,train-task1-SI.labels
999000312,3624,3667,train-task1-SI.labels
999000312,3355,3534,train-task1-SI.labels
999000312,4198,4222,train-task1-SI.labels
999000312,4266,4387,train-task1-SI.labels
999000565,297,307,train-task1-SI.labels
999000565,636,719,train-task1-SI.labels
999000565,483,566,train-task1-SI.labels
999000599,1361,1376,train-task1-SI.labels
999000599,35,53,train-task1-SI.labels
999000599,327,350,train-task1-SI.labels
999000599,454,475,train-task1-SI.labels
999000599,1379,1414,train-task1-SI.labels
999000599,1500,1522,train-task1-SI.labels
999000599,1662,1684,train-task1-SI.labels
999000599,1808,1896,train-task1-SI.labels
999000599,1973,2215,train-task1-SI.labels
999000675,225,242,train-task1-SI.labels
999000675,44,92,train-task1-SI.labels
999000675,544,560,train-task1-SI.labels
999000675,893,904,train-task1-SI.labels
999000675,1019,1040,train-task1-SI.labels
999000675,1205,1221,train-task1-SI.labels
999000675,1241,1275,train-task1-SI.labels
999000675,1731,1738,train-task1-SI.labels
999000675,1819,1848,train-task1-SI.labels
999000675,1968,1987,train-task1-SI.labels
999000849,943,963,train-task1-SI.labels
999000849,630,650,train-task1-SI.labels
999000849,2547,2563,train-task1-SI.labels
999000849,3370,3386,train-task1-SI.labels
999000849,2724,2736,train-task1-SI.labels
999000849,3967,3972,train-task1-SI.labels
999000870,3812,3831,train-task1-SI.labels
999000880,3114,3143,train-task1-SI.labels
999000880,2704,2709,train-task1-SI.labels
999000894,94,185,train-task1-SI.labels
999000894,475,627,train-task1-SI.labels
999000894,740,764,train-task1-SI.labels
999000894,4245,4276,train-task1-SI.labels
999000894,899,910,train-task1-SI.labels
999000894,4927,4932,train-task1-SI.labels
999000894,5185,5194,train-task1-SI.labels
999000894,5557,5572,train-task1-SI.labels
999001032,491,526,train-task1-SI.labels
999001032,861,890,train-task1-SI.labels
999001032,2333,2587,train-task1-SI.labels
999001032,2882,2898,train-task1-SI.labels
999001032,4210,4236,train-task1-SI.labels
999001032,465,478,train-task1-SI.labels
999001032,549,564,train-task1-SI.labels
999001032,1415,1571,train-task1-SI.labels
999001032,2847,2860,train-task1-SI.labels
999001032,1727,1852,train-task1-SI.labels
999001032,3003,3061,train-task1-SI.labels
999001032,3222,3332,train-task1-SI.labels
999001032,3226,3237,train-task1-SI.labels
999001032,3454,3461,train-task1-SI.labels
999001032,3770,3803,train-task1-SI.labels
999001032,0,35,train-task1-SI.labels
999001032,595,659,train-task1-SI.labels
999001032,835,848,train-task1-SI.labels
999001032,903,927,train-task1-SI.labels
999001032,1574,1627,train-task1-SI.labels
999001032,1854,1954,train-task1-SI.labels
999001032,2201,2282,train-task1-SI.labels
999001032,3117,3145,train-task1-SI.labels
999001032,3166,3211,train-task1-SI.labels
999001032,3707,3738,train-task1-SI.labels
999001032,3806,3832,train-task1-SI.labels
999001032,4168,4197,train-task1-SI.labels
999001032,3962,4085,train-task1-SI.labels
999001032,4331,4364,train-task1-SI.labels
999001032,4473,4532,train-task1-SI.labels
999001032,4701,4715,train-task1-SI.labels
999001032,4586,4600,train-task1-SI.labels
999001032,4618,4642,train-task1-SI.labels
999001032,5437,5559,train-task1-SI.labels
999001032,5521,5542,train-task1-SI.labels
999001032,4310,4323,train-task1-SI.labels
999001033,1245,1274,train-task1-SI.labels
999001033,1392,1426,train-task1-SI.labels
999001033,2460,2484,train-task1-SI.labels
999001033,537,662,train-task1-SI.labels
999001033,827,872,train-task1-SI.labels
999001033,1114,1224,train-task1-SI.labels
999001033,1287,1311,train-task1-SI.labels
999001033,1445,1466,train-task1-SI.labels
999001033,1473,1488,train-task1-SI.labels
999001033,3140,3262,train-task1-SI.labels
999001033,3560,3615,train-task1-SI.labels
999001033,3735,3747,train-task1-SI.labels
999001033,939,967,train-task1-SI.labels
999001033,3713,3724,train-task1-SI.labels
999001188,1888,1901,train-task1-SI.labels
999001188,30,63,train-task1-SI.labels
999001188,90,123,train-task1-SI.labels
999001188,384,403,train-task1-SI.labels
999001188,735,779,train-task1-SI.labels
999001188,1374,1408,train-task1-SI.labels
999001188,1463,1474,train-task1-SI.labels
999001226,2014,2024,train-task1-SI.labels
999001226,3572,3612,train-task1-SI.labels
999001226,83,273,train-task1-SI.labels
999001226,611,677,train-task1-SI.labels
999001226,1838,1855,train-task1-SI.labels
999001226,2196,2264,train-task1-SI.labels
999001226,5157,5430,train-task1-SI.labels
999001226,485,504,train-task1-SI.labels
999001226,2475,2654,train-task1-SI.labels
999001226,4953,5155,train-task1-SI.labels
999001241,2211,2240,train-task1-SI.labels
999001241,166,235,train-task1-SI.labels
999001241,526,541,train-task1-SI.labels
999001287,141,180,train-task1-SI.labels
999001287,2274,2389,train-task1-SI.labels
999001287,4656,4690,train-task1-SI.labels
999001287,4308,4583,train-task1-SI.labels
999001287,3424,3790,train-task1-SI.labels
999001293,409,427,train-task1-SI.labels
999001293,429,535,train-task1-SI.labels
999001293,380,406,train-task1-SI.labels
999001293,2307,2314,train-task1-SI.labels
999001293,2849,2991,train-task1-SI.labels
999001293,1129,1200,train-task1-SI.labels
999001293,2994,3049,train-task1-SI.labels
999001296,86,101,train-task1-SI.labels
999001296,160,178,train-task1-SI.labels
999001296,384,464,train-task1-SI.labels
999001296,466,560,train-task1-SI.labels
999001296,2509,2712,train-task1-SI.labels
999001296,3635,3651,train-task1-SI.labels
999001296,2946,3341,train-task1-SI.labels
999001296,292,320,train-task1-SI.labels
999001296,4687,4758,train-task1-SI.labels
999001297,2257,2276,train-task1-SI.labels
999001297,31,62,train-task1-SI.labels
999001297,242,263,train-task1-SI.labels
999001619,8322,8539,train-task1-SI.labels
999001619,11633,12081,train-task1-SI.labels
999001619,12848,13150,train-task1-SI.labels
999001619,1522,1544,train-task1-SI.labels
999001619,4811,5022,train-task1-SI.labels
999001619,7358,7699,train-task1-SI.labels
999001619,10692,11116,train-task1-SI.labels
999001619,11373,11600,train-task1-SI.labels
999001619,8992,9182,train-task1-SI.labels
999001619,13296,13408,train-task1-SI.labels
999001619,13960,14071,train-task1-SI.labels
999001619,17,29,train-task1-SI.labels
999001619,164,189,train-task1-SI.labels
999001619,235,540,train-task1-SI.labels
999001619,428,540,train-task1-SI.labels
999001619,542,815,train-task1-SI.labels
999001619,1072,1471,train-task1-SI.labels
999001619,2005,2013,train-task1-SI.labels
999001619,2523,2591,train-task1-SI.labels
999001619,3558,3571,train-task1-SI.labels
999001619,3625,3833,train-task1-SI.labels
999001619,4067,4253,train-task1-SI.labels
999001619,4633,4641,train-task1-SI.labels
999001619,4790,4809,train-task1-SI.labels
999001619,5229,5425,train-task1-SI.labels
999001619,5452,5475,train-task1-SI.labels
999001619,5603,5611,train-task1-SI.labels
999001619,5900,5908,train-task1-SI.labels
999001619,5911,6223,train-task1-SI.labels
999001619,6225,6517,train-task1-SI.labels
999001619,6519,6893,train-task1-SI.labels
999001619,6895,7094,train-task1-SI.labels
999001619,7730,7943,train-task1-SI.labels
999001619,8140,8161,train-task1-SI.labels
999001619,8258,8319,train-task1-SI.labels
999001619,8542,8609,train-task1-SI.labels
999001619,8612,8882,train-task1-SI.labels
999001619,8701,8717,train-task1-SI.labels
999001619,8763,8785,train-task1-SI.labels
999001619,8901,8916,train-task1-SI.labels
999001619,9355,9384,train-task1-SI.labels
999001619,9697,9902,train-task1-SI.labels
999001619,9904,10373,train-task1-SI.labels
999001619,10211,10233,train-task1-SI.labels
999001619,10400,10690,train-task1-SI.labels
999001619,10748,10857,train-task1-SI.labels
999001619,10990,11043,train-task1-SI.labels
999001619,11057,11116,train-task1-SI.labels
999001619,11118,11371,train-task1-SI.labels
999001619,11674,11689,train-task1-SI.labels
999001619,11752,11851,train-task1-SI.labels
999001619,12083,12537,train-task1-SI.labels
999001619,12245,12262,train-task1-SI.labels
999001619,12476,12537,train-task1-SI.labels
999001619,12539,12845,train-task1-SI.labels
999001619,13410,13637,train-task1-SI.labels
999001619,13639,13958,train-task1-SI.labels
999001619,14150,14173,train-task1-SI.labels
999001619,14126,14141,train-task1-SI.labels
999001619,14251,14285,train-task1-SI.labels
999001619,14371,14434,train-task1-SI.labels
999001619,14497,14545,train-task1-SI.labels
999001619,14571,14689,train-task1-SI.labels
999001619,14820,14844,train-task1-SI.labels
999001619,818,864,train-task1-SI.labels
999001621,88,156,train-task1-SI.labels
999001621,3577,3663,train-task1-SI.labels
999001621,4139,4315,train-task1-SI.labels
999001621,4498,4527,train-task1-SI.labels
999001621,4529,5328,train-task1-SI.labels
999001621,5089,5131,train-task1-SI.labels
999001621,8795,9138,train-task1-SI.labels
999001621,11969,12058,train-task1-SI.labels
999001621,3234,3251,train-task1-SI.labels
999001621,3926,4137,train-task1-SI.labels
999001621,7442,7747,train-task1-SI.labels
999001621,8213,8374,train-task1-SI.labels
999001621,8377,8738,train-task1-SI.labels
999001621,10904,10929,train-task1-SI.labels
999001621,5890,5902,train-task1-SI.labels
999001621,9006,9057,train-task1-SI.labels
999001621,0,68,train-task1-SI.labels
999001621,279,599,train-task1-SI.labels
999001621,467,501,train-task1-SI.labels
999001621,537,560,train-task1-SI.labels
999001621,769,783,train-task1-SI.labels
999001621,1332,1603,train-task1-SI.labels
999001621,2747,2771,train-task1-SI.labels
999001621,3435,3575,train-task1-SI.labels
999001621,4461,4493,train-task1-SI.labels
999001621,4788,4853,train-task1-SI.labels
999001621,5159,5170,train-task1-SI.labels
999001621,5330,5611,train-task1-SI.labels
999001621,6817,6841,train-task1-SI.labels
999001621,7085,7091,train-task1-SI.labels
999001621,7979,7999,train-task1-SI.labels
999001621,8861,8909,train-task1-SI.labels
999001621,9679,9859,train-task1-SI.labels
999001621,9861,10096,train-task1-SI.labels
999001621,9140,9474,train-task1-SI.labels
999001621,10098,10408,train-task1-SI.labels
999001621,10177,10185,train-task1-SI.labels
999001621,10536,10541,train-task1-SI.labels
999001621,10543,10755,train-task1-SI.labels
999001621,10775,10855,train-task1-SI.labels
999001621,10931,11012,train-task1-SI.labels
999001621,11539,11664,train-task1-SI.labels
999001621,11631,11640,train-task1-SI.labels
999001621,12099,12112,train-task1-SI.labels
999001621,12138,12184,train-task1-SI.labels
999001621,12187,12265,train-task1-SI.labels
999001621,9664,9677,train-task1-SI.labels
999001621,601,701,train-task1-SI.labels
999001970,1607,1674,train-task1-SI.labels
999001970,143,169,train-task1-SI.labels
999001970,186,249,train-task1-SI.labels
999001970,1043,1148,train-task1-SI.labels
999001970,1164,1183,train-task1-SI.labels
999001970,2611,2651,train-task1-SI.labels
999001293,409,427,article999001293.task1-SI.labels
999001293,429,535,article999001293.task1-SI.labels
999001293,380,406,article999001293.task1-SI.labels
999001293,2307,2314,article999001293.task1-SI.labels
999001293,2849,2991,article999001293.task1-SI.labels
999001293,1129,1200,article999001293.task1-SI.labels
999001293,2994,3049,article999001293.task1-SI.labels
701837665,803,833,article701837665.task1-SI.labels
701837665,1806,1828,article701837665.task1-SI.labels
701837665,1364,1449,article701837665.task1-SI.labels
701837665,5040,5084,article701837665.task1-SI.labels
701837665,7193,7357,article701837665.task1-SI.labels
701837665,8276,8312,article701837665.task1-SI.labels
701837665,9299,9329,article701837665.task1-SI.labels
701837665,10112,10206,article701837665.task1-SI.labels
701837665,10208,10227,article701837665.task1-SI.labels
701837665,761,801,article701837665.task1-SI.labels
701837665,1829,2008,article701837665.task1-SI.labels
701837665,2534,2575,article701837665.task1-SI.labels
701837665,2618,2726,article701837665.task1-SI.labels
701837665,2792,2940,article701837665.task1-SI.labels
701837665,3251,3423,article701837665.task1-SI.labels
701837665,3510,3534,article701837665.task1-SI.labels
701837665,3824,3883,article701837665.task1-SI.labels
701837665,3958,4067,article701837665.task1-SI.labels
701837665,5821,5840,article701837665.task1-SI.labels
701837665,6697,6873,article701837665.task1-SI.labels
701837665,7401,7455,article701837665.task1-SI.labels
701837665,7727,7747,article701837665.task1-SI.labels
701837665,7785,7841,article701837665.task1-SI.labels
701837665,7529,7666,article701837665.task1-SI.labels
701837665,8115,8155,article701837665.task1-SI.labels
701837665,8453,8556,article701837665.task1-SI.labels
701837665,9331,9372,article701837665.task1-SI.labels
701837665,9425,9433,article701837665.task1-SI.labels
701837665,9471,9500,article701837665.task1-SI.labels
701837665,9741,9756,article701837665.task1-SI.labels
701837665,9780,9814,article701837665.task1-SI.labels
701837665,10090,10111,article701837665.task1-SI.labels
701837665,10802,10972,article701837665.task1-SI.labels
701837665,11844,11915,article701837665.task1-SI.labels
701837665,11964,12007,article701837665.task1-SI.labels
701837665,12031,12047,article701837665.task1-SI.labels
701837665,12178,12197,article701837665.task1-SI.labels
701837665,12594,12665,article701837665.task1-SI.labels
701837665,2456,2470,article701837665.task1-SI.labels
701837665,2740,2762,article701837665.task1-SI.labels
701837665,2942,2991,article701837665.task1-SI.labels
701837665,12381,12476,article701837665.task1-SI.labels
706777811,58,107,article706777811.task1-SI.labels
706777811,567,596,article706777811.task1-SI.labels
706777811,807,817,article706777811.task1-SI.labels
706777811,1118,1153,article706777811.task1-SI.labels
706777811,1893,1906,article706777811.task1-SI.labels
706777811,3126,3198,article706777811.task1-SI.labels
706777811,3256,3272,article706777811.task1-SI.labels
706777811,3494,3620,article706777811.task1-SI.labels
706777811,3302,3380,article706777811.task1-SI.labels
706777811,3389,3440,article706777811.task1-SI.labels
706777811,0,11,article706777811.task1-SI.labels
706777811,819,867,article706777811.task1-SI.labels
706777811,1049,1061,article706777811.task1-SI.labels
706777811,1249,1274,article706777811.task1-SI.labels
706777811,1408,1481,article706777811.task1-SI.labels
706777811,2451,2607,article706777811.task1-SI.labels
706777811,2654,2682,article706777811.task1-SI.labels
706777811,3687,3743,article706777811.task1-SI.labels
706600938,557,644,article706600938.task1-SI.labels
706600938,2792,2881,article706600938.task1-SI.labels
706600938,5924,6161,article706600938.task1-SI.labels
706600938,1083,1248,article706600938.task1-SI.labels
706600938,1429,1550,article706600938.task1-SI.labels
706600938,2617,2789,article706600938.task1-SI.labels
706600938,2904,2927,article706600938.task1-SI.labels
706600938,3393,3674,article706600938.task1-SI.labels
706600938,4323,4478,article706600938.task1-SI.labels
706600938,5527,5556,article706600938.task1-SI.labels
706600938,7698,7726,article706600938.task1-SI.labels
706600938,3137,3197,article706600938.task1-SI.labels
722507879,1369,1376,article722507879.task1-SI.labels
722507879,1381,1391,article722507879.task1-SI.labels
722507879,3019,3036,article722507879.task1-SI.labels
722507879,3937,3949,article722507879.task1-SI.labels
722507879,2307,2350,article722507879.task1-SI.labels
722507879,2356,2414,article722507879.task1-SI.labels
722507879,2432,2516,article722507879.task1-SI.labels
722507879,4053,4079,article722507879.task1-SI.labels
738207834,559,572,article738207834.task1-SI.labels
738207834,891,910,article738207834.task1-SI.labels
738207834,1224,1239,article738207834.task1-SI.labels
738207834,1320,1338,article738207834.task1-SI.labels
738207834,1873,1936,article738207834.task1-SI.labels
738207834,1972,2031,article738207834.task1-SI.labels
738207834,2039,2092,article738207834.task1-SI.labels
738207834,2462,2473,article738207834.task1-SI.labels
738207834,2709,2725,article738207834.task1-SI.labels
738207834,2983,2996,article738207834.task1-SI.labels
738207834,3268,3308,article738207834.task1-SI.labels
738207834,3609,3627,article738207834.task1-SI.labels
738207834,5143,5169,article738207834.task1-SI.labels
738207834,5692,5708,article738207834.task1-SI.labels
738207834,6324,6347,article738207834.task1-SI.labels
738207834,6870,6912,article738207834.task1-SI.labels
738207834,7385,7413,article738207834.task1-SI.labels
738207834,7594,7623,article738207834.task1-SI.labels
738207834,8294,8311,article738207834.task1-SI.labels
738207834,8599,8638,article738207834.task1-SI.labels
738207834,9328,9350,article738207834.task1-SI.labels
738207834,10874,10950,article738207834.task1-SI.labels
738207834,11332,11350,article738207834.task1-SI.labels
738207834,11495,11536,article738207834.task1-SI.labels
738207834,11650,11713,article738207834.task1-SI.labels
738207834,11821,11851,article738207834.task1-SI.labels
738207834,12432,12450,article738207834.task1-SI.labels
738207834,12473,12497,article738207834.task1-SI.labels
738207834,12801,12836,article738207834.task1-SI.labels
738207834,12876,12895,article738207834.task1-SI.labels
738207834,13347,13373,article738207834.task1-SI.labels
738207834,13819,13870,article738207834.task1-SI.labels
738207834,14960,14987,article738207834.task1-SI.labels
738207834,15231,15271,article738207834.task1-SI.labels
738207834,15622,15639,article738207834.task1-SI.labels
738207834,15645,15696,article738207834.task1-SI.labels
738207834,16385,16414,article738207834.task1-SI.labels
738207834,16520,16552,article738207834.task1-SI.labels
738207834,16889,16956,article738207834.task1-SI.labels
738207834,17728,17750,article738207834.task1-SI.labels
738207834,17844,17880,article738207834.task1-SI.labels
738207834,18762,18796,article738207834.task1-SI.labels
738207834,18859,19112,article738207834.task1-SI.labels
738207834,19301,19318,article738207834.task1-SI.labels
738207834,19752,19776,article738207834.task1-SI.labels
738207834,19841,20019,article738207834.task1-SI.labels
738207834,20251,20279,article738207834.task1-SI.labels
738207834,21073,21095,article738207834.task1-SI.labels
738207834,21313,21350,article738207834.task1-SI.labels
738207834,21604,21652,article738207834.task1-SI.labels
738207834,22078,22114,article738207834.task1-SI.labels
738207834,22676,22703,article738207834.task1-SI.labels
738207834,22803,22834,article738207834.task1-SI.labels
738207834,23402,23448,article738207834.task1-SI.labels
738207834,23536,23584,article738207834.task1-SI.labels
738207834,1634,1639,article738207834.task1-SI.labels
738207834,2327,2361,article738207834.task1-SI.labels
738207834,2363,2403,article738207834.task1-SI.labels
738207834,3113,3134,article738207834.task1-SI.labels
738207834,3174,3194,article738207834.task1-SI.labels
738207834,4716,4739,article738207834.task1-SI.labels
738207834,5912,6033,article738207834.task1-SI.labels
738207834,6843,6861,article738207834.task1-SI.labels
738207834,8398,8410,article738207834.task1-SI.labels
738207834,9452,9463,article738207834.task1-SI.labels
738207834,12146,12179,article738207834.task1-SI.labels
738207834,14348,14409,article738207834.task1-SI.labels
738207834,16817,16831,article738207834.task1-SI.labels
738207834,18650,18713,article738207834.task1-SI.labels
738207834,20737,20803,article738207834.task1-SI.labels
738207834,21927,21940,article738207834.task1-SI.labels
701299732,588,628,article701299732.task1-SI.labels
701299732,1569,1600,article701299732.task1-SI.labels
701299732,2236,2327,article701299732.task1-SI.labels
701299732,101,114,article701299732.task1-SI.labels
701299732,0,13,article701299732.task1-SI.labels
701299732,60,80,article701299732.task1-SI.labels
701299732,244,299,article701299732.task1-SI.labels
701299732,638,655,article701299732.task1-SI.labels
701299732,1718,1735,article701299732.task1-SI.labels
701299732,39,52,article701299732.task1-SI.labels
696694316,3471,4010,article696694316.task1-SI.labels
696694316,603,661,article696694316.task1-SI.labels
696694316,1020,1094,article696694316.task1-SI.labels
696694316,3276,3379,article696694316.task1-SI.labels
696694316,4478,4500,article696694316.task1-SI.labels
696694316,7026,7097,article696694316.task1-SI.labels
696694316,7971,8295,article696694316.task1-SI.labels
696694316,8298,8642,article696694316.task1-SI.labels
696694316,9586,9819,article696694316.task1-SI.labels
696694316,9373,9584,article696694316.task1-SI.labels
696694316,11102,11126,article696694316.task1-SI.labels
696694316,12634,12736,article696694316.task1-SI.labels
696694316,13456,13555,article696694316.task1-SI.labels
696694316,4376,4395,article696694316.task1-SI.labels
696694316,10661,10866,article696694316.task1-SI.labels
696694316,12738,12848,article696694316.task1-SI.labels
795703371,647,654,article795703371.task1-SI.labels
795703371,813,829,article795703371.task1-SI.labels
795703371,1386,1410,article795703371.task1-SI.labels
795703371,2257,2270,article795703371.task1-SI.labels
795703371,2305,2314,article795703371.task1-SI.labels
795703371,2321,2402,article795703371.task1-SI.labels
795703371,2468,2475,article795703371.task1-SI.labels
795703371,3386,3402,article795703371.task1-SI.labels
795703371,3459,3469,article795703371.task1-SI.labels
795703371,4103,4111,article795703371.task1-SI.labels
795703371,3711,3748,article795703371.task1-SI.labels
795703371,1268,1279,article795703371.task1-SI.labels
758756657,5024,5036,article758756657.task1-SI.labels
758756657,5302,5314,article758756657.task1-SI.labels
758756657,62,69,article758756657.task1-SI.labels
758756657,606,746,article758756657.task1-SI.labels
758756657,4352,4361,article758756657.task1-SI.labels
758756657,4376,4437,article758756657.task1-SI.labels
758756657,4719,4725,article758756657.task1-SI.labels
758756657,5295,5301,article758756657.task1-SI.labels
758756657,5639,5649,article758756657.task1-SI.labels
758756657,5811,5821,article758756657.task1-SI.labels
758756657,6359,6369,article758756657.task1-SI.labels
758756657,5870,5874,article758756657.task1-SI.labels
758756657,5910,5931,article758756657.task1-SI.labels
758756657,5989,5993,article758756657.task1-SI.labels
758756657,6281,6285,article758756657.task1-SI.labels
758756657,6301,6308,article758756657.task1-SI.labels
758756657,6330,6347,article758756657.task1-SI.labels
758756657,6373,6432,article758756657.task1-SI.labels
758756657,481,513,article758756657.task1-SI.labels
758756657,1243,1261,article758756657.task1-SI.labels
758756657,6670,6702,article758756657.task1-SI.labels
758756657,6703,6747,article758756657.task1-SI.labels
758756657,6748,6781,article758756657.task1-SI.labels
111111132,7925,7943,article111111132.task1-SI.labels
111111132,147,151,article111111132.task1-SI.labels
111111132,2262,2272,article111111132.task1-SI.labels
111111132,2280,2292,article111111132.task1-SI.labels
111111132,4198,4249,article111111132.task1-SI.labels
111111132,4427,4497,article111111132.task1-SI.labels
111111132,4307,4320,article111111132.task1-SI.labels
111111132,4779,4787,article111111132.task1-SI.labels
111111132,7582,7594,article111111132.task1-SI.labels
111111132,8607,8630,article111111132.task1-SI.labels
111111132,9598,9650,article111111132.task1-SI.labels
111111132,10340,10350,article111111132.task1-SI.labels
111111132,10851,10860,article111111132.task1-SI.labels
111111132,12045,12087,article111111132.task1-SI.labels
111111132,5776,5811,article111111132.task1-SI.labels
729348908,1976,2018,article729348908.task1-SI.labels
729348908,380,567,article729348908.task1-SI.labels
729348908,1749,1847,article729348908.task1-SI.labels
729348908,2673,2886,article729348908.task1-SI.labels
729348908,2020,2177,article729348908.task1-SI.labels
729348908,3669,3812,article729348908.task1-SI.labels
790777028,1564,1569,article790777028.task1-SI.labels
790777028,3470,3505,article790777028.task1-SI.labels
790777028,75,89,article790777028.task1-SI.labels
790777028,199,214,article790777028.task1-SI.labels
790777028,3317,3349,article790777028.task1-SI.labels
790777028,3377,3395,article790777028.task1-SI.labels
790777028,3687,3700,article790777028.task1-SI.labels
790777028,3570,3580,article790777028.task1-SI.labels
729549972,2347,2381,article729549972.task1-SI.labels
729549972,1303,1321,article729549972.task1-SI.labels
729549972,1413,1431,article729549972.task1-SI.labels
729549972,14,33,article729549972.task1-SI.labels
729549972,1652,1701,article729549972.task1-SI.labels
729549972,1845,1888,article729549972.task1-SI.labels
729549972,154,169,article729549972.task1-SI.labels
729581752,2235,2354,article729581752.task1-SI.labels
729581752,38,67,article729581752.task1-SI.labels
755170235,359,368,article755170235.task1-SI.labels
755170235,2778,2810,article755170235.task1-SI.labels
755170235,4302,4319,article755170235.task1-SI.labels
755170235,4575,4587,article755170235.task1-SI.labels
755170235,5775,5900,article755170235.task1-SI.labels
732610971,1703,1715,article732610971.task1-SI.labels
732610971,434,471,article732610971.task1-SI.labels
732610971,2014,2024,article732610971.task1-SI.labels
732610971,2167,2179,article732610971.task1-SI.labels
732610971,2297,2360,article732610971.task1-SI.labels
732610971,200,223,article732610971.task1-SI.labels
732610971,295,311,article732610971.task1-SI.labels
732610971,1386,1457,article732610971.task1-SI.labels
732610971,1774,1789,article732610971.task1-SI.labels
732610971,3359,3444,article732610971.task1-SI.labels
732610971,543,636,article732610971.task1-SI.labels
732610971,1317,1358,article732610971.task1-SI.labels
732610971,1649,1678,article732610971.task1-SI.labels
732610971,2211,2217,article732610971.task1-SI.labels
732610971,2246,2259,article732610971.task1-SI.labels
762546428,371,383,article762546428.task1-SI.labels
762546428,965,981,article762546428.task1-SI.labels
762546428,3326,3341,article762546428.task1-SI.labels
762546428,76,84,article762546428.task1-SI.labels
762546428,110,122,article762546428.task1-SI.labels
762546428,274,280,article762546428.task1-SI.labels
762546428,1172,1180,article762546428.task1-SI.labels
762546428,1391,1398,article762546428.task1-SI.labels
762546428,3091,3099,article762546428.task1-SI.labels
762546428,3238,3251,article762546428.task1-SI.labels
762546428,3273,3284,article762546428.task1-SI.labels
762546428,1230,1239,article762546428.task1-SI.labels
762546428,1284,1296,article762546428.task1-SI.labels
762546428,2153,2161,article762546428.task1-SI.labels
762546428,2420,2427,article762546428.task1-SI.labels
762546428,1727,1734,article762546428.task1-SI.labels
762546428,309,318,article762546428.task1-SI.labels
762546428,248,262,article762546428.task1-SI.labels
762546428,1301,1315,article762546428.task1-SI.labels
762546428,2580,2594,article762546428.task1-SI.labels
762546428,333,341,article762546428.task1-SI.labels
762546428,1158,1166,article762546428.task1-SI.labels
762546428,1247,1265,article762546428.task1-SI.labels
762546428,2652,2713,article762546428.task1-SI.labels
762546428,2890,2943,article762546428.task1-SI.labels
762546428,692,700,article762546428.task1-SI.labels
762546428,3288,3299,article762546428.task1-SI.labels
762546428,185,211,article762546428.task1-SI.labels
724791253,3015,3033,article724791253.task1-SI.labels
724791253,118,137,article724791253.task1-SI.labels
724791253,189,228,article724791253.task1-SI.labels
724791253,459,515,article724791253.task1-SI.labels
724791253,918,1208,article724791253.task1-SI.labels
724791253,1223,1265,article724791253.task1-SI.labels
724791253,2585,2611,article724791253.task1-SI.labels
724791253,2702,2829,article724791253.task1-SI.labels
724791253,3048,3065,article724791253.task1-SI.labels
724791253,3579,3602,article724791253.task1-SI.labels
724791253,3665,3744,article724791253.task1-SI.labels
724791253,3912,4039,article724791253.task1-SI.labels
724791253,517,629,article724791253.task1-SI.labels
724791253,319,349,article724791253.task1-SI.labels
724791253,1799,1804,article724791253.task1-SI.labels
724791253,3488,3503,article724791253.task1-SI.labels
730222442,170,230,article730222442.task1-SI.labels
730222442,2349,2369,article730222442.task1-SI.labels
758477392,193,207,article758477392.task1-SI.labels
758477392,684,698,article758477392.task1-SI.labels
758477392,2393,2406,article758477392.task1-SI.labels
758477392,2475,2482,article758477392.task1-SI.labels
758477392,2697,2703,article758477392.task1-SI.labels
758477392,2922,2928,article758477392.task1-SI.labels
758477392,2866,2879,article758477392.task1-SI.labels
758477392,3172,3178,article758477392.task1-SI.labels
758477392,3557,3573,article758477392.task1-SI.labels
758477392,1017,1029,article758477392.task1-SI.labels
758477392,2312,2325,article758477392.task1-SI.labels
758477392,1481,1494,article758477392.task1-SI.labels
758477392,3206,3219,article758477392.task1-SI.labels
778139122,2417,2617,article778139122.task1-SI.labels
778139122,521,555,article778139122.task1-SI.labels
778139122,2649,2669,article778139122.task1-SI.labels
778139122,5764,5781,article778139122.task1-SI.labels
778139122,6616,6637,article778139122.task1-SI.labels
778139122,8016,8043,article778139122.task1-SI.labels
778139122,9158,9198,article778139122.task1-SI.labels
778139122,9526,9542,article778139122.task1-SI.labels
778139122,591,717,article778139122.task1-SI.labels
778139122,7622,7650,article778139122.task1-SI.labels
778139122,9213,9224,article778139122.task1-SI.labels
778139122,9600,9695,article778139122.task1-SI.labels
778139122,11683,11779,article778139122.task1-SI.labels
778139122,719,765,article778139122.task1-SI.labels
778139122,1614,1653,article778139122.task1-SI.labels
778139122,1695,1709,article778139122.task1-SI.labels
778139122,1913,1984,article778139122.task1-SI.labels
778139122,2315,2340,article778139122.task1-SI.labels
778139122,2784,2813,article778139122.task1-SI.labels
778139122,2939,2987,article778139122.task1-SI.labels
778139122,2993,3104,article778139122.task1-SI.labels
778139122,3121,3207,article778139122.task1-SI.labels
778139122,4452,4468,article778139122.task1-SI.labels
778139122,4606,4637,article778139122.task1-SI.labels
778139122,4918,4946,article778139122.task1-SI.labels
778139122,5293,5321,article778139122.task1-SI.labels
778139122,6012,6118,article778139122.task1-SI.labels
778139122,6572,6614,article778139122.task1-SI.labels
778139122,6901,6939,article778139122.task1-SI.labels
778139122,7343,7379,article778139122.task1-SI.labels
778139122,8137,8443,article778139122.task1-SI.labels
778139122,8413,8443,article778139122.task1-SI.labels
778139122,8859,8883,article778139122.task1-SI.labels
778139122,9310,9385,article778139122.task1-SI.labels
778139122,10195,10220,article778139122.task1-SI.labels
778139122,10458,10479,article778139122.task1-SI.labels
778139122,10283,10382,article778139122.task1-SI.labels
778139122,10786,10806,article778139122.task1-SI.labels
778139122,11481,11572,article778139122.task1-SI.labels
778139122,11634,11667,article778139122.task1-SI.labels
778139122,11960,12070,article778139122.task1-SI.labels
778139122,11785,11876,article778139122.task1-SI.labels
778139122,6643,6815,article778139122.task1-SI.labels
711566593,1779,1815,article711566593.task1-SI.labels
711566593,3631,3710,article711566593.task1-SI.labels
711566593,0,27,article711566593.task1-SI.labels
711566593,254,280,article711566593.task1-SI.labels
711566593,854,1029,article711566593.task1-SI.labels
711566593,1164,1250,article711566593.task1-SI.labels
711566593,1381,1441,article711566593.task1-SI.labels
711566593,1308,1369,article711566593.task1-SI.labels
711566593,1652,1693,article711566593.task1-SI.labels
711566593,1698,1715,article711566593.task1-SI.labels
711566593,1817,1860,article711566593.task1-SI.labels
711566593,2189,2255,article711566593.task1-SI.labels
711566593,2313,2432,article711566593.task1-SI.labels
711566593,2689,2708,article711566593.task1-SI.labels
711566593,3305,3356,article711566593.task1-SI.labels
711566593,3534,3609,article711566593.task1-SI.labels
711566593,3724,3752,article711566593.task1-SI.labels
711566593,4431,4544,article711566593.task1-SI.labels
711566593,2132,2168,article711566593.task1-SI.labels
711566593,2435,2644,article711566593.task1-SI.labels
788900262,0,91,article788900262.task1-SI.labels
788900262,1722,1749,article788900262.task1-SI.labels
788900262,1817,1830,article788900262.task1-SI.labels
788900262,1858,1891,article788900262.task1-SI.labels
788900262,2402,2428,article788900262.task1-SI.labels
788900262,4190,4224,article788900262.task1-SI.labels
788900262,5064,5083,article788900262.task1-SI.labels
788900262,6020,6109,article788900262.task1-SI.labels
788900262,6658,6675,article788900262.task1-SI.labels
788900262,168,269,article788900262.task1-SI.labels
788900262,2218,2270,article788900262.task1-SI.labels
788900262,4478,4561,article788900262.task1-SI.labels
788900262,4877,5017,article788900262.task1-SI.labels
788900262,2272,2383,article788900262.task1-SI.labels
788900262,2696,2711,article788900262.task1-SI.labels
788900262,5113,5137,article788900262.task1-SI.labels
788900262,6331,6408,article788900262.task1-SI.labels
788900262,6490,6583,article788900262.task1-SI.labels
788900262,6601,6657,article788900262.task1-SI.labels
788900262,1484,1576,article788900262.task1-SI.labels
788900262,5263,5313,article788900262.task1-SI.labels
730019938,1024,1029,article730019938.task1-SI.labels
730019938,2618,2759,article730019938.task1-SI.labels
789121798,352,369,article789121798.task1-SI.labels
789121798,402,439,article789121798.task1-SI.labels
789121798,1175,1207,article789121798.task1-SI.labels
789121798,3140,3183,article789121798.task1-SI.labels
789121798,3988,4202,article789121798.task1-SI.labels
789121798,2480,2701,article789121798.task1-SI.labels
789121798,19,35,article789121798.task1-SI.labels
789121798,264,298,article789121798.task1-SI.labels
789121798,236,249,article789121798.task1-SI.labels
789121798,441,479,article789121798.task1-SI.labels
789121798,626,640,article789121798.task1-SI.labels
789121798,2339,2416,article789121798.task1-SI.labels
789121798,2949,3085,article789121798.task1-SI.labels
789121798,3087,3096,article789121798.task1-SI.labels
789121798,3312,3346,article789121798.task1-SI.labels
789121798,3366,3386,article789121798.task1-SI.labels
789121798,4294,4323,article789121798.task1-SI.labels
789121798,880,891,article789121798.task1-SI.labels
789121798,1082,1164,article789121798.task1-SI.labels
703056647,25,61,article703056647.task1-SI.labels
703056647,204,275,article703056647.task1-SI.labels
703056647,239,275,article703056647.task1-SI.labels
703056647,470,477,article703056647.task1-SI.labels
703056647,2412,2475,article703056647.task1-SI.labels
703056647,1987,2041,article703056647.task1-SI.labels
703056647,2102,2176,article703056647.task1-SI.labels
703056647,661,717,article703056647.task1-SI.labels
703056647,926,1018,article703056647.task1-SI.labels
703056647,1418,1495,article703056647.task1-SI.labels
703056647,1109,1140,article703056647.task1-SI.labels
703056647,1919,1984,article703056647.task1-SI.labels
761674108,2560,2574,article761674108.task1-SI.labels
761674108,3771,3781,article761674108.task1-SI.labels
761674108,3803,3812,article761674108.task1-SI.labels
761674108,539,585,article761674108.task1-SI.labels
761674108,698,716,article761674108.task1-SI.labels
761674108,906,947,article761674108.task1-SI.labels
761674108,975,993,article761674108.task1-SI.labels
761674108,1041,1070,article761674108.task1-SI.labels
761674108,1125,1133,article761674108.task1-SI.labels
761674108,1153,1182,article761674108.task1-SI.labels
761674108,1396,1404,article761674108.task1-SI.labels
761674108,1527,1543,article761674108.task1-SI.labels
761674108,1549,1615,article761674108.task1-SI.labels
761674108,1690,1723,article761674108.task1-SI.labels
761674108,1902,1960,article761674108.task1-SI.labels
761674108,2267,2292,article761674108.task1-SI.labels
761674108,2478,2487,article761674108.task1-SI.labels
761674108,2880,2888,article761674108.task1-SI.labels
761674108,2892,2899,article761674108.task1-SI.labels
761674108,3038,3047,article761674108.task1-SI.labels
761674108,3286,3295,article761674108.task1-SI.labels
761674108,3300,3306,article761674108.task1-SI.labels
761674108,3319,3330,article761674108.task1-SI.labels
761674108,3465,3473,article761674108.task1-SI.labels
761674108,3479,3513,article761674108.task1-SI.labels
761674108,3674,3681,article761674108.task1-SI.labels
761674108,4236,4244,article761674108.task1-SI.labels
761674108,4097,4235,article761674108.task1-SI.labels
761674108,4529,4664,article761674108.task1-SI.labels
761674108,4666,4715,article761674108.task1-SI.labels
761674108,4725,4749,article761674108.task1-SI.labels
761674108,2138,2148,article761674108.task1-SI.labels
761674108,2424,2451,article761674108.task1-SI.labels
761674108,2489,2517,article761674108.task1-SI.labels
761674108,2519,2544,article761674108.task1-SI.labels
761674108,2630,2660,article761674108.task1-SI.labels
761674108,3578,3626,article761674108.task1-SI.labels
761674108,3522,3530,article761674108.task1-SI.labels
761674108,4083,4095,article761674108.task1-SI.labels
696735702,2630,2685,article696735702.task1-SI.labels
696735702,1115,1140,article696735702.task1-SI.labels
696735702,3585,3632,article696735702.task1-SI.labels
725498022,4518,4580,article725498022.task1-SI.labels
725498022,6105,6131,article725498022.task1-SI.labels
725498022,8065,8084,article725498022.task1-SI.labels
725498022,16921,16939,article725498022.task1-SI.labels
725498022,18642,18707,article725498022.task1-SI.labels
725498022,757,770,article725498022.task1-SI.labels
725498022,1058,1085,article725498022.task1-SI.labels
725498022,1452,1468,article725498022.task1-SI.labels
725498022,2686,2720,article725498022.task1-SI.labels
725498022,5585,5607,article725498022.task1-SI.labels
725498022,5843,5858,article725498022.task1-SI.labels
725498022,7181,7203,article725498022.task1-SI.labels
725498022,7672,7695,article725498022.task1-SI.labels
725498022,10212,10237,article725498022.task1-SI.labels
725498022,10881,10895,article725498022.task1-SI.labels
725498022,16716,16740,article725498022.task1-SI.labels
725498022,17429,17452,article725498022.task1-SI.labels
725498022,19752,19789,article725498022.task1-SI.labels
725498022,20050,20079,article725498022.task1-SI.labels
725498022,21226,21249,article725498022.task1-SI.labels
725498022,21723,21950,article725498022.task1-SI.labels
725498022,201,211,article725498022.task1-SI.labels
725498022,291,302,article725498022.task1-SI.labels
725498022,535,581,article725498022.task1-SI.labels
725498022,1869,1879,article725498022.task1-SI.labels
725498022,3705,3729,article725498022.task1-SI.labels
725498022,5661,5696,article725498022.task1-SI.labels
725498022,6618,6634,article725498022.task1-SI.labels
725498022,7261,7279,article725498022.task1-SI.labels
725498022,8684,8702,article725498022.task1-SI.labels
725498022,11946,11987,article725498022.task1-SI.labels
725498022,14333,14340,article725498022.task1-SI.labels
725498022,14373,14389,article725498022.task1-SI.labels
725498022,17386,17401,article725498022.task1-SI.labels
725498022,17832,17837,article725498022.task1-SI.labels
725498022,20682,20795,article725498022.task1-SI.labels
725498022,21137,21152,article725498022.task1-SI.labels
999001619,8322,8539,article999001619.task1-SI.labels
999001619,11633,12081,article999001619.task1-SI.labels
999001619,12848,13150,article999001619.task1-SI.labels
999001619,1522,1544,article999001619.task1-SI.labels
999001619,4811,5022,article999001619.task1-SI.labels
999001619,7358,7699,article999001619.task1-SI.labels
999001619,10692,11116,article999001619.task1-SI.labels
999001619,11373,11600,article999001619.task1-SI.labels
999001619,8992,9182,article999001619.task1-SI.labels
999001619,13296,13408,article999001619.task1-SI.labels
999001619,13960,14071,article999001619.task1-SI.labels
999001619,17,29,article999001619.task1-SI.labels
999001619,164,189,article999001619.task1-SI.labels
999001619,235,540,article999001619.task1-SI.labels
999001619,428,540,article999001619.task1-SI.labels
999001619,542,815,article999001619.task1-SI.labels
999001619,1072,1471,article999001619.task1-SI.labels
999001619,2005,2013,article999001619.task1-SI.labels
999001619,2523,2591,article999001619.task1-SI.labels
999001619,3558,3571,article999001619.task1-SI.labels
999001619,3625,3833,article999001619.task1-SI.labels
999001619,4067,4253,article999001619.task1-SI.labels
999001619,4633,4641,article999001619.task1-SI.labels
999001619,4790,4809,article999001619.task1-SI.labels
999001619,5229,5425,article999001619.task1-SI.labels
999001619,5452,5475,article999001619.task1-SI.labels
999001619,5603,5611,article999001619.task1-SI.labels
999001619,5900,5908,article999001619.task1-SI.labels
999001619,5911,6223,article999001619.task1-SI.labels
999001619,6225,6517,article999001619.task1-SI.labels
999001619,6519,6893,article999001619.task1-SI.labels
999001619,6895,7094,article999001619.task1-SI.labels
999001619,7730,7943,article999001619.task1-SI.labels
999001619,8140,8161,article999001619.task1-SI.labels
999001619,8258,8319,article999001619.task1-SI.labels
999001619,8542,8609,article999001619.task1-SI.labels
999001619,8612,8882,article999001619.task1-SI.labels
999001619,8701,8717,article999001619.task1-SI.labels
999001619,8763,8785,article999001619.task1-SI.labels
999001619,8901,8916,article999001619.task1-SI.labels
999001619,9355,9384,article999001619.task1-SI.labels
999001619,9697,9902,article999001619.task1-SI.labels
999001619,9904,10373,article999001619.task1-SI.labels
999001619,10211,10233,article999001619.task1-SI.labels
999001619,10400,10690,article999001619.task1-SI.labels
999001619,10748,10857,article999001619.task1-SI.labels
999001619,10990,11043,article999001619.task1-SI.labels
999001619,11057,11116,article999001619.task1-SI.labels
999001619,11118,11371,article999001619.task1-SI.labels
999001619,11674,11689,article999001619.task1-SI.labels
999001619,11752,11851,article999001619.task1-SI.labels
999001619,12083,12537,article999001619.task1-SI.labels
999001619,12245,12262,article999001619.task1-SI.labels
999001619,12476,12537,article999001619.task1-SI.labels
999001619,12539,12845,article999001619.task1-SI.labels
999001619,13410,13637,article999001619.task1-SI.labels
999001619,13639,13958,article999001619.task1-SI.labels
999001619,14150,14173,article999001619.task1-SI.labels
999001619,14126,14141,article999001619.task1-SI.labels
999001619,14251,14285,article999001619.task1-SI.labels
999001619,14371,14434,article999001619.task1-SI.labels
999001619,14497,14545,article999001619.task1-SI.labels
999001619,14571,14689,article999001619.task1-SI.labels
999001619,14820,14844,article999001619.task1-SI.labels
999001619,818,864,article999001619.task1-SI.labels
699142854,2181,2246,article699142854.task1-SI.labels
699142854,7160,7228,article699142854.task1-SI.labels
699142854,692,708,article699142854.task1-SI.labels
699142854,930,981,article699142854.task1-SI.labels
699142854,1013,1039,article699142854.task1-SI.labels
699142854,1041,1102,article699142854.task1-SI.labels
699142854,1596,1620,article699142854.task1-SI.labels
699142854,3149,3217,article699142854.task1-SI.labels
699142854,4131,4274,article699142854.task1-SI.labels
699142854,4889,4906,article699142854.task1-SI.labels
699142854,7574,7602,article699142854.task1-SI.labels
699142854,1402,1429,article699142854.task1-SI.labels
699142854,2548,2584,article699142854.task1-SI.labels
699142854,6974,6981,article699142854.task1-SI.labels
699142854,7069,7083,article699142854.task1-SI.labels
699142854,7018,7034,article699142854.task1-SI.labels
699142854,6934,6952,article699142854.task1-SI.labels
699142854,8894,8971,article699142854.task1-SI.labels
712382330,3611,3673,article712382330.task1-SI.labels
712382330,3943,3965,article712382330.task1-SI.labels
712382330,4216,4264,article712382330.task1-SI.labels
712382330,919,1054,article712382330.task1-SI.labels
761780613,783,834,article761780613.task1-SI.labels
761780613,887,899,article761780613.task1-SI.labels
771546417,13,17,article771546417.task1-SI.labels
771546417,633,640,article771546417.task1-SI.labels
771546417,652,657,article771546417.task1-SI.labels
771546417,688,693,article771546417.task1-SI.labels
771546417,1158,1163,article771546417.task1-SI.labels
771546417,1429,1434,article771546417.task1-SI.labels
771546417,114,140,article771546417.task1-SI.labels
771546417,431,443,article771546417.task1-SI.labels
771546417,878,882,article771546417.task1-SI.labels
771546417,1625,1630,article771546417.task1-SI.labels
771546417,356,386,article771546417.task1-SI.labels
771546417,887,918,article771546417.task1-SI.labels
771546417,1517,1543,article771546417.task1-SI.labels
771546417,1713,1739,article771546417.task1-SI.labels
111111124,2650,2661,article111111124.task1-SI.labels
111111124,4098,4110,article111111124.task1-SI.labels
111111124,4622,4760,article111111124.task1-SI.labels
111111124,3368,3380,article111111124.task1-SI.labels
111111124,0,17,article111111124.task1-SI.labels
111111124,107,122,article111111124.task1-SI.labels
111111124,282,338,article111111124.task1-SI.labels
111111124,510,540,article111111124.task1-SI.labels
111111124,2478,2501,article111111124.task1-SI.labels
111111124,3557,3590,article111111124.task1-SI.labels
111111124,4170,4377,article111111124.task1-SI.labels
111111124,4540,4575,article111111124.task1-SI.labels
111111124,4920,4935,article111111124.task1-SI.labels
111111124,4144,4164,article111111124.task1-SI.labels
999001033,1245,1274,article999001033.task1-SI.labels
999001033,1392,1426,article999001033.task1-SI.labels
999001033,2460,2484,article999001033.task1-SI.labels
999001033,537,662,article999001033.task1-SI.labels
999001033,827,872,article999001033.task1-SI.labels
999001033,1114,1224,article999001033.task1-SI.labels
999001033,1287,1311,article999001033.task1-SI.labels
999001033,1445,1466,article999001033.task1-SI.labels
999001033,1473,1488,article999001033.task1-SI.labels
999001033,3140,3262,article999001033.task1-SI.labels
999001033,3560,3615,article999001033.task1-SI.labels
999001033,3735,3747,article999001033.task1-SI.labels
999001033,939,967,article999001033.task1-SI.labels
999001033,3713,3724,article999001033.task1-SI.labels
737194975,93,115,article737194975.task1-SI.labels
737194975,1763,1775,article737194975.task1-SI.labels
737194975,6010,6034,article737194975.task1-SI.labels
737194975,12531,12562,article737194975.task1-SI.labels
737194975,28,48,article737194975.task1-SI.labels
737194975,339,355,article737194975.task1-SI.labels
737194975,600,675,article737194975.task1-SI.labels
737194975,1142,1192,article737194975.task1-SI.labels
737194975,1431,1439,article737194975.task1-SI.labels
737194975,4807,4937,article737194975.task1-SI.labels
737194975,5409,5449,article737194975.task1-SI.labels
737194975,5451,5630,article737194975.task1-SI.labels
737194975,5816,5818,article737194975.task1-SI.labels
737194975,6035,6319,article737194975.task1-SI.labels
737194975,7007,7014,article737194975.task1-SI.labels
737194975,7504,7507,article737194975.task1-SI.labels
737194975,7944,7967,article737194975.task1-SI.labels
737194975,9260,9276,article737194975.task1-SI.labels
737194975,11088,11127,article737194975.task1-SI.labels
737194975,11129,11152,article737194975.task1-SI.labels
737194975,12052,12201,article737194975.task1-SI.labels
737194975,12580,12606,article737194975.task1-SI.labels
737194975,12782,12797,article737194975.task1-SI.labels
737194975,13117,13120,article737194975.task1-SI.labels
737194975,12967,12970,article737194975.task1-SI.labels
737194975,13289,13308,article737194975.task1-SI.labels
737194975,10,25,article737194975.task1-SI.labels
737194975,14080,14082,article737194975.task1-SI.labels
737194975,14486,14493,article737194975.task1-SI.labels
737194975,7210,7364,article737194975.task1-SI.labels
737194975,2409,2429,article737194975.task1-SI.labels
737194975,6321,6456,article737194975.task1-SI.labels
737194975,6670,6817,article737194975.task1-SI.labels
737194975,7712,7855,article737194975.task1-SI.labels
737194975,9871,9883,article737194975.task1-SI.labels
737194975,10692,10784,article737194975.task1-SI.labels
737194975,11347,11359,article737194975.task1-SI.labels
737194975,11525,11529,article737194975.task1-SI.labels
737194975,11763,11862,article737194975.task1-SI.labels
737194975,11983,11995,article737194975.task1-SI.labels
737194975,12851,12891,article737194975.task1-SI.labels
737194975,14288,14313,article737194975.task1-SI.labels
774904810,6014,6022,article774904810.task1-SI.labels
774904810,350,384,article774904810.task1-SI.labels
774904810,3247,3264,article774904810.task1-SI.labels
774904810,3268,3275,article774904810.task1-SI.labels
774904810,3436,3444,article774904810.task1-SI.labels
774904810,743,749,article774904810.task1-SI.labels
774904810,2806,2821,article774904810.task1-SI.labels
774904810,3626,3633,article774904810.task1-SI.labels
774904810,5824,5839,article774904810.task1-SI.labels
774904810,6039,6060,article774904810.task1-SI.labels
782149225,253,287,article782149225.task1-SI.labels
782149225,472,485,article782149225.task1-SI.labels
782149225,314,470,article782149225.task1-SI.labels
782149225,573,973,article782149225.task1-SI.labels
782149225,1561,1580,article782149225.task1-SI.labels
782149225,1705,1754,article782149225.task1-SI.labels
782149225,3068,3181,article782149225.task1-SI.labels
782149225,4561,4757,article782149225.task1-SI.labels
782149225,5057,5070,article782149225.task1-SI.labels
782149225,5073,5222,article782149225.task1-SI.labels
782149225,1616,1648,article782149225.task1-SI.labels
762147609,531,546,article762147609.task1-SI.labels
762147609,8629,8648,article762147609.task1-SI.labels
762147609,648,660,article762147609.task1-SI.labels
762147609,3287,3292,article762147609.task1-SI.labels
762147609,4034,4046,article762147609.task1-SI.labels
762147609,2113,2122,article762147609.task1-SI.labels
762147609,3108,3117,article762147609.task1-SI.labels
762147609,3930,3939,article762147609.task1-SI.labels
762147609,1298,1314,article762147609.task1-SI.labels
762147609,2160,2290,article762147609.task1-SI.labels
762147609,3800,3836,article762147609.task1-SI.labels
722512241,2751,2838,article722512241.task1-SI.labels
722512241,391,570,article722512241.task1-SI.labels
722512241,3903,3925,article722512241.task1-SI.labels
722512241,37,98,article722512241.task1-SI.labels
722512241,168,309,article722512241.task1-SI.labels
722512241,572,729,article722512241.task1-SI.labels
722512241,2490,2594,article722512241.task1-SI.labels
722512241,3673,3733,article722512241.task1-SI.labels
722512241,3840,3886,article722512241.task1-SI.labels
722512241,3941,3962,article722512241.task1-SI.labels
722512241,3978,4008,article722512241.task1-SI.labels
722512241,4325,4417,article722512241.task1-SI.labels
722512241,5116,5333,article722512241.task1-SI.labels
722512241,5527,5589,article722512241.task1-SI.labels
722512241,5787,5934,article722512241.task1-SI.labels
722512241,6338,6377,article722512241.task1-SI.labels
722512241,6673,6846,article722512241.task1-SI.labels
722512241,6847,7044,article722512241.task1-SI.labels
722512241,7424,7546,article722512241.task1-SI.labels
722512241,7552,7698,article722512241.task1-SI.labels
722512241,7933,8111,article722512241.task1-SI.labels
722512241,7276,7398,article722512241.task1-SI.labels
723883127,482,499,article723883127.task1-SI.labels
723883127,1091,1096,article723883127.task1-SI.labels
723883127,1053,1064,article723883127.task1-SI.labels
723883127,1789,1822,article723883127.task1-SI.labels
723883127,2458,2486,article723883127.task1-SI.labels
723883127,0,5,article723883127.task1-SI.labels
723883127,160,173,article723883127.task1-SI.labels
999000849,943,963,article999000849.task1-SI.labels
999000849,630,650,article999000849.task1-SI.labels
999000849,2547,2563,article999000849.task1-SI.labels
999000849,3370,3386,article999000849.task1-SI.labels
999000849,2724,2736,article999000849.task1-SI.labels
999000849,3967,3972,article999000849.task1-SI.labels
724095467,145,161,article724095467.task1-SI.labels
724095467,3785,3878,article724095467.task1-SI.labels
724095467,165,218,article724095467.task1-SI.labels
724095467,2792,2857,article724095467.task1-SI.labels
724095467,2963,2970,article724095467.task1-SI.labels
724095467,3709,3784,article724095467.task1-SI.labels
724095467,3932,3984,article724095467.task1-SI.labels
724095467,599,620,article724095467.task1-SI.labels
724095467,3883,3931,article724095467.task1-SI.labels
764609985,7112,7118,article764609985.task1-SI.labels
764609985,7224,7235,article764609985.task1-SI.labels
764609985,675,694,article764609985.task1-SI.labels
764609985,6332,6366,article764609985.task1-SI.labels
764609985,5496,5541,article764609985.task1-SI.labels
764609985,5513,5522,article764609985.task1-SI.labels
764609985,8747,8765,article764609985.task1-SI.labels
764609985,10403,10413,article764609985.task1-SI.labels
764609985,288,296,article764609985.task1-SI.labels
764609985,500,507,article764609985.task1-SI.labels
764609985,1681,1685,article764609985.task1-SI.labels
764609985,2352,2362,article764609985.task1-SI.labels
764609985,2463,2471,article764609985.task1-SI.labels
764609985,2550,2764,article764609985.task1-SI.labels
764609985,2992,3003,article764609985.task1-SI.labels
764609985,3574,3578,article764609985.task1-SI.labels
764609985,3701,3707,article764609985.task1-SI.labels
764609985,4675,4681,article764609985.task1-SI.labels
764609985,4924,4933,article764609985.task1-SI.labels
764609985,5891,6090,article764609985.task1-SI.labels
764609985,8497,8514,article764609985.task1-SI.labels
764609985,10188,10225,article764609985.task1-SI.labels
764609985,7247,7251,article764609985.task1-SI.labels
764609985,8701,8718,article764609985.task1-SI.labels
764609985,11038,11048,article764609985.task1-SI.labels
728680557,663,699,article728680557.task1-SI.labels
728680557,1475,1537,article728680557.task1-SI.labels
728680557,1624,1748,article728680557.task1-SI.labels
728680557,1990,2203,article728680557.task1-SI.labels
713130996,4555,4677,article713130996.task1-SI.labels
713130996,962,1013,article713130996.task1-SI.labels
713130996,1296,1317,article713130996.task1-SI.labels
713130996,1783,1798,article713130996.task1-SI.labels
713130996,2698,2734,article713130996.task1-SI.labels
713130996,3778,3984,article713130996.task1-SI.labels
713130996,4355,4463,article713130996.task1-SI.labels
713130996,5222,5332,article713130996.task1-SI.labels
713130996,2149,2196,article713130996.task1-SI.labels
711596363,4373,4389,article711596363.task1-SI.labels
711596363,13,33,article711596363.task1-SI.labels
711596363,258,277,article711596363.task1-SI.labels
711596363,1194,1252,article711596363.task1-SI.labels
711596363,1408,1421,article711596363.task1-SI.labels
711596363,3136,3156,article711596363.task1-SI.labels
711596363,3065,3084,article711596363.task1-SI.labels
711596363,3277,3297,article711596363.task1-SI.labels
711596363,3700,3872,article711596363.task1-SI.labels
711596363,3894,4008,article711596363.task1-SI.labels
711596363,4573,4625,article711596363.task1-SI.labels
711596363,4626,4665,article711596363.task1-SI.labels
711596363,4738,4768,article711596363.task1-SI.labels
711596363,5391,5412,article711596363.task1-SI.labels
711596363,5627,5646,article711596363.task1-SI.labels
711596363,5647,5678,article711596363.task1-SI.labels
711596363,1944,1954,article711596363.task1-SI.labels
711596363,3173,3189,article711596363.task1-SI.labels
711596363,4985,5098,article711596363.task1-SI.labels
711596363,5745,5779,article711596363.task1-SI.labels
999000136,2291,2311,article999000136.task1-SI.labels
999000136,2357,2419,article999000136.task1-SI.labels
999000136,2649,2670,article999000136.task1-SI.labels
999000136,2833,2845,article999000136.task1-SI.labels
999000136,194,213,article999000136.task1-SI.labels
999000136,1475,1502,article999000136.task1-SI.labels
999000136,2264,2288,article999000136.task1-SI.labels
999000136,2888,3071,article999000136.task1-SI.labels
999000136,105,160,article999000136.task1-SI.labels
999000136,2033,2058,article999000136.task1-SI.labels
999000136,2159,2184,article999000136.task1-SI.labels
999000136,2200,2220,article999000136.task1-SI.labels
111111123,4321,4333,article111111123.task1-SI.labels
703821117,2350,2366,article703821117.task1-SI.labels
703821117,3483,3500,article703821117.task1-SI.labels
703821117,11087,11105,article703821117.task1-SI.labels
703821117,11655,11671,article703821117.task1-SI.labels
703821117,12003,12039,article703821117.task1-SI.labels
703821117,12349,12363,article703821117.task1-SI.labels
703821117,14142,14158,article703821117.task1-SI.labels
703821117,16781,16835,article703821117.task1-SI.labels
703821117,17552,17689,article703821117.task1-SI.labels
703821117,179,236,article703821117.task1-SI.labels
703821117,114,174,article703821117.task1-SI.labels
703821117,472,532,article703821117.task1-SI.labels
703821117,833,880,article703821117.task1-SI.labels
703821117,2475,2523,article703821117.task1-SI.labels
703821117,3368,3383,article703821117.task1-SI.labels
703821117,3519,3571,article703821117.task1-SI.labels
703821117,3893,3974,article703821117.task1-SI.labels
703821117,5022,5080,article703821117.task1-SI.labels
703821117,5281,5373,article703821117.task1-SI.labels
703821117,6445,6453,article703821117.task1-SI.labels
703821117,6520,6609,article703821117.task1-SI.labels
703821117,6620,6637,article703821117.task1-SI.labels
703821117,7264,7314,article703821117.task1-SI.labels
703821117,7674,7693,article703821117.task1-SI.labels
703821117,10469,10570,article703821117.task1-SI.labels
703821117,10572,10680,article703821117.task1-SI.labels
703821117,10697,10805,article703821117.task1-SI.labels
703821117,10860,10997,article703821117.task1-SI.labels
703821117,10820,10845,article703821117.task1-SI.labels
703821117,11221,11328,article703821117.task1-SI.labels
703821117,12149,12243,article703821117.task1-SI.labels
703821117,13152,13167,article703821117.task1-SI.labels
703821117,13316,13369,article703821117.task1-SI.labels
703821117,13902,13935,article703821117.task1-SI.labels
703821117,13936,13958,article703821117.task1-SI.labels
703821117,13960,14030,article703821117.task1-SI.labels
703821117,18447,18550,article703821117.task1-SI.labels
703821117,14419,14458,article703821117.task1-SI.labels
703821117,14511,14640,article703821117.task1-SI.labels
703821117,14752,14920,article703821117.task1-SI.labels
703821117,15047,15069,article703821117.task1-SI.labels
703821117,15216,15279,article703821117.task1-SI.labels
703821117,15785,15851,article703821117.task1-SI.labels
703821117,16195,16231,article703821117.task1-SI.labels
703821117,16335,16411,article703821117.task1-SI.labels
703821117,16976,17013,article703821117.task1-SI.labels
703821117,17016,17049,article703821117.task1-SI.labels
703821117,18269,18325,article703821117.task1-SI.labels
703821117,18378,18396,article703821117.task1-SI.labels
703821117,18604,18639,article703821117.task1-SI.labels
703821117,6046,6098,article703821117.task1-SI.labels
703821117,17150,17244,article703821117.task1-SI.labels
708487008,0,11,article708487008.task1-SI.labels
708487008,339,374,article708487008.task1-SI.labels
708487008,602,714,article708487008.task1-SI.labels
708487008,820,857,article708487008.task1-SI.labels
708487008,1721,1753,article708487008.task1-SI.labels
708487008,21,58,article708487008.task1-SI.labels
708487008,160,267,article708487008.task1-SI.labels
775448623,1743,1825,article775448623.task1-SI.labels
775448623,2451,2491,article775448623.task1-SI.labels
775448623,2632,2753,article775448623.task1-SI.labels
775448623,1373,1476,article775448623.task1-SI.labels
775448623,2856,3300,article775448623.task1-SI.labels
775448623,17,41,article775448623.task1-SI.labels
775448623,334,342,article775448623.task1-SI.labels
775448623,343,417,article775448623.task1-SI.labels
775448623,722,732,article775448623.task1-SI.labels
775448623,813,1045,article775448623.task1-SI.labels
775448623,1722,1740,article775448623.task1-SI.labels
775448623,2168,2191,article775448623.task1-SI.labels
727497152,491,695,article727497152.task1-SI.labels
727497152,10,18,article727497152.task1-SI.labels
769682854,253,279,article769682854.task1-SI.labels
769682854,224,235,article769682854.task1-SI.labels
769682854,1004,1026,article769682854.task1-SI.labels
769682854,1579,1586,article769682854.task1-SI.labels
769682854,1996,2016,article769682854.task1-SI.labels
711622457,457,573,article711622457.task1-SI.labels
711622457,575,599,article711622457.task1-SI.labels
711622457,616,732,article711622457.task1-SI.labels
711622457,734,757,article711622457.task1-SI.labels
711622457,934,997,article711622457.task1-SI.labels
711622457,1095,1251,article711622457.task1-SI.labels
711622457,1882,1969,article711622457.task1-SI.labels
711622457,2408,2699,article711622457.task1-SI.labels
711622457,2754,2812,article711622457.task1-SI.labels
711622457,3303,3459,article711622457.task1-SI.labels
711622457,1329,1362,article711622457.task1-SI.labels
711622457,813,847,article711622457.task1-SI.labels
701447437,50,93,article701447437.task1-SI.labels
701447437,189,211,article701447437.task1-SI.labels
701447437,343,430,article701447437.task1-SI.labels
701447437,1092,1168,article701447437.task1-SI.labels
701447437,570,727,article701447437.task1-SI.labels
701447437,1423,1442,article701447437.task1-SI.labels
701447437,1556,1643,article701447437.task1-SI.labels
701447437,1649,1722,article701447437.task1-SI.labels
701447437,939,1017,article701447437.task1-SI.labels
701447437,1542,1555,article701447437.task1-SI.labels
757713354,3626,3633,article757713354.task1-SI.labels
757713354,3638,3649,article757713354.task1-SI.labels
757713354,1317,1330,article757713354.task1-SI.labels
757713354,46,55,article757713354.task1-SI.labels
757713354,84,95,article757713354.task1-SI.labels
757713354,192,203,article757713354.task1-SI.labels
757713354,212,227,article757713354.task1-SI.labels
757713354,304,311,article757713354.task1-SI.labels
757713354,495,502,article757713354.task1-SI.labels
757713354,522,537,article757713354.task1-SI.labels
757713354,762,769,article757713354.task1-SI.labels
757713354,959,970,article757713354.task1-SI.labels
757713354,1050,1059,article757713354.task1-SI.labels
757713354,1658,1679,article757713354.task1-SI.labels
757713354,1751,1766,article757713354.task1-SI.labels
757713354,1409,1428,article757713354.task1-SI.labels
757713354,2446,2457,article757713354.task1-SI.labels
757713354,3053,3065,article757713354.task1-SI.labels
757713354,3141,3148,article757713354.task1-SI.labels
757713354,3306,3354,article757713354.task1-SI.labels
757713354,3513,3530,article757713354.task1-SI.labels
757713354,3548,3584,article757713354.task1-SI.labels
757713354,1073,1079,article757713354.task1-SI.labels
757713354,3954,3973,article757713354.task1-SI.labels
709732928,10768,10775,article709732928.task1-SI.labels
709732928,10826,10833,article709732928.task1-SI.labels
709732928,1428,1432,article709732928.task1-SI.labels
709732928,1811,1820,article709732928.task1-SI.labels
709732928,1957,1966,article709732928.task1-SI.labels
709732928,8532,8546,article709732928.task1-SI.labels
709732928,11982,11997,article709732928.task1-SI.labels
709732928,160,172,article709732928.task1-SI.labels
709732928,6464,6474,article709732928.task1-SI.labels
709732928,8158,8168,article709732928.task1-SI.labels
709732928,8613,8616,article709732928.task1-SI.labels
709732928,10865,10882,article709732928.task1-SI.labels
709732928,12,21,article709732928.task1-SI.labels
709732928,2169,2173,article709732928.task1-SI.labels
709732928,2583,2587,article709732928.task1-SI.labels
709732928,7346,7359,article709732928.task1-SI.labels
709732928,7579,7590,article709732928.task1-SI.labels
709732928,8521,8530,article709732928.task1-SI.labels
709732928,10416,10440,article709732928.task1-SI.labels
709732928,10525,10552,article709732928.task1-SI.labels
709732928,10660,10675,article709732928.task1-SI.labels
709732928,2177,2184,article709732928.task1-SI.labels
709732928,3682,3689,article709732928.task1-SI.labels
709732928,3732,3742,article709732928.task1-SI.labels
709732928,8491,8498,article709732928.task1-SI.labels
709732928,9458,9465,article709732928.task1-SI.labels
709732928,251,259,article709732928.task1-SI.labels
770221823,61,82,article770221823.task1-SI.labels
770221823,1053,1367,article770221823.task1-SI.labels
770221823,1604,1724,article770221823.task1-SI.labels
770221823,411,417,article770221823.task1-SI.labels
770221823,1493,1512,article770221823.task1-SI.labels
761968851,3843,3984,article761968851.task1-SI.labels
761968851,5797,5816,article761968851.task1-SI.labels
761968851,149,172,article761968851.task1-SI.labels
761968851,993,1069,article761968851.task1-SI.labels
761968851,1641,1660,article761968851.task1-SI.labels
761968851,5243,5254,article761968851.task1-SI.labels
761968851,5950,5969,article761968851.task1-SI.labels
761968851,6237,6257,article761968851.task1-SI.labels
761968851,6389,6408,article761968851.task1-SI.labels
761968851,7163,7170,article761968851.task1-SI.labels
761968851,755,774,article761968851.task1-SI.labels
761968851,787,804,article761968851.task1-SI.labels
761968851,4199,4205,article761968851.task1-SI.labels
761968851,5258,5274,article761968851.task1-SI.labels
721890296,1322,1337,article721890296.task1-SI.labels
721890296,2109,2257,article721890296.task1-SI.labels
721890296,5173,5238,article721890296.task1-SI.labels
721890296,4429,4451,article721890296.task1-SI.labels
721890296,48,87,article721890296.task1-SI.labels
721890296,168,183,article721890296.task1-SI.labels
721890296,260,275,article721890296.task1-SI.labels
721890296,883,898,article721890296.task1-SI.labels
721890296,3895,3910,article721890296.task1-SI.labels
721890296,4486,4501,article721890296.task1-SI.labels
721890296,4661,4676,article721890296.task1-SI.labels
721890296,4764,4779,article721890296.task1-SI.labels
721890296,1825,1854,article721890296.task1-SI.labels
721890296,2934,2986,article721890296.task1-SI.labels
721890296,3053,3061,article721890296.task1-SI.labels
721890296,3427,3477,article721890296.task1-SI.labels
721890296,3501,3539,article721890296.task1-SI.labels
721890296,5013,5164,article721890296.task1-SI.labels
721890296,5165,5172,article721890296.task1-SI.labels
721890296,759,790,article721890296.task1-SI.labels
721890296,4122,4385,article721890296.task1-SI.labels
721890296,25,46,article721890296.task1-SI.labels
721890296,560,579,article721890296.task1-SI.labels
721890296,2091,2105,article721890296.task1-SI.labels
721890296,2456,2567,article721890296.task1-SI.labels
721890296,2817,2860,article721890296.task1-SI.labels
721890296,3616,3643,article721890296.task1-SI.labels
721890296,3541,3614,article721890296.task1-SI.labels
721890296,3645,3662,article721890296.task1-SI.labels
721890296,3682,3702,article721890296.task1-SI.labels
721890296,3914,3947,article721890296.task1-SI.labels
721890296,4020,4064,article721890296.task1-SI.labels
721890296,4900,4918,article721890296.task1-SI.labels
721890296,4923,5011,article721890296.task1-SI.labels
696246189,861,882,article696246189.task1-SI.labels
696246189,2552,2645,article696246189.task1-SI.labels
696246189,2848,2898,article696246189.task1-SI.labels
696246189,3236,3277,article696246189.task1-SI.labels
728343601,125,144,article728343601.task1-SI.labels
728343601,1451,1492,article728343601.task1-SI.labels
728343601,1952,1976,article728343601.task1-SI.labels
728343601,2865,2889,article728343601.task1-SI.labels
728343601,4630,4651,article728343601.task1-SI.labels
728343601,4694,4712,article728343601.task1-SI.labels
728343601,1025,1047,article728343601.task1-SI.labels
728343601,1673,1744,article728343601.task1-SI.labels
774637726,602,612,article774637726.task1-SI.labels
774637726,709,776,article774637726.task1-SI.labels
774637726,1607,1613,article774637726.task1-SI.labels
774637726,2635,2656,article774637726.task1-SI.labels
774637726,284,303,article774637726.task1-SI.labels
774637726,1867,1871,article774637726.task1-SI.labels
774637726,1905,1909,article774637726.task1-SI.labels
774637726,2098,2104,article774637726.task1-SI.labels
774637726,2567,2572,article774637726.task1-SI.labels
774637726,2614,2619,article774637726.task1-SI.labels
774637726,2687,2692,article774637726.task1-SI.labels
774637726,2708,2715,article774637726.task1-SI.labels
700387229,24,34,article700387229.task1-SI.labels
700387229,243,259,article700387229.task1-SI.labels
700387229,394,425,article700387229.task1-SI.labels
700387229,435,449,article700387229.task1-SI.labels
700387229,37,51,article700387229.task1-SI.labels
700387229,763,782,article700387229.task1-SI.labels
700387229,1123,1133,article700387229.task1-SI.labels
700387229,925,966,article700387229.task1-SI.labels
700387229,1303,1321,article700387229.task1-SI.labels
700387229,2201,2211,article700387229.task1-SI.labels
700387229,2948,3026,article700387229.task1-SI.labels
700387229,3136,3164,article700387229.task1-SI.labels
700387229,2761,2818,article700387229.task1-SI.labels
765197039,2091,2505,article765197039.task1-SI.labels
765197039,4094,4541,article765197039.task1-SI.labels
765197039,907,911,article765197039.task1-SI.labels
765197039,3299,4011,article765197039.task1-SI.labels
765197039,3835,3855,article765197039.task1-SI.labels
765197039,4223,4259,article765197039.task1-SI.labels
765197039,403,435,article765197039.task1-SI.labels
765197039,3004,3031,article765197039.task1-SI.labels
765197039,3897,3904,article765197039.task1-SI.labels
765197039,4290,4351,article765197039.task1-SI.labels
765197039,4726,4789,article765197039.task1-SI.labels
765197039,446,469,article765197039.task1-SI.labels
765197039,1245,1252,article765197039.task1-SI.labels
765197039,1338,1352,article765197039.task1-SI.labels
765197039,2270,2282,article765197039.task1-SI.labels
765197039,3208,3230,article765197039.task1-SI.labels
765197039,3385,3397,article765197039.task1-SI.labels
765197039,3725,3740,article765197039.task1-SI.labels
765197039,3909,3929,article765197039.task1-SI.labels
765197039,568,904,article765197039.task1-SI.labels
765197039,1961,2088,article765197039.task1-SI.labels
765197039,2609,2629,article765197039.task1-SI.labels
765197039,2631,2879,article765197039.task1-SI.labels
765197039,187,289,article765197039.task1-SI.labels
765197039,1004,1048,article765197039.task1-SI.labels
765197039,1058,1143,article765197039.task1-SI.labels
765197039,2306,2343,article765197039.task1-SI.labels
765197039,2444,2505,article765197039.task1-SI.labels
765197039,4572,4603,article765197039.task1-SI.labels
765197039,330,368,article765197039.task1-SI.labels
765197039,2507,2591,article765197039.task1-SI.labels
765197039,2881,2962,article765197039.task1-SI.labels
765197039,4605,4724,article765197039.task1-SI.labels
755814432,3304,3321,article755814432.task1-SI.labels
755814432,3178,3201,article755814432.task1-SI.labels
755814432,1728,1735,article755814432.task1-SI.labels
755814432,2538,2565,article755814432.task1-SI.labels
755814432,1978,2004,article755814432.task1-SI.labels
755814432,2418,2537,article755814432.task1-SI.labels
755814432,3846,3937,article755814432.task1-SI.labels
755814432,3938,3961,article755814432.task1-SI.labels
999000155,2300,2344,article999000155.task1-SI.labels
999000155,466,516,article999000155.task1-SI.labels
999000155,1338,1519,article999000155.task1-SI.labels
999000155,2482,2504,article999000155.task1-SI.labels
999000155,2686,2706,article999000155.task1-SI.labels
999000155,1978,2039,article999000155.task1-SI.labels
754111899,972,978,article754111899.task1-SI.labels
715790840,1438,1483,article715790840.task1-SI.labels
715790840,1616,1846,article715790840.task1-SI.labels
715790840,1868,1907,article715790840.task1-SI.labels
715790840,1941,1956,article715790840.task1-SI.labels
715790840,2293,2319,article715790840.task1-SI.labels
715790840,2134,2245,article715790840.task1-SI.labels
771254016,1806,1820,article771254016.task1-SI.labels
771254016,1336,1343,article771254016.task1-SI.labels
771254016,1166,1173,article771254016.task1-SI.labels
771254016,1322,1331,article771254016.task1-SI.labels
771254016,1690,1695,article771254016.task1-SI.labels
771254016,1707,1716,article771254016.task1-SI.labels
771254016,1066,1072,article771254016.task1-SI.labels
771254016,1110,1118,article771254016.task1-SI.labels
111111135,3262,3319,article111111135.task1-SI.labels
111111135,4580,4590,article111111135.task1-SI.labels
111111135,543,683,article111111135.task1-SI.labels
111111135,835,844,article111111135.task1-SI.labels
111111135,1476,1483,article111111135.task1-SI.labels
111111135,1929,2341,article111111135.task1-SI.labels
111111135,2984,3018,article111111135.task1-SI.labels
111111135,3045,3084,article111111135.task1-SI.labels
111111135,6524,6539,article111111135.task1-SI.labels
111111135,6813,6839,article111111135.task1-SI.labels
111111135,7009,7036,article111111135.task1-SI.labels
111111135,4433,4498,article111111135.task1-SI.labels
111111135,7134,7152,article111111135.task1-SI.labels
702077783,342,363,article702077783.task1-SI.labels
702077783,401,475,article702077783.task1-SI.labels
702077783,233,289,article702077783.task1-SI.labels
702077783,513,525,article702077783.task1-SI.labels
702077783,1853,1917,article702077783.task1-SI.labels
702077783,291,335,article702077783.task1-SI.labels
707451080,563,579,article707451080.task1-SI.labels
707451080,614,735,article707451080.task1-SI.labels
707451080,1723,1819,article707451080.task1-SI.labels
707451080,4462,4493,article707451080.task1-SI.labels
707451080,4664,4699,article707451080.task1-SI.labels
707451080,4789,4820,article707451080.task1-SI.labels
707451080,259,276,article707451080.task1-SI.labels
707451080,351,496,article707451080.task1-SI.labels
707451080,662,688,article707451080.task1-SI.labels
707451080,1306,1337,article707451080.task1-SI.labels
707451080,1629,1656,article707451080.task1-SI.labels
707451080,1657,1721,article707451080.task1-SI.labels
707451080,2207,2240,article707451080.task1-SI.labels
707451080,2249,2273,article707451080.task1-SI.labels
707451080,2312,2360,article707451080.task1-SI.labels
707451080,3497,3542,article707451080.task1-SI.labels
707451080,3987,4075,article707451080.task1-SI.labels
707451080,4882,4898,article707451080.task1-SI.labels
707451080,5035,5079,article707451080.task1-SI.labels
707451080,5166,5219,article707451080.task1-SI.labels
707451080,5890,5993,article707451080.task1-SI.labels
707451080,5995,6131,article707451080.task1-SI.labels
770581969,78,93,article770581969.task1-SI.labels
770581969,1041,1054,article770581969.task1-SI.labels
770581969,1290,1305,article770581969.task1-SI.labels
770581969,70,77,article770581969.task1-SI.labels
786527921,827,898,article786527921.task1-SI.labels
786527921,2176,2238,article786527921.task1-SI.labels
786527921,2415,2440,article786527921.task1-SI.labels
786527921,10665,10684,article786527921.task1-SI.labels
786527921,10713,10737,article786527921.task1-SI.labels
786527921,11260,11284,article786527921.task1-SI.labels
786527921,11294,11311,article786527921.task1-SI.labels
786527921,12164,12267,article786527921.task1-SI.labels
786527921,12385,12404,article786527921.task1-SI.labels
786527921,16221,16253,article786527921.task1-SI.labels
786527921,16530,16544,article786527921.task1-SI.labels
786527921,5622,5643,article786527921.task1-SI.labels
786527921,10496,10512,article786527921.task1-SI.labels
786527921,12974,13022,article786527921.task1-SI.labels
786527921,1,16,article786527921.task1-SI.labels
786527921,259,300,article786527921.task1-SI.labels
786527921,729,736,article786527921.task1-SI.labels
786527921,1281,1329,article786527921.task1-SI.labels
786527921,1465,1480,article786527921.task1-SI.labels
786527921,1881,1904,article786527921.task1-SI.labels
786527921,1955,2170,article786527921.task1-SI.labels
786527921,2753,2765,article786527921.task1-SI.labels
786527921,3033,3065,article786527921.task1-SI.labels
786527921,5134,5376,article786527921.task1-SI.labels
786527921,5787,5810,article786527921.task1-SI.labels
786527921,6132,6149,article786527921.task1-SI.labels
786527921,6683,6695,article786527921.task1-SI.labels
786527921,6880,6908,article786527921.task1-SI.labels
786527921,7032,7051,article786527921.task1-SI.labels
786527921,7482,7583,article786527921.task1-SI.labels
786527921,7598,7633,article786527921.task1-SI.labels
786527921,8403,8449,article786527921.task1-SI.labels
786527921,8548,8566,article786527921.task1-SI.labels
786527921,7747,7771,article786527921.task1-SI.labels
786527921,8838,8856,article786527921.task1-SI.labels
786527921,8903,8923,article786527921.task1-SI.labels
786527921,9063,9078,article786527921.task1-SI.labels
786527921,9859,9869,article786527921.task1-SI.labels
786527921,9942,10004,article786527921.task1-SI.labels
786527921,10254,10267,article786527921.task1-SI.labels
786527921,10920,10973,article786527921.task1-SI.labels
786527921,11506,11530,article786527921.task1-SI.labels
786527921,12856,12878,article786527921.task1-SI.labels
786527921,13029,13062,article786527921.task1-SI.labels
786527921,13191,13235,article786527921.task1-SI.labels
786527921,13589,13733,article786527921.task1-SI.labels
786527921,13931,13982,article786527921.task1-SI.labels
786527921,14062,14097,article786527921.task1-SI.labels
786527921,14488,14500,article786527921.task1-SI.labels
786527921,14505,14550,article786527921.task1-SI.labels
786527921,14918,14942,article786527921.task1-SI.labels
786527921,15077,15112,article786527921.task1-SI.labels
786527921,16017,16053,article786527921.task1-SI.labels
786527921,16104,16121,article786527921.task1-SI.labels
786527921,16130,16177,article786527921.task1-SI.labels
786527921,16804,16827,article786527921.task1-SI.labels
786527921,16846,16868,article786527921.task1-SI.labels
786527921,16919,16949,article786527921.task1-SI.labels
786527921,8099,8114,article786527921.task1-SI.labels
786527921,14149,14328,article786527921.task1-SI.labels
771406408,708,731,article771406408.task1-SI.labels
771406408,1060,1069,article771406408.task1-SI.labels
771406408,1405,1412,article771406408.task1-SI.labels
771406408,1154,1166,article771406408.task1-SI.labels
771406408,2670,2689,article771406408.task1-SI.labels
771406408,2989,2998,article771406408.task1-SI.labels
771406408,3593,3598,article771406408.task1-SI.labels
771406408,3519,3524,article771406408.task1-SI.labels
771406408,13,26,article771406408.task1-SI.labels
771406408,59,87,article771406408.task1-SI.labels
771406408,350,363,article771406408.task1-SI.labels
771406408,476,492,article771406408.task1-SI.labels
771406408,737,793,article771406408.task1-SI.labels
771406408,1371,1385,article771406408.task1-SI.labels
771406408,1840,1851,article771406408.task1-SI.labels
771406408,1886,1889,article771406408.task1-SI.labels
771406408,1940,1987,article771406408.task1-SI.labels
771406408,1184,1195,article771406408.task1-SI.labels
788726416,4298,4312,article788726416.task1-SI.labels
788726416,53,73,article788726416.task1-SI.labels
788726416,105,122,article788726416.task1-SI.labels
788726416,124,143,article788726416.task1-SI.labels
788726416,0,23,article788726416.task1-SI.labels
788726416,559,602,article788726416.task1-SI.labels
788726416,362,492,article788726416.task1-SI.labels
788726416,678,725,article788726416.task1-SI.labels
788726416,973,1147,article788726416.task1-SI.labels
788726416,1986,2012,article788726416.task1-SI.labels
788726416,3323,3336,article788726416.task1-SI.labels
788726416,3442,3469,article788726416.task1-SI.labels
788726416,3962,4010,article788726416.task1-SI.labels
788726416,4691,4708,article788726416.task1-SI.labels
698018235,1659,1883,article698018235.task1-SI.labels
698018235,2917,3000,article698018235.task1-SI.labels
698018235,305,335,article698018235.task1-SI.labels
698018235,555,581,article698018235.task1-SI.labels
698018235,657,687,article698018235.task1-SI.labels
698018235,641,652,article698018235.task1-SI.labels
698018235,976,1049,article698018235.task1-SI.labels
698018235,1482,1493,article698018235.task1-SI.labels
698018235,3514,3649,article698018235.task1-SI.labels
698018235,3623,3649,article698018235.task1-SI.labels
698018235,1910,1919,article698018235.task1-SI.labels
698018235,2132,2410,article698018235.task1-SI.labels
698018235,2431,2460,article698018235.task1-SI.labels
698018235,2723,2730,article698018235.task1-SI.labels
698018235,3283,3380,article698018235.task1-SI.labels
761969692,601,725,article761969692.task1-SI.labels
761969692,1894,1907,article761969692.task1-SI.labels
761969692,2291,2489,article761969692.task1-SI.labels
761969692,6522,6541,article761969692.task1-SI.labels
761969692,393,404,article761969692.task1-SI.labels
761969692,482,492,article761969692.task1-SI.labels
761969692,2057,2089,article761969692.task1-SI.labels
761969692,2993,3013,article761969692.task1-SI.labels
761969692,3017,3033,article761969692.task1-SI.labels
761969692,4010,4090,article761969692.task1-SI.labels
761969692,5796,5816,article761969692.task1-SI.labels
761969692,5915,5935,article761969692.task1-SI.labels
761969692,6064,6084,article761969692.task1-SI.labels
761969692,6636,6662,article761969692.task1-SI.labels
761969692,1557,1574,article761969692.task1-SI.labels
761969692,2005,2043,article761969692.task1-SI.labels
761969692,2276,2289,article761969692.task1-SI.labels
761969692,2858,2885,article761969692.task1-SI.labels
701225819,177,187,article701225819.task1-SI.labels
701225819,2689,2694,article701225819.task1-SI.labels
701225819,2787,2792,article701225819.task1-SI.labels
701225819,2982,2991,article701225819.task1-SI.labels
701225819,77,99,article701225819.task1-SI.labels
701225819,996,1019,article701225819.task1-SI.labels
701225819,2174,2182,article701225819.task1-SI.labels
701225819,2747,2752,article701225819.task1-SI.labels
701225819,3787,3804,article701225819.task1-SI.labels
701225819,3837,3860,article701225819.task1-SI.labels
701225819,4606,4636,article701225819.task1-SI.labels
701225819,4720,4739,article701225819.task1-SI.labels
701225819,111,143,article701225819.task1-SI.labels
701225819,305,313,article701225819.task1-SI.labels
701225819,1201,1299,article701225819.task1-SI.labels
701225819,1493,1605,article701225819.task1-SI.labels
701225819,1572,1583,article701225819.task1-SI.labels
701225819,1767,1771,article701225819.task1-SI.labels
701225819,2616,2621,article701225819.task1-SI.labels
701225819,3309,3315,article701225819.task1-SI.labels
701225819,4268,4313,article701225819.task1-SI.labels
701225819,5914,5927,article701225819.task1-SI.labels
701225819,6102,6112,article701225819.task1-SI.labels
701225819,1872,1889,article701225819.task1-SI.labels
701225819,1967,1987,article701225819.task1-SI.labels
701225819,2798,2811,article701225819.task1-SI.labels
761564397,2749,2825,article761564397.task1-SI.labels
761564397,4178,4192,article761564397.task1-SI.labels
765913191,361,370,article765913191.task1-SI.labels
765913191,3844,3864,article765913191.task1-SI.labels
765913191,5077,5119,article765913191.task1-SI.labels
765913191,6575,6584,article765913191.task1-SI.labels
765913191,4502,4536,article765913191.task1-SI.labels
765913191,601,612,article765913191.task1-SI.labels
765913191,255,347,article765913191.task1-SI.labels
765913191,710,722,article765913191.task1-SI.labels
765913191,3587,3621,article765913191.task1-SI.labels
765913191,4244,4252,article765913191.task1-SI.labels
765913191,5827,5905,article765913191.task1-SI.labels
765913191,6357,6376,article765913191.task1-SI.labels
765913191,6957,6974,article765913191.task1-SI.labels
765913191,6999,7038,article765913191.task1-SI.labels
765913191,6739,6882,article765913191.task1-SI.labels
765913191,777,787,article765913191.task1-SI.labels
765913191,3422,3432,article765913191.task1-SI.labels
765913191,6979,6989,article765913191.task1-SI.labels
765913191,1461,1513,article765913191.task1-SI.labels
765913191,3730,3750,article765913191.task1-SI.labels
765913191,4891,4911,article765913191.task1-SI.labels
765913191,5596,5599,article765913191.task1-SI.labels
765913191,5800,5803,article765913191.task1-SI.labels
765913191,6527,6530,article765913191.task1-SI.labels
786919720,83,98,article786919720.task1-SI.labels
786919720,4347,4364,article786919720.task1-SI.labels
786919720,4438,4459,article786919720.task1-SI.labels
786919720,164,194,article786919720.task1-SI.labels
786919720,282,672,article786919720.task1-SI.labels
786919720,1158,1191,article786919720.task1-SI.labels
786919720,3177,3195,article786919720.task1-SI.labels
786919720,4659,4682,article786919720.task1-SI.labels
786919720,4713,4804,article786919720.task1-SI.labels
786919720,1146,1156,article786919720.task1-SI.labels
786919720,4526,4594,article786919720.task1-SI.labels
724095598,848,1011,article724095598.task1-SI.labels
724095598,210,218,article724095598.task1-SI.labels
724095598,497,517,article724095598.task1-SI.labels
724095598,1381,1394,article724095598.task1-SI.labels
706636401,3353,3363,article706636401.task1-SI.labels
706636401,3802,3966,article706636401.task1-SI.labels
706636401,992,1001,article706636401.task1-SI.labels
706636401,2911,2939,article706636401.task1-SI.labels
706636401,3724,3747,article706636401.task1-SI.labels
782017101,1282,1289,article782017101.task1-SI.labels
782017101,1453,1461,article782017101.task1-SI.labels
782017101,6893,6901,article782017101.task1-SI.labels
782017101,7156,7178,article782017101.task1-SI.labels
782017101,1690,1697,article782017101.task1-SI.labels
782017101,3309,3321,article782017101.task1-SI.labels
782017101,229,239,article782017101.task1-SI.labels
782017101,253,261,article782017101.task1-SI.labels
782017101,1149,1157,article782017101.task1-SI.labels
782017101,2333,2370,article782017101.task1-SI.labels
782017101,5633,5662,article782017101.task1-SI.labels
782017101,6583,6599,article782017101.task1-SI.labels
782017101,263,321,article782017101.task1-SI.labels
782017101,560,580,article782017101.task1-SI.labels
782017101,2253,2262,article782017101.task1-SI.labels
782017101,5285,5302,article782017101.task1-SI.labels
782017101,5753,5769,article782017101.task1-SI.labels
782017101,7450,7480,article782017101.task1-SI.labels
782017101,7573,7580,article782017101.task1-SI.labels
730149656,3428,3433,article730149656.task1-SI.labels
730149656,3486,3491,article730149656.task1-SI.labels
730149656,5251,5267,article730149656.task1-SI.labels
730149656,3017,3025,article730149656.task1-SI.labels
730149656,3526,3531,article730149656.task1-SI.labels
730149656,216,220,article730149656.task1-SI.labels
730149656,225,241,article730149656.task1-SI.labels
730149656,1742,1762,article730149656.task1-SI.labels
730149656,2379,2395,article730149656.task1-SI.labels
730149656,2639,2680,article730149656.task1-SI.labels
730149656,3371,3376,article730149656.task1-SI.labels
730149656,4647,4905,article730149656.task1-SI.labels
730149656,7,20,article730149656.task1-SI.labels
730149656,306,398,article730149656.task1-SI.labels
730149656,1493,1574,article730149656.task1-SI.labels
730149656,3070,3104,article730149656.task1-SI.labels
730149656,3832,3846,article730149656.task1-SI.labels
730149656,3851,3868,article730149656.task1-SI.labels
730149656,5049,5068,article730149656.task1-SI.labels
730149656,5147,5185,article730149656.task1-SI.labels
776373795,1044,1206,article776373795.task1-SI.labels
776373795,557,612,article776373795.task1-SI.labels
776373795,1208,1321,article776373795.task1-SI.labels
776373795,1900,1990,article776373795.task1-SI.labels
776373795,2932,2997,article776373795.task1-SI.labels
776373795,184,206,article776373795.task1-SI.labels
776373795,854,869,article776373795.task1-SI.labels
776373795,1388,1483,article776373795.task1-SI.labels
776373795,1685,1706,article776373795.task1-SI.labels
776373795,3468,3482,article776373795.task1-SI.labels
776373795,4039,4203,article776373795.task1-SI.labels
776373795,5130,5150,article776373795.task1-SI.labels
776373795,4205,4572,article776373795.task1-SI.labels
776373795,3723,3773,article776373795.task1-SI.labels
795693029,335,348,article795693029.task1-SI.labels
795693029,383,392,article795693029.task1-SI.labels
795693029,399,482,article795693029.task1-SI.labels
795693029,1436,1460,article795693029.task1-SI.labels
795693029,1969,1976,article795693029.task1-SI.labels
795693029,2170,2179,article795693029.task1-SI.labels
795693029,1980,1991,article795693029.task1-SI.labels
795693029,1995,2014,article795693029.task1-SI.labels
741655444,351,381,article741655444.task1-SI.labels
741655444,383,522,article741655444.task1-SI.labels
741655444,802,829,article741655444.task1-SI.labels
741655444,1648,1670,article741655444.task1-SI.labels
741655444,1924,1933,article741655444.task1-SI.labels
741655444,2277,2320,article741655444.task1-SI.labels
789370909,3212,3231,article789370909.task1-SI.labels
789370909,11058,11070,article789370909.task1-SI.labels
789370909,2009,2030,article789370909.task1-SI.labels
789370909,10444,10485,article789370909.task1-SI.labels
789370909,53,78,article789370909.task1-SI.labels
789370909,459,491,article789370909.task1-SI.labels
789370909,1894,1919,article789370909.task1-SI.labels
789370909,2148,2171,article789370909.task1-SI.labels
789370909,4056,4071,article789370909.task1-SI.labels
789370909,4416,4439,article789370909.task1-SI.labels
789370909,4736,4756,article789370909.task1-SI.labels
789370909,6861,6881,article789370909.task1-SI.labels
789370909,8063,8083,article789370909.task1-SI.labels
789370909,8985,9015,article789370909.task1-SI.labels
789370909,9255,9271,article789370909.task1-SI.labels
789370909,9306,9433,article789370909.task1-SI.labels
789370909,9840,9870,article789370909.task1-SI.labels
789370909,11722,11746,article789370909.task1-SI.labels
789370909,11848,11871,article789370909.task1-SI.labels
789370909,11837,11843,article789370909.task1-SI.labels
789370909,5762,5843,article789370909.task1-SI.labels
789370909,5939,6056,article789370909.task1-SI.labels
789370909,7380,7572,article789370909.task1-SI.labels
789370909,8517,8597,article789370909.task1-SI.labels
789370909,9135,9210,article789370909.task1-SI.labels
789370909,10867,10940,article789370909.task1-SI.labels
789370909,11625,11705,article789370909.task1-SI.labels
787002327,2110,2257,article787002327.task1-SI.labels
787002327,2707,2728,article787002327.task1-SI.labels
787002327,4104,4173,article787002327.task1-SI.labels
787002327,4630,4648,article787002327.task1-SI.labels
787002327,4710,4757,article787002327.task1-SI.labels
787002327,5606,5625,article787002327.task1-SI.labels
787002327,5916,5942,article787002327.task1-SI.labels
787002327,6166,6190,article787002327.task1-SI.labels
787002327,6195,6208,article787002327.task1-SI.labels
787002327,6813,7147,article787002327.task1-SI.labels
787002327,3103,3203,article787002327.task1-SI.labels
787002327,3557,3572,article787002327.task1-SI.labels
787002327,3582,3597,article787002327.task1-SI.labels
787002327,184,203,article787002327.task1-SI.labels
787002327,215,251,article787002327.task1-SI.labels
787002327,288,307,article787002327.task1-SI.labels
787002327,363,386,article787002327.task1-SI.labels
787002327,459,502,article787002327.task1-SI.labels
787002327,542,563,article787002327.task1-SI.labels
787002327,682,705,article787002327.task1-SI.labels
787002327,838,1019,article787002327.task1-SI.labels
787002327,1109,1160,article787002327.task1-SI.labels
787002327,1195,1219,article787002327.task1-SI.labels
787002327,1266,1285,article787002327.task1-SI.labels
787002327,1356,1370,article787002327.task1-SI.labels
787002327,1471,1505,article787002327.task1-SI.labels
787002327,1709,1881,article787002327.task1-SI.labels
787002327,1961,1980,article787002327.task1-SI.labels
787002327,2263,2357,article787002327.task1-SI.labels
787002327,2458,2492,article787002327.task1-SI.labels
787002327,2867,2897,article787002327.task1-SI.labels
787002327,4007,4032,article787002327.task1-SI.labels
787002327,4193,4225,article787002327.task1-SI.labels
787002327,4412,4433,article787002327.task1-SI.labels
787002327,5243,5248,article787002327.task1-SI.labels
787002327,5252,5303,article787002327.task1-SI.labels
787002327,5467,5544,article787002327.task1-SI.labels
787002327,5667,5770,article787002327.task1-SI.labels
787002327,5908,5915,article787002327.task1-SI.labels
787002327,6064,6087,article787002327.task1-SI.labels
787002327,6460,6489,article787002327.task1-SI.labels
787002327,6530,6548,article787002327.task1-SI.labels
787002327,6739,6811,article787002327.task1-SI.labels
787002327,7149,7200,article787002327.task1-SI.labels
735815503,60,176,article735815503.task1-SI.labels
735815503,29,38,article735815503.task1-SI.labels
111111111,265,323,article111111111.task1-SI.labels
111111111,1795,1935,article111111111.task1-SI.labels
111111111,149,157,article111111111.task1-SI.labels
111111111,1069,1091,article111111111.task1-SI.labels
111111111,1334,1462,article111111111.task1-SI.labels
111111111,1577,1616,article111111111.task1-SI.labels
111111111,2023,2086,article111111111.task1-SI.labels
718312499,124,231,article718312499.task1-SI.labels
736757214,0,59,article736757214.task1-SI.labels
736757214,171,181,article736757214.task1-SI.labels
736757214,115,167,article736757214.task1-SI.labels
736757214,740,759,article736757214.task1-SI.labels
696264594,388,414,article696264594.task1-SI.labels
696264594,490,520,article696264594.task1-SI.labels
696264594,899,972,article696264594.task1-SI.labels
696264594,1173,1207,article696264594.task1-SI.labels
696264594,1313,1356,article696264594.task1-SI.labels
696264594,3752,3766,article696264594.task1-SI.labels
696264594,6029,6043,article696264594.task1-SI.labels
696264594,6754,6784,article696264594.task1-SI.labels
696264594,7337,7433,article696264594.task1-SI.labels
696264594,3829,4015,article696264594.task1-SI.labels
696264594,6201,6207,article696264594.task1-SI.labels
696264594,7013,7040,article696264594.task1-SI.labels
111111122,24,49,article111111122.task1-SI.labels
111111122,170,205,article111111122.task1-SI.labels
111111122,343,356,article111111122.task1-SI.labels
111111122,449,477,article111111122.task1-SI.labels
111111122,888,956,article111111122.task1-SI.labels
111111122,1475,1522,article111111122.task1-SI.labels
111111122,1636,1655,article111111122.task1-SI.labels
111111122,3210,3224,article111111122.task1-SI.labels
111111122,3413,3440,article111111122.task1-SI.labels
111111122,3489,3519,article111111122.task1-SI.labels
111111122,3991,4046,article111111122.task1-SI.labels
111111122,4449,4468,article111111122.task1-SI.labels
111111122,5027,5059,article111111122.task1-SI.labels
111111122,5131,5140,article111111122.task1-SI.labels
111111122,5529,5653,article111111122.task1-SI.labels
111111122,5778,5797,article111111122.task1-SI.labels
111111122,5840,5921,article111111122.task1-SI.labels
111111122,5950,5981,article111111122.task1-SI.labels
111111122,6441,6451,article111111122.task1-SI.labels
111111122,6839,6868,article111111122.task1-SI.labels
999000894,94,185,article999000894.task1-SI.labels
999000894,475,627,article999000894.task1-SI.labels
999000894,740,764,article999000894.task1-SI.labels
999000894,4245,4276,article999000894.task1-SI.labels
999000894,899,910,article999000894.task1-SI.labels
999000894,4927,4932,article999000894.task1-SI.labels
999000894,5185,5194,article999000894.task1-SI.labels
999000894,5557,5572,article999000894.task1-SI.labels
729670169,1399,1417,article729670169.task1-SI.labels
729670169,1857,1886,article729670169.task1-SI.labels
694356862,71,171,article694356862.task1-SI.labels
694356862,820,830,article694356862.task1-SI.labels
694356862,2378,2399,article694356862.task1-SI.labels
694356862,4680,4691,article694356862.task1-SI.labels
694356862,270,311,article694356862.task1-SI.labels
694356862,532,574,article694356862.task1-SI.labels
694356862,713,795,article694356862.task1-SI.labels
694356862,854,922,article694356862.task1-SI.labels
694356862,2754,2768,article694356862.task1-SI.labels
694356862,5069,5184,article694356862.task1-SI.labels
694356862,5363,5430,article694356862.task1-SI.labels
729668796,2351,2361,article729668796.task1-SI.labels
729668796,68,96,article729668796.task1-SI.labels
729668796,545,585,article729668796.task1-SI.labels
729668796,1270,1353,article729668796.task1-SI.labels
729668796,2090,2115,article729668796.task1-SI.labels
729668796,3756,3776,article729668796.task1-SI.labels
729668796,2118,2184,article729668796.task1-SI.labels
729668796,3341,3418,article729668796.task1-SI.labels
729668796,3804,3940,article729668796.task1-SI.labels
729668796,296,361,article729668796.task1-SI.labels
729668796,1938,2047,article729668796.task1-SI.labels
729668796,3647,3663,article729668796.task1-SI.labels
729668796,2854,2939,article729668796.task1-SI.labels
729668796,3997,4124,article729668796.task1-SI.labels
729668796,238,251,article729668796.task1-SI.labels
729668796,476,500,article729668796.task1-SI.labels
729668796,815,828,article729668796.task1-SI.labels
729668796,1242,1266,article729668796.task1-SI.labels
729668796,3027,3081,article729668796.task1-SI.labels
729668796,4133,4142,article729668796.task1-SI.labels
741923579,3083,3111,article741923579.task1-SI.labels
741923579,3460,3527,article741923579.task1-SI.labels
741923579,1441,1653,article741923579.task1-SI.labels
741923579,2426,2763,article741923579.task1-SI.labels
741923579,2765,2862,article741923579.task1-SI.labels
741923579,1902,2063,article741923579.task1-SI.labels
741923579,3292,3313,article741923579.task1-SI.labels
741923579,3345,3354,article741923579.task1-SI.labels
741923579,3356,3368,article741923579.task1-SI.labels
741923579,3662,3691,article741923579.task1-SI.labels
741923579,3877,3924,article741923579.task1-SI.labels
731927633,2063,2092,article731927633.task1-SI.labels
731927633,2434,2444,article731927633.task1-SI.labels
731927633,2784,2797,article731927633.task1-SI.labels
731927633,3450,3514,article731927633.task1-SI.labels
731927633,962,1016,article731927633.task1-SI.labels
731927633,1019,1053,article731927633.task1-SI.labels
731927633,1190,1224,article731927633.task1-SI.labels
731927633,1226,1280,article731927633.task1-SI.labels
731927633,1973,2004,article731927633.task1-SI.labels
731927633,2237,2323,article731927633.task1-SI.labels
731927633,2798,2832,article731927633.task1-SI.labels
729303442,303,504,article729303442.task1-SI.labels
729303442,1450,1552,article729303442.task1-SI.labels
729303442,1555,1564,article729303442.task1-SI.labels
729303442,2878,2914,article729303442.task1-SI.labels
729303442,2953,3233,article729303442.task1-SI.labels
729303442,4046,4083,article729303442.task1-SI.labels
729303442,1303,1326,article729303442.task1-SI.labels
729303442,3659,3670,article729303442.task1-SI.labels
716469423,2492,2673,article716469423.task1-SI.labels
716469423,1955,2197,article716469423.task1-SI.labels
698092698,306,327,article698092698.task1-SI.labels
698092698,577,693,article698092698.task1-SI.labels
698092698,694,784,article698092698.task1-SI.labels
698092698,1997,2029,article698092698.task1-SI.labels
698092698,353,371,article698092698.task1-SI.labels
698092698,2393,2453,article698092698.task1-SI.labels
698092698,5882,5948,article698092698.task1-SI.labels
697996062,94,108,article697996062.task1-SI.labels
697996062,427,469,article697996062.task1-SI.labels
999000154,122,133,article999000154.task1-SI.labels
999000154,241,318,article999000154.task1-SI.labels
999000154,477,490,article999000154.task1-SI.labels
999000154,505,678,article999000154.task1-SI.labels
999000154,1329,1525,article999000154.task1-SI.labels
725276027,418,499,article725276027.task1-SI.labels
725276027,765,789,article725276027.task1-SI.labels
725276027,52,160,article725276027.task1-SI.labels
725276027,229,247,article725276027.task1-SI.labels
725276027,2063,2268,article725276027.task1-SI.labels
725276027,5787,5806,article725276027.task1-SI.labels
725276027,162,174,article725276027.task1-SI.labels
725276027,198,212,article725276027.task1-SI.labels
725276027,1339,1353,article725276027.task1-SI.labels
725276027,1506,1520,article725276027.task1-SI.labels
725276027,3316,3333,article725276027.task1-SI.labels
725276027,3434,3448,article725276027.task1-SI.labels
725276027,3876,3890,article725276027.task1-SI.labels
725276027,5311,5325,article725276027.task1-SI.labels
725276027,5381,5406,article725276027.task1-SI.labels
729368012,10584,10612,article729368012.task1-SI.labels
729368012,6367,6477,article729368012.task1-SI.labels
729368012,8080,8091,article729368012.task1-SI.labels
770956434,1360,1380,article770956434.task1-SI.labels
770956434,1390,1430,article770956434.task1-SI.labels
770956434,1560,1571,article770956434.task1-SI.labels
770956434,2583,2592,article770956434.task1-SI.labels
770956434,482,487,article770956434.task1-SI.labels
770956434,1659,1665,article770956434.task1-SI.labels
770956434,1925,1943,article770956434.task1-SI.labels
770956434,1945,1992,article770956434.task1-SI.labels
770956434,2176,2194,article770956434.task1-SI.labels
770956434,2884,2891,article770956434.task1-SI.labels
700662577,245,271,article700662577.task1-SI.labels
700662577,641,779,article700662577.task1-SI.labels
700662577,1385,1423,article700662577.task1-SI.labels
700662577,1570,1765,article700662577.task1-SI.labels
700662577,2777,2812,article700662577.task1-SI.labels
700662577,60,86,article700662577.task1-SI.labels
700662577,108,119,article700662577.task1-SI.labels
700662577,1217,1227,article700662577.task1-SI.labels
700662577,1907,1984,article700662577.task1-SI.labels
700662577,3515,3529,article700662577.task1-SI.labels
703806098,166,185,article703806098.task1-SI.labels
703806098,2609,2665,article703806098.task1-SI.labels
703806098,1605,1622,article703806098.task1-SI.labels
703806098,1632,1698,article703806098.task1-SI.labels
703806098,144,160,article703806098.task1-SI.labels
703806098,1435,1455,article703806098.task1-SI.labels
730865684,105,113,article730865684.task1-SI.labels
730865684,2509,2520,article730865684.task1-SI.labels
730865684,2563,2570,article730865684.task1-SI.labels
708071969,2372,2408,article708071969.task1-SI.labels
708071969,7,18,article708071969.task1-SI.labels
708071969,32,40,article708071969.task1-SI.labels
708071969,115,215,article708071969.task1-SI.labels
708071969,422,433,article708071969.task1-SI.labels
708071969,228,249,article708071969.task1-SI.labels
708071969,647,673,article708071969.task1-SI.labels
708071969,804,845,article708071969.task1-SI.labels
708071969,2021,2032,article708071969.task1-SI.labels
708071969,2455,2485,article708071969.task1-SI.labels
708071969,2159,2202,article708071969.task1-SI.labels
708071969,1768,1850,article708071969.task1-SI.labels
708071969,78,113,article708071969.task1-SI.labels
708071969,300,308,article708071969.task1-SI.labels
708071969,1054,1111,article708071969.task1-SI.labels
708071969,2724,2768,article708071969.task1-SI.labels
765385479,16,85,article765385479.task1-SI.labels
765385479,522,537,article765385479.task1-SI.labels
765385479,982,1059,article765385479.task1-SI.labels
765385479,2100,2117,article765385479.task1-SI.labels
765385479,2422,2440,article765385479.task1-SI.labels
765385479,2690,2722,article765385479.task1-SI.labels
765385479,3435,3495,article765385479.task1-SI.labels
765385479,3790,3820,article765385479.task1-SI.labels
765385479,3827,3886,article765385479.task1-SI.labels
765385479,4225,4243,article765385479.task1-SI.labels
765385479,4246,4270,article765385479.task1-SI.labels
765385479,5347,5383,article765385479.task1-SI.labels
765385479,5932,5950,article765385479.task1-SI.labels
765385479,6924,6977,article765385479.task1-SI.labels
765385479,7005,7052,article765385479.task1-SI.labels
765385479,9479,9499,article765385479.task1-SI.labels
765385479,4441,4461,article765385479.task1-SI.labels
765385479,6478,6496,article765385479.task1-SI.labels
765385479,6559,6573,article765385479.task1-SI.labels
765385479,8431,8458,article765385479.task1-SI.labels
765385479,206,375,article765385479.task1-SI.labels
765385479,564,630,article765385479.task1-SI.labels
765385479,917,965,article765385479.task1-SI.labels
765385479,1081,1086,article765385479.task1-SI.labels
765385479,1630,1651,article765385479.task1-SI.labels
765385479,1759,1848,article765385479.task1-SI.labels
765385479,1889,1903,article765385479.task1-SI.labels
765385479,1905,1923,article765385479.task1-SI.labels
765385479,2321,2341,article765385479.task1-SI.labels
765385479,2346,2374,article765385479.task1-SI.labels
765385479,2497,2578,article765385479.task1-SI.labels
765385479,2611,2658,article765385479.task1-SI.labels
765385479,2756,2777,article765385479.task1-SI.labels
765385479,2779,2972,article765385479.task1-SI.labels
765385479,3279,3305,article765385479.task1-SI.labels
765385479,3522,3544,article765385479.task1-SI.labels
765385479,3725,3748,article765385479.task1-SI.labels
765385479,3750,3771,article765385479.task1-SI.labels
765385479,3889,3968,article765385479.task1-SI.labels
765385479,4028,4046,article765385479.task1-SI.labels
765385479,4272,4286,article765385479.task1-SI.labels
765385479,4322,4338,article765385479.task1-SI.labels
765385479,4354,4394,article765385479.task1-SI.labels
765385479,4396,4416,article765385479.task1-SI.labels
765385479,4476,4585,article765385479.task1-SI.labels
765385479,4809,4869,article765385479.task1-SI.labels
765385479,5144,5164,article765385479.task1-SI.labels
765385479,5171,5201,article765385479.task1-SI.labels
765385479,5316,5335,article765385479.task1-SI.labels
765385479,5743,5762,article765385479.task1-SI.labels
765385479,6160,6180,article765385479.task1-SI.labels
765385479,6205,6225,article765385479.task1-SI.labels
765385479,6286,6335,article765385479.task1-SI.labels
765385479,6337,6442,article765385479.task1-SI.labels
765385479,6686,6700,article765385479.task1-SI.labels
765385479,6818,6840,article765385479.task1-SI.labels
765385479,6900,6922,article765385479.task1-SI.labels
765385479,7352,7484,article765385479.task1-SI.labels
765385479,7498,7590,article765385479.task1-SI.labels
765385479,7634,7678,article765385479.task1-SI.labels
765385479,7610,7625,article765385479.task1-SI.labels
765385479,7793,7836,article765385479.task1-SI.labels
765385479,7853,8050,article765385479.task1-SI.labels
765385479,8233,8248,article765385479.task1-SI.labels
765385479,8277,8307,article765385479.task1-SI.labels
765385479,9397,9418,article765385479.task1-SI.labels
765385479,9784,9804,article765385479.task1-SI.labels
765385479,9119,9372,article765385479.task1-SI.labels
765385479,10444,10686,article765385479.task1-SI.labels
765385479,2120,2210,article765385479.task1-SI.labels
765385479,9856,9902,article765385479.task1-SI.labels
711964584,1822,1871,article711964584.task1-SI.labels
711964584,1872,1943,article711964584.task1-SI.labels
711964584,2918,3005,article711964584.task1-SI.labels
711964584,293,373,article711964584.task1-SI.labels
711964584,494,557,article711964584.task1-SI.labels
711964584,566,630,article711964584.task1-SI.labels
711964584,757,769,article711964584.task1-SI.labels
711964584,982,1032,article711964584.task1-SI.labels
711964584,2543,2676,article711964584.task1-SI.labels
711964584,3240,3276,article711964584.task1-SI.labels
711964584,3289,3379,article711964584.task1-SI.labels
711964584,4087,4113,article711964584.task1-SI.labels
711964584,4179,4199,article711964584.task1-SI.labels
711964584,4211,4351,article711964584.task1-SI.labels
710376094,505,526,article710376094.task1-SI.labels
710376094,1996,2014,article710376094.task1-SI.labels
731178960,1943,2078,article731178960.task1-SI.labels
111111134,945,984,article111111134.task1-SI.labels
111111134,1415,1514,article111111134.task1-SI.labels
111111134,1225,1237,article111111134.task1-SI.labels
111111134,2427,2456,article111111134.task1-SI.labels
761546223,37,45,article761546223.task1-SI.labels
761546223,269,280,article761546223.task1-SI.labels
761546223,1583,1595,article761546223.task1-SI.labels
761546223,3450,3457,article761546223.task1-SI.labels
761546223,203,246,article761546223.task1-SI.labels
761546223,607,614,article761546223.task1-SI.labels
761546223,716,726,article761546223.task1-SI.labels
761546223,839,846,article761546223.task1-SI.labels
761546223,1788,1797,article761546223.task1-SI.labels
761546223,158,171,article761546223.task1-SI.labels
761546223,513,526,article761546223.task1-SI.labels
761546223,483,496,article761546223.task1-SI.labels
761546223,688,701,article761546223.task1-SI.labels
761546223,1989,1999,article761546223.task1-SI.labels
761546223,2556,2569,article761546223.task1-SI.labels
761546223,4012,4025,article761546223.task1-SI.labels
761546223,4627,4640,article761546223.task1-SI.labels
761546223,2949,2962,article761546223.task1-SI.labels
761546223,3235,3248,article761546223.task1-SI.labels
761546223,3422,3435,article761546223.task1-SI.labels
761546223,2631,2653,article761546223.task1-SI.labels
761546223,4484,4506,article761546223.task1-SI.labels
761546223,388,397,article761546223.task1-SI.labels
761546223,406,415,article761546223.task1-SI.labels
761546223,441,449,article761546223.task1-SI.labels
761546223,4169,4180,article761546223.task1-SI.labels
761546223,3272,3286,article761546223.task1-SI.labels
761546223,4271,4284,article761546223.task1-SI.labels
761546223,72,85,article761546223.task1-SI.labels
793467906,3494,3519,article793467906.task1-SI.labels
793467906,4285,4305,article793467906.task1-SI.labels
793467906,4858,4897,article793467906.task1-SI.labels
793467906,4729,4791,article793467906.task1-SI.labels
793467906,150,155,article793467906.task1-SI.labels
793467906,2162,2178,article793467906.task1-SI.labels
793467906,3263,3276,article793467906.task1-SI.labels
793467906,3435,3448,article793467906.task1-SI.labels
793467906,4525,4549,article793467906.task1-SI.labels
793467906,4660,4672,article793467906.task1-SI.labels
770938827,1129,1149,article770938827.task1-SI.labels
770938827,1159,1199,article770938827.task1-SI.labels
770938827,1329,1340,article770938827.task1-SI.labels
770938827,2670,2680,article770938827.task1-SI.labels
770938827,114,124,article770938827.task1-SI.labels
770938827,146,169,article770938827.task1-SI.labels
770938827,2048,2062,article770938827.task1-SI.labels
770938827,64,81,article770938827.task1-SI.labels
770938827,2642,2662,article770938827.task1-SI.labels
770938827,37,52,article770938827.task1-SI.labels
770938827,1428,1434,article770938827.task1-SI.labels
770938827,2400,2414,article770938827.task1-SI.labels
770938827,2504,2515,article770938827.task1-SI.labels
770938827,770,775,article770938827.task1-SI.labels
770938827,208,228,article770938827.task1-SI.labels
770938827,2217,2223,article770938827.task1-SI.labels
770938827,365,409,article770938827.task1-SI.labels
770938827,1720,1826,article770938827.task1-SI.labels
723823436,1581,1679,article723823436.task1-SI.labels
723823436,3749,3902,article723823436.task1-SI.labels
723823436,365,382,article723823436.task1-SI.labels
723823436,1735,1752,article723823436.task1-SI.labels
723823436,2061,2088,article723823436.task1-SI.labels
723823436,3439,3458,article723823436.task1-SI.labels
999000599,1361,1376,article999000599.task1-SI.labels
999000599,35,53,article999000599.task1-SI.labels
999000599,327,350,article999000599.task1-SI.labels
999000599,454,475,article999000599.task1-SI.labels
999000599,1379,1414,article999000599.task1-SI.labels
999000599,1500,1522,article999000599.task1-SI.labels
999000599,1662,1684,article999000599.task1-SI.labels
999000599,1808,1896,article999000599.task1-SI.labels
999000599,1973,2215,article999000599.task1-SI.labels
795691173,1154,1175,article795691173.task1-SI.labels
795691173,2991,3008,article795691173.task1-SI.labels
731511020,949,972,article731511020.task1-SI.labels
740356006,2410,2465,article740356006.task1-SI.labels
740356006,2477,2707,article740356006.task1-SI.labels
740356006,2953,2959,article740356006.task1-SI.labels
740356006,2972,2979,article740356006.task1-SI.labels
740356006,3120,3133,article740356006.task1-SI.labels
740356006,374,389,article740356006.task1-SI.labels
740356006,440,860,article740356006.task1-SI.labels
740356006,642,665,article740356006.task1-SI.labels
740356006,422,438,article740356006.task1-SI.labels
740356006,216,240,article740356006.task1-SI.labels
740356006,2342,2359,article740356006.task1-SI.labels
740356006,2708,2847,article740356006.task1-SI.labels
740356006,1854,1958,article740356006.task1-SI.labels
740356006,2300,2334,article740356006.task1-SI.labels
740356006,3174,3262,article740356006.task1-SI.labels
776049384,618,632,article776049384.task1-SI.labels
776049384,2199,2232,article776049384.task1-SI.labels
776049384,10722,10735,article776049384.task1-SI.labels
776049384,9139,9151,article776049384.task1-SI.labels
776049384,213,219,article776049384.task1-SI.labels
776049384,1069,1080,article776049384.task1-SI.labels
776049384,1158,1169,article776049384.task1-SI.labels
776049384,1302,1313,article776049384.task1-SI.labels
776049384,1401,1412,article776049384.task1-SI.labels
776049384,1510,1521,article776049384.task1-SI.labels
776049384,1648,1659,article776049384.task1-SI.labels
776049384,1730,1741,article776049384.task1-SI.labels
776049384,1968,1979,article776049384.task1-SI.labels
776049384,2047,2058,article776049384.task1-SI.labels
776049384,4242,4253,article776049384.task1-SI.labels
776049384,493,501,article776049384.task1-SI.labels
776049384,1442,1450,article776049384.task1-SI.labels
776049384,1552,1560,article776049384.task1-SI.labels
776049384,1692,1700,article776049384.task1-SI.labels
776049384,1928,1936,article776049384.task1-SI.labels
776049384,2014,2022,article776049384.task1-SI.labels
776049384,2079,2087,article776049384.task1-SI.labels
776049384,5626,5634,article776049384.task1-SI.labels
776049384,2165,2173,article776049384.task1-SI.labels
776049384,2406,2416,article776049384.task1-SI.labels
776049384,3569,3579,article776049384.task1-SI.labels
776049384,3660,3666,article776049384.task1-SI.labels
776049384,4068,4072,article776049384.task1-SI.labels
776049384,4597,4608,article776049384.task1-SI.labels
776049384,5708,5730,article776049384.task1-SI.labels
776049384,10077,10084,article776049384.task1-SI.labels
776049384,10637,10672,article776049384.task1-SI.labels
776049384,10674,10720,article776049384.task1-SI.labels
776049384,62,87,article776049384.task1-SI.labels
776049384,158,178,article776049384.task1-SI.labels
776049384,2292,2309,article776049384.task1-SI.labels
776049384,2330,2347,article776049384.task1-SI.labels
776049384,3211,3235,article776049384.task1-SI.labels
776049384,3764,3772,article776049384.task1-SI.labels
776049384,4470,4486,article776049384.task1-SI.labels
776049384,5003,5046,article776049384.task1-SI.labels
776049384,6079,6086,article776049384.task1-SI.labels
776049384,7146,7169,article776049384.task1-SI.labels
776049384,8954,8962,article776049384.task1-SI.labels
776049384,9089,9097,article776049384.task1-SI.labels
776049384,10215,10228,article776049384.task1-SI.labels
776049384,10276,10313,article776049384.task1-SI.labels
762956953,630,669,article762956953.task1-SI.labels
789615291,1758,1766,article789615291.task1-SI.labels
789615291,2003,2030,article789615291.task1-SI.labels
789615291,3150,3163,article789615291.task1-SI.labels
789615291,3372,3415,article789615291.task1-SI.labels
789615291,6456,6477,article789615291.task1-SI.labels
789615291,6965,6982,article789615291.task1-SI.labels
789615291,8200,8232,article789615291.task1-SI.labels
789615291,9008,9032,article789615291.task1-SI.labels
789615291,9044,9079,article789615291.task1-SI.labels
789615291,9866,9892,article789615291.task1-SI.labels
789615291,11856,11871,article789615291.task1-SI.labels
789615291,13487,13554,article789615291.task1-SI.labels
789615291,465,491,article789615291.task1-SI.labels
789615291,647,980,article789615291.task1-SI.labels
789615291,1057,1065,article789615291.task1-SI.labels
789615291,1868,1878,article789615291.task1-SI.labels
789615291,2036,2044,article789615291.task1-SI.labels
789615291,2056,2065,article789615291.task1-SI.labels
789615291,2196,2204,article789615291.task1-SI.labels
789615291,2489,2507,article789615291.task1-SI.labels
789615291,4399,4416,article789615291.task1-SI.labels
789615291,5610,5629,article789615291.task1-SI.labels
789615291,6207,6230,article789615291.task1-SI.labels
789615291,6351,6388,article789615291.task1-SI.labels
789615291,6697,6721,article789615291.task1-SI.labels
789615291,6481,6566,article789615291.task1-SI.labels
789615291,7520,7554,article789615291.task1-SI.labels
789615291,7787,7795,article789615291.task1-SI.labels
789615291,8987,8995,article789615291.task1-SI.labels
789615291,9166,9230,article789615291.task1-SI.labels
789615291,9370,9506,article789615291.task1-SI.labels
789615291,9597,9612,article789615291.task1-SI.labels
789615291,9629,9645,article789615291.task1-SI.labels
789615291,10107,10115,article789615291.task1-SI.labels
789615291,10488,10508,article789615291.task1-SI.labels
789615291,11050,11058,article789615291.task1-SI.labels
789615291,11556,11592,article789615291.task1-SI.labels
789615291,11639,11657,article789615291.task1-SI.labels
789615291,11800,11815,article789615291.task1-SI.labels
789615291,12154,12187,article789615291.task1-SI.labels
789615291,12217,12238,article789615291.task1-SI.labels
789615291,12449,12499,article789615291.task1-SI.labels
789615291,12729,12778,article789615291.task1-SI.labels
789615291,12986,12993,article789615291.task1-SI.labels
789615291,13260,13268,article789615291.task1-SI.labels
789615291,13598,13616,article789615291.task1-SI.labels
789615291,13740,13759,article789615291.task1-SI.labels
789615291,3829,3905,article789615291.task1-SI.labels
789615291,11179,11219,article789615291.task1-SI.labels
789615291,12040,12094,article789615291.task1-SI.labels
789615291,12848,12853,article789615291.task1-SI.labels
727569885,1061,1142,article727569885.task1-SI.labels
727569885,1177,1196,article727569885.task1-SI.labels
727569885,1255,1271,article727569885.task1-SI.labels
727569885,191,204,article727569885.task1-SI.labels
727569885,530,576,article727569885.task1-SI.labels
727569885,5947,5999,article727569885.task1-SI.labels
727569885,6016,6030,article727569885.task1-SI.labels
727569885,3630,3662,article727569885.task1-SI.labels
727569885,1548,1564,article727569885.task1-SI.labels
727569885,1642,1690,article727569885.task1-SI.labels
727569885,2016,2048,article727569885.task1-SI.labels
727569885,2843,2860,article727569885.task1-SI.labels
727569885,2869,2884,article727569885.task1-SI.labels
727569885,4545,4619,article727569885.task1-SI.labels
727569885,5879,5900,article727569885.task1-SI.labels
727569885,2600,2618,article727569885.task1-SI.labels
727569885,3312,3328,article727569885.task1-SI.labels
727569885,3914,3949,article727569885.task1-SI.labels
727569885,5156,5170,article727569885.task1-SI.labels
730237078,188,196,article730237078.task1-SI.labels
730237078,657,681,article730237078.task1-SI.labels
730237078,33,50,article730237078.task1-SI.labels
730237078,106,136,article730237078.task1-SI.labels
730237078,516,581,article730237078.task1-SI.labels
730237078,1030,1062,article730237078.task1-SI.labels
730237078,1234,1283,article730237078.task1-SI.labels
730237078,312,341,article730237078.task1-SI.labels
699478811,2175,2289,article699478811.task1-SI.labels
699478811,4836,4888,article699478811.task1-SI.labels
699478811,5692,5761,article699478811.task1-SI.labels
699478811,7653,7692,article699478811.task1-SI.labels
699478811,190,356,article699478811.task1-SI.labels
699478811,447,487,article699478811.task1-SI.labels
699478811,3410,3554,article699478811.task1-SI.labels
699478811,4494,4509,article699478811.task1-SI.labels
699478811,6742,6759,article699478811.task1-SI.labels
699478811,8519,8557,article699478811.task1-SI.labels
699478811,2060,2119,article699478811.task1-SI.labels
699478811,2886,3062,article699478811.task1-SI.labels
699478811,4890,4924,article699478811.task1-SI.labels
699478811,5511,5554,article699478811.task1-SI.labels
699478811,5785,5877,article699478811.task1-SI.labels
699478811,7155,7173,article699478811.task1-SI.labels
699478811,8030,8167,article699478811.task1-SI.labels
755393220,3964,3977,article755393220.task1-SI.labels
755393220,4439,4447,article755393220.task1-SI.labels
755393220,4244,4259,article755393220.task1-SI.labels
755393220,4464,4485,article755393220.task1-SI.labels
755393220,730,745,article755393220.task1-SI.labels
755393220,2380,2389,article755393220.task1-SI.labels
755393220,3047,3068,article755393220.task1-SI.labels
706501640,7,72,article706501640.task1-SI.labels
706501640,233,288,article706501640.task1-SI.labels
706501640,568,603,article706501640.task1-SI.labels
706501640,742,805,article706501640.task1-SI.labels
706501640,1110,1168,article706501640.task1-SI.labels
706501640,1321,1331,article706501640.task1-SI.labels
706501640,1527,1544,article706501640.task1-SI.labels
706501640,1689,1714,article706501640.task1-SI.labels
999000142,8,26,article999000142.task1-SI.labels
999000142,646,685,article999000142.task1-SI.labels
999000142,2119,2134,article999000142.task1-SI.labels
999000142,2271,2316,article999000142.task1-SI.labels
999000142,2380,2402,article999000142.task1-SI.labels
999000142,2527,2553,article999000142.task1-SI.labels
999000142,2807,2823,article999000142.task1-SI.labels
999000142,2825,2940,article999000142.task1-SI.labels
999000142,3179,3189,article999000142.task1-SI.labels
770156851,4,18,article770156851.task1-SI.labels
770156851,78,89,article770156851.task1-SI.labels
770156851,179,186,article770156851.task1-SI.labels
770156851,2561,2583,article770156851.task1-SI.labels
770156851,362,372,article770156851.task1-SI.labels
770156851,283,293,article770156851.task1-SI.labels
770156851,295,315,article770156851.task1-SI.labels
770156851,569,575,article770156851.task1-SI.labels
770156851,600,606,article770156851.task1-SI.labels
770156851,718,726,article770156851.task1-SI.labels
770156851,1045,1051,article770156851.task1-SI.labels
770156851,1031,1039,article770156851.task1-SI.labels
770156851,1918,1931,article770156851.task1-SI.labels
770156851,2194,2213,article770156851.task1-SI.labels
770156851,2268,2275,article770156851.task1-SI.labels
770156851,2696,2765,article770156851.task1-SI.labels
770156851,2861,2868,article770156851.task1-SI.labels
770156851,3672,3679,article770156851.task1-SI.labels
770156851,3650,3660,article770156851.task1-SI.labels
770156851,437,447,article770156851.task1-SI.labels
770156851,664,693,article770156851.task1-SI.labels
770156851,3849,3869,article770156851.task1-SI.labels
770156851,4851,4872,article770156851.task1-SI.labels
778664280,5485,5501,article778664280.task1-SI.labels
778664280,9787,9822,article778664280.task1-SI.labels
778664280,12227,12265,article778664280.task1-SI.labels
778664280,12280,12302,article778664280.task1-SI.labels
778664280,865,912,article778664280.task1-SI.labels
778664280,3969,3990,article778664280.task1-SI.labels
778664280,8730,8750,article778664280.task1-SI.labels
778664280,9180,9436,article778664280.task1-SI.labels
778664280,9542,9566,article778664280.task1-SI.labels
778664280,11052,11282,article778664280.task1-SI.labels
778664280,9600,9617,article778664280.task1-SI.labels
778664280,11426,11450,article778664280.task1-SI.labels
778664280,10832,11050,article778664280.task1-SI.labels
778664280,6964,7167,article778664280.task1-SI.labels
778664280,10174,10260,article778664280.task1-SI.labels
778664280,402,430,article778664280.task1-SI.labels
778664280,4569,4584,article778664280.task1-SI.labels
778664280,5422,5440,article778664280.task1-SI.labels
778664280,8088,8139,article778664280.task1-SI.labels
778664280,8907,8921,article778664280.task1-SI.labels
778664280,8949,8995,article778664280.task1-SI.labels
778664280,9764,9785,article778664280.task1-SI.labels
778664280,9824,9974,article778664280.task1-SI.labels
778664280,9959,9974,article778664280.task1-SI.labels
778664280,10114,10148,article778664280.task1-SI.labels
778664280,10455,10720,article778664280.task1-SI.labels
778664280,1196,1206,article778664280.task1-SI.labels
778664280,11091,11282,article778664280.task1-SI.labels
778664280,3016,3042,article778664280.task1-SI.labels
778664280,4132,4158,article778664280.task1-SI.labels
778664280,4168,4211,article778664280.task1-SI.labels
778664280,9002,9026,article778664280.task1-SI.labels
778664280,9027,9050,article778664280.task1-SI.labels
778664280,2036,2050,article778664280.task1-SI.labels
778664280,5195,5210,article778664280.task1-SI.labels
778664280,5973,6034,article778664280.task1-SI.labels
778664280,5517,5839,article778664280.task1-SI.labels
778664280,7174,7201,article778664280.task1-SI.labels
778664280,7959,7973,article778664280.task1-SI.labels
778664280,8140,8241,article778664280.task1-SI.labels
778664280,8360,8382,article778664280.task1-SI.labels
778664280,8875,8897,article778664280.task1-SI.labels
778664280,9052,9178,article778664280.task1-SI.labels
778664280,10532,10550,article778664280.task1-SI.labels
778664280,10722,10830,article778664280.task1-SI.labels
778664280,11811,11875,article778664280.task1-SI.labels
778664280,660,744,article778664280.task1-SI.labels
778664280,10287,10453,article778664280.task1-SI.labels
778664280,9976,10029,article778664280.task1-SI.labels
778664280,6037,6169,article778664280.task1-SI.labels
778664280,6543,6921,article778664280.task1-SI.labels
778664280,7514,7815,article778664280.task1-SI.labels
778664280,2737,2809,article778664280.task1-SI.labels
778664280,1442,1720,article778664280.task1-SI.labels
778664280,11529,11693,article778664280.task1-SI.labels
778664280,11877,12098,article778664280.task1-SI.labels
778664280,4787,4847,article778664280.task1-SI.labels
778664280,9619,9647,article778664280.task1-SI.labels
780414700,2944,2962,article780414700.task1-SI.labels
780414700,2964,2974,article780414700.task1-SI.labels
780414700,3011,3021,article780414700.task1-SI.labels
780414700,3051,3061,article780414700.task1-SI.labels
780414700,3177,3187,article780414700.task1-SI.labels
780414700,13333,13358,article780414700.task1-SI.labels
780414700,14442,14467,article780414700.task1-SI.labels
780414700,16466,16470,article780414700.task1-SI.labels
780414700,16519,16523,article780414700.task1-SI.labels
780414700,16549,16553,article780414700.task1-SI.labels
780414700,3591,3599,article780414700.task1-SI.labels
780414700,5135,5138,article780414700.task1-SI.labels
780414700,14823,14844,article780414700.task1-SI.labels
780414700,8867,8878,article780414700.task1-SI.labels
780414700,7243,7257,article780414700.task1-SI.labels
780414700,1338,1615,article780414700.task1-SI.labels
780414700,3233,3317,article780414700.task1-SI.labels
780414700,2997,3009,article780414700.task1-SI.labels
780414700,3485,3494,article780414700.task1-SI.labels
780414700,4363,4517,article780414700.task1-SI.labels
780414700,8883,8903,article780414700.task1-SI.labels
780414700,8935,8952,article780414700.task1-SI.labels
780414700,9661,9717,article780414700.task1-SI.labels
780414700,9794,9804,article780414700.task1-SI.labels
780414700,9815,9842,article780414700.task1-SI.labels
780414700,13309,13331,article780414700.task1-SI.labels
780414700,13520,13530,article780414700.task1-SI.labels
780414700,1361,1404,article780414700.task1-SI.labels
780414700,1740,2022,article780414700.task1-SI.labels
780414700,3373,3388,article780414700.task1-SI.labels
780414700,9347,9401,article780414700.task1-SI.labels
780414700,17788,17830,article780414700.task1-SI.labels
780414700,1653,1691,article780414700.task1-SI.labels
780414700,17440,17457,article780414700.task1-SI.labels
780414700,483,504,article780414700.task1-SI.labels
780414700,866,887,article780414700.task1-SI.labels
780414700,926,961,article780414700.task1-SI.labels
780414700,6315,6393,article780414700.task1-SI.labels
780414700,6561,6601,article780414700.task1-SI.labels
780414700,14986,15028,article780414700.task1-SI.labels
780414700,16614,16639,article780414700.task1-SI.labels
780414700,17980,18035,article780414700.task1-SI.labels
780414700,572,654,article780414700.task1-SI.labels
780414700,1698,1738,article780414700.task1-SI.labels
780414700,1971,1981,article780414700.task1-SI.labels
780414700,726,735,article780414700.task1-SI.labels
780414700,1304,1325,article780414700.task1-SI.labels
780414700,2060,2284,article780414700.task1-SI.labels
780414700,7820,7867,article780414700.task1-SI.labels
780414700,7877,7917,article780414700.task1-SI.labels
780414700,300,319,article780414700.task1-SI.labels
780414700,5425,5738,article780414700.task1-SI.labels
780414700,7410,7450,article780414700.task1-SI.labels
780414700,10905,10959,article780414700.task1-SI.labels
780414700,10993,11030,article780414700.task1-SI.labels
780414700,11035,11072,article780414700.task1-SI.labels
780414700,13920,13988,article780414700.task1-SI.labels
780414700,2286,2330,article780414700.task1-SI.labels
780414700,18812,18834,article780414700.task1-SI.labels
780414700,9113,9135,article780414700.task1-SI.labels
780414700,1852,1943,article780414700.task1-SI.labels
780414700,3534,3578,article780414700.task1-SI.labels
780414700,8632,8678,article780414700.task1-SI.labels
780414700,4907,5047,article780414700.task1-SI.labels
780414700,5821,5941,article780414700.task1-SI.labels
780414700,15632,15697,article780414700.task1-SI.labels
780414700,1192,1265,article780414700.task1-SI.labels
780414700,5145,5206,article780414700.task1-SI.labels
780414700,6832,6905,article780414700.task1-SI.labels
780414700,7580,7638,article780414700.task1-SI.labels
780414700,10488,10673,article780414700.task1-SI.labels
780414700,17034,17229,article780414700.task1-SI.labels
999000145,247,384,article999000145.task1-SI.labels
999000145,1502,1516,article999000145.task1-SI.labels
999000145,2251,2318,article999000145.task1-SI.labels
999000145,2393,2447,article999000145.task1-SI.labels
999000145,2677,2703,article999000145.task1-SI.labels
730268758,2346,2365,article730268758.task1-SI.labels
730268758,34,58,article730268758.task1-SI.labels
730268758,259,282,article730268758.task1-SI.labels
730268758,320,336,article730268758.task1-SI.labels
730268758,517,535,article730268758.task1-SI.labels
730268758,686,703,article730268758.task1-SI.labels
730268758,1414,1439,article730268758.task1-SI.labels
730268758,2006,2036,article730268758.task1-SI.labels
730268758,2088,2117,article730268758.task1-SI.labels
730268758,5051,5097,article730268758.task1-SI.labels
730268758,6052,6068,article730268758.task1-SI.labels
730268758,6213,6298,article730268758.task1-SI.labels
730268758,6587,6706,article730268758.task1-SI.labels
730268758,6748,6765,article730268758.task1-SI.labels
730268758,7129,7163,article730268758.task1-SI.labels
730268758,7654,7680,article730268758.task1-SI.labels
730268758,728,737,article730268758.task1-SI.labels
730268758,2539,2621,article730268758.task1-SI.labels
730268758,3350,3357,article730268758.task1-SI.labels
730268758,3527,3534,article730268758.task1-SI.labels
730268758,4818,4839,article730268758.task1-SI.labels
730268758,7186,7193,article730268758.task1-SI.labels
787668628,613,656,article787668628.task1-SI.labels
787668628,673,688,article787668628.task1-SI.labels
787668628,720,766,article787668628.task1-SI.labels
787668628,0,118,article787668628.task1-SI.labels
787668628,475,499,article787668628.task1-SI.labels
787668628,592,602,article787668628.task1-SI.labels
787668628,2408,2425,article787668628.task1-SI.labels
787668628,3729,3842,article787668628.task1-SI.labels
787668628,4993,5125,article787668628.task1-SI.labels
787668628,5982,5997,article787668628.task1-SI.labels
787668628,5153,5360,article787668628.task1-SI.labels
787668628,5373,5392,article787668628.task1-SI.labels
111111117,671,753,article111111117.task1-SI.labels
729410793,29,77,article729410793.task1-SI.labels
729410793,316,397,article729410793.task1-SI.labels
729410793,657,705,article729410793.task1-SI.labels
729410793,708,752,article729410793.task1-SI.labels
729410793,754,1017,article729410793.task1-SI.labels
729410793,1018,1342,article729410793.task1-SI.labels
729410793,1563,1603,article729410793.task1-SI.labels
729410793,3356,3482,article729410793.task1-SI.labels
729410793,3510,3676,article729410793.task1-SI.labels
729410793,4126,4166,article729410793.task1-SI.labels
729410793,4237,4365,article729410793.task1-SI.labels
729410793,4586,4678,article729410793.task1-SI.labels
763761219,1875,1890,article763761219.task1-SI.labels
763761219,116,140,article763761219.task1-SI.labels
763761219,1452,1465,article763761219.task1-SI.labels
763761219,1645,1658,article763761219.task1-SI.labels
763761219,2295,2306,article763761219.task1-SI.labels
706661242,95,113,article706661242.task1-SI.labels
706661242,1316,1341,article706661242.task1-SI.labels
706661242,150,171,article706661242.task1-SI.labels
697472447,3600,3640,article697472447.task1-SI.labels
697472447,2430,2528,article697472447.task1-SI.labels
697472447,3397,3459,article697472447.task1-SI.labels
786731884,1559,1626,article786731884.task1-SI.labels
786731884,1733,1788,article786731884.task1-SI.labels
786731884,2238,2379,article786731884.task1-SI.labels
786731884,4240,4258,article786731884.task1-SI.labels
786731884,4441,4499,article786731884.task1-SI.labels
786731884,3649,3693,article786731884.task1-SI.labels
786731884,3996,4079,article786731884.task1-SI.labels
786731884,30,44,article786731884.task1-SI.labels
786731884,218,237,article786731884.task1-SI.labels
786731884,249,285,article786731884.task1-SI.labels
786731884,322,341,article786731884.task1-SI.labels
786731884,369,392,article786731884.task1-SI.labels
786731884,430,473,article786731884.task1-SI.labels
786731884,513,534,article786731884.task1-SI.labels
786731884,714,729,article786731884.task1-SI.labels
786731884,862,876,article786731884.task1-SI.labels
786731884,926,945,article786731884.task1-SI.labels
786731884,957,993,article786731884.task1-SI.labels
786731884,1459,1482,article786731884.task1-SI.labels
786731884,1670,1693,article786731884.task1-SI.labels
786731884,2091,2136,article786731884.task1-SI.labels
786731884,2443,2459,article786731884.task1-SI.labels
786731884,2462,2574,article786731884.task1-SI.labels
786731884,2501,2519,article786731884.task1-SI.labels
786731884,2714,2758,article786731884.task1-SI.labels
786731884,2775,2795,article786731884.task1-SI.labels
786731884,2799,2819,article786731884.task1-SI.labels
786731884,2822,2915,article786731884.task1-SI.labels
786731884,3041,3051,article786731884.task1-SI.labels
786731884,3121,3141,article786731884.task1-SI.labels
786731884,3150,3165,article786731884.task1-SI.labels
786731884,4278,4299,article786731884.task1-SI.labels
786731884,4803,4825,article786731884.task1-SI.labels
786731884,4847,4855,article786731884.task1-SI.labels
786731884,4890,4929,article786731884.task1-SI.labels
786731884,4082,4169,article786731884.task1-SI.labels
999000312,77,93,article999000312.task1-SI.labels
999000312,95,311,article999000312.task1-SI.labels
999000312,3568,3900,article999000312.task1-SI.labels
999000312,4231,4264,article999000312.task1-SI.labels
999000312,1949,2330,article999000312.task1-SI.labels
999000312,3902,4181,article999000312.task1-SI.labels
999000312,4389,4786,article999000312.task1-SI.labels
999000312,165,212,article999000312.task1-SI.labels
999000312,511,547,article999000312.task1-SI.labels
999000312,472,493,article999000312.task1-SI.labels
999000312,771,779,article999000312.task1-SI.labels
999000312,1427,1440,article999000312.task1-SI.labels
999000312,1938,1946,article999000312.task1-SI.labels
999000312,2358,2421,article999000312.task1-SI.labels
999000312,2608,2855,article999000312.task1-SI.labels
999000312,2953,3144,article999000312.task1-SI.labels
999000312,3146,3353,article999000312.task1-SI.labels
999000312,3579,3618,article999000312.task1-SI.labels
999000312,3624,3667,article999000312.task1-SI.labels
999000312,3355,3534,article999000312.task1-SI.labels
999000312,4198,4222,article999000312.task1-SI.labels
999000312,4266,4387,article999000312.task1-SI.labels
739091070,569,644,article739091070.task1-SI.labels
739091070,1745,1763,article739091070.task1-SI.labels
739091070,192,216,article739091070.task1-SI.labels
739091070,245,252,article739091070.task1-SI.labels
739091070,1395,1476,article739091070.task1-SI.labels
111111133,1224,1244,article111111133.task1-SI.labels
111111133,2593,2606,article111111133.task1-SI.labels
111111133,4159,4173,article111111133.task1-SI.labels
111111133,358,367,article111111133.task1-SI.labels
111111133,460,465,article111111133.task1-SI.labels
111111133,504,507,article111111133.task1-SI.labels
111111133,1070,1077,article111111133.task1-SI.labels
111111133,2572,2589,article111111133.task1-SI.labels
111111133,2625,2646,article111111133.task1-SI.labels
111111133,2944,2950,article111111133.task1-SI.labels
111111133,3830,3836,article111111133.task1-SI.labels
737255982,46,61,article737255982.task1-SI.labels
737255982,528,569,article737255982.task1-SI.labels
737255982,606,621,article737255982.task1-SI.labels
737255982,775,800,article737255982.task1-SI.labels
737255982,860,888,article737255982.task1-SI.labels
737255982,894,936,article737255982.task1-SI.labels
737255982,2166,2189,article737255982.task1-SI.labels
737255982,154,160,article737255982.task1-SI.labels
737255982,2678,2717,article737255982.task1-SI.labels
737255982,100,117,article737255982.task1-SI.labels
737255982,1538,1642,article737255982.task1-SI.labels
737255982,2412,2457,article737255982.task1-SI.labels
737255982,2760,2774,article737255982.task1-SI.labels
787142429,1150,1204,article787142429.task1-SI.labels
787142429,2684,2815,article787142429.task1-SI.labels
787142429,1106,1123,article787142429.task1-SI.labels
790667730,23,42,article790667730.task1-SI.labels
790667730,292,310,article790667730.task1-SI.labels
790667730,1217,1309,article790667730.task1-SI.labels
790667730,752,794,article790667730.task1-SI.labels
790667730,1110,1161,article790667730.task1-SI.labels
790667730,1164,1215,article790667730.task1-SI.labels
790667730,69,117,article790667730.task1-SI.labels
790667730,359,422,article790667730.task1-SI.labels
790667730,910,1003,article790667730.task1-SI.labels
790667730,1967,1984,article790667730.task1-SI.labels
790667730,2019,2045,article790667730.task1-SI.labels
756114837,3936,3945,article756114837.task1-SI.labels
704856340,4007,4185,article704856340.task1-SI.labels
704856340,4187,4324,article704856340.task1-SI.labels
705035735,0,32,article705035735.task1-SI.labels
705035735,34,70,article705035735.task1-SI.labels
705035735,1035,1063,article705035735.task1-SI.labels
705035735,1297,1404,article705035735.task1-SI.labels
705035735,2403,2426,article705035735.task1-SI.labels
705035735,2579,2643,article705035735.task1-SI.labels
705035735,3016,3078,article705035735.task1-SI.labels
705035735,239,250,article705035735.task1-SI.labels
705035735,2981,3010,article705035735.task1-SI.labels
790665855,448,493,article790665855.task1-SI.labels
790665855,967,1023,article790665855.task1-SI.labels
790665855,1628,1653,article790665855.task1-SI.labels
790665855,3521,3558,article790665855.task1-SI.labels
790665855,4401,4470,article790665855.task1-SI.labels
790665855,4178,4223,article790665855.task1-SI.labels
790665855,567,675,article790665855.task1-SI.labels
790665855,814,887,article790665855.task1-SI.labels
790665855,3248,3257,article790665855.task1-SI.labels
790665855,4865,4952,article790665855.task1-SI.labels
790665855,5402,5424,article790665855.task1-SI.labels
790665855,5448,5609,article790665855.task1-SI.labels
790665855,5714,5743,article790665855.task1-SI.labels
790665855,4721,4749,article790665855.task1-SI.labels
740808926,0,26,article740808926.task1-SI.labels
740808926,616,630,article740808926.task1-SI.labels
740808926,713,831,article740808926.task1-SI.labels
740808926,938,997,article740808926.task1-SI.labels
740808926,94,111,article740808926.task1-SI.labels
758472954,0,6,article758472954.task1-SI.labels
783702663,886,905,article783702663.task1-SI.labels
783702663,1134,1181,article783702663.task1-SI.labels
783702663,1957,1974,article783702663.task1-SI.labels
783702663,2799,2861,article783702663.task1-SI.labels
783702663,3189,3303,article783702663.task1-SI.labels
783702663,5092,5149,article783702663.task1-SI.labels
783702663,6681,6716,article783702663.task1-SI.labels
783702663,7073,7126,article783702663.task1-SI.labels
783702663,7449,7626,article783702663.task1-SI.labels
783702663,9381,9396,article783702663.task1-SI.labels
783702663,9500,9531,article783702663.task1-SI.labels
783702663,9548,9613,article783702663.task1-SI.labels
783702663,10688,10895,article783702663.task1-SI.labels
783702663,11247,11501,article783702663.task1-SI.labels
783702663,11506,11702,article783702663.task1-SI.labels
783702663,12390,12552,article783702663.task1-SI.labels
783702663,14791,14829,article783702663.task1-SI.labels
783702663,15209,15232,article783702663.task1-SI.labels
783702663,15536,15557,article783702663.task1-SI.labels
783702663,15722,15754,article783702663.task1-SI.labels
783702663,18709,18726,article783702663.task1-SI.labels
783702663,18759,18770,article783702663.task1-SI.labels
783702663,18791,18808,article783702663.task1-SI.labels
783702663,22136,22159,article783702663.task1-SI.labels
783702663,24519,24555,article783702663.task1-SI.labels
783702663,29165,29189,article783702663.task1-SI.labels
783702663,29621,29644,article783702663.task1-SI.labels
783702663,30190,30230,article783702663.task1-SI.labels
783702663,33077,33099,article783702663.task1-SI.labels
783702663,33818,33977,article783702663.task1-SI.labels
783702663,34116,34136,article783702663.task1-SI.labels
783702663,34151,34167,article783702663.task1-SI.labels
783702663,3568,3733,article783702663.task1-SI.labels
783702663,5271,5287,article783702663.task1-SI.labels
783702663,5414,5624,article783702663.task1-SI.labels
783702663,8097,8164,article783702663.task1-SI.labels
783702663,9010,9121,article783702663.task1-SI.labels
783702663,17407,17437,article783702663.task1-SI.labels
783702663,23605,23830,article783702663.task1-SI.labels
783702663,28842,28862,article783702663.task1-SI.labels
783702663,40191,40629,article783702663.task1-SI.labels
783702663,47145,47240,article783702663.task1-SI.labels
783702663,26,49,article783702663.task1-SI.labels
783702663,2268,2375,article783702663.task1-SI.labels
783702663,2050,2071,article783702663.task1-SI.labels
783702663,2082,2266,article783702663.task1-SI.labels
783702663,2714,2737,article783702663.task1-SI.labels
783702663,3081,3113,article783702663.task1-SI.labels
783702663,2925,2968,article783702663.task1-SI.labels
783702663,3761,3797,article783702663.task1-SI.labels
783702663,3904,3916,article783702663.task1-SI.labels
783702663,3959,3997,article783702663.task1-SI.labels
783702663,4167,4224,article783702663.task1-SI.labels
783702663,4252,4277,article783702663.task1-SI.labels
783702663,5291,5314,article783702663.task1-SI.labels
783702663,5585,5624,article783702663.task1-SI.labels
783702663,5780,6010,article783702663.task1-SI.labels
783702663,6013,6234,article783702663.task1-SI.labels
783702663,6236,6254,article783702663.task1-SI.labels
783702663,6323,6335,article783702663.task1-SI.labels
783702663,6511,6527,article783702663.task1-SI.labels
783702663,6779,6786,article783702663.task1-SI.labels
783702663,6891,6960,article783702663.task1-SI.labels
783702663,7199,7210,article783702663.task1-SI.labels
783702663,7704,7905,article783702663.task1-SI.labels
783702663,8045,8094,article783702663.task1-SI.labels
783702663,8314,8369,article783702663.task1-SI.labels
783702663,8440,8457,article783702663.task1-SI.labels
783702663,8871,8924,article783702663.task1-SI.labels
783702663,9215,9252,article783702663.task1-SI.labels
783702663,9432,9466,article783702663.task1-SI.labels
783702663,9774,9818,article783702663.task1-SI.labels
783702663,9820,9852,article783702663.task1-SI.labels
783702663,9885,9893,article783702663.task1-SI.labels
783702663,9951,10100,article783702663.task1-SI.labels
783702663,10947,11164,article783702663.task1-SI.labels
783702663,11731,11877,article783702663.task1-SI.labels
783702663,11904,11967,article783702663.task1-SI.labels
783702663,13659,13719,article783702663.task1-SI.labels
783702663,13735,13781,article783702663.task1-SI.labels
783702663,13518,13641,article783702663.task1-SI.labels
783702663,14013,14038,article783702663.task1-SI.labels
783702663,14261,14295,article783702663.task1-SI.labels
783702663,14642,14683,article783702663.task1-SI.labels
783702663,14710,14749,article783702663.task1-SI.labels
783702663,14950,14972,article783702663.task1-SI.labels
783702663,15115,15186,article783702663.task1-SI.labels
783702663,15654,15666,article783702663.task1-SI.labels
783702663,15952,16007,article783702663.task1-SI.labels
783702663,16012,16031,article783702663.task1-SI.labels
783702663,16802,16842,article783702663.task1-SI.labels
783702663,16865,16958,article783702663.task1-SI.labels
783702663,17351,17366,article783702663.task1-SI.labels
783702663,17370,17399,article783702663.task1-SI.labels
783702663,18078,18102,article783702663.task1-SI.labels
783702663,18354,18420,article783702663.task1-SI.labels
783702663,19166,19196,article783702663.task1-SI.labels
783702663,19735,19833,article783702663.task1-SI.labels
783702663,20065,20097,article783702663.task1-SI.labels
783702663,20165,20189,article783702663.task1-SI.labels
783702663,20296,20354,article783702663.task1-SI.labels
783702663,20423,20449,article783702663.task1-SI.labels
783702663,20466,20660,article783702663.task1-SI.labels
783702663,20589,20619,article783702663.task1-SI.labels
783702663,20662,20679,article783702663.task1-SI.labels
783702663,20753,20765,article783702663.task1-SI.labels
783702663,20774,20796,article783702663.task1-SI.labels
783702663,20923,20938,article783702663.task1-SI.labels
783702663,20895,20922,article783702663.task1-SI.labels
783702663,21246,21515,article783702663.task1-SI.labels
783702663,21524,21560,article783702663.task1-SI.labels
783702663,21638,21701,article783702663.task1-SI.labels
783702663,21907,21959,article783702663.task1-SI.labels
783702663,22579,22643,article783702663.task1-SI.labels
783702663,22692,22714,article783702663.task1-SI.labels
783702663,23021,23037,article783702663.task1-SI.labels
783702663,23085,23127,article783702663.task1-SI.labels
783702663,23358,23510,article783702663.task1-SI.labels
783702663,23580,23596,article783702663.task1-SI.labels
783702663,23845,23869,article783702663.task1-SI.labels
783702663,23929,23995,article783702663.task1-SI.labels
783702663,24612,24642,article783702663.task1-SI.labels
783702663,24671,24695,article783702663.task1-SI.labels
783702663,25357,25376,article783702663.task1-SI.labels
783702663,25679,25708,article783702663.task1-SI.labels
783702663,25770,25795,article783702663.task1-SI.labels
783702663,25913,25926,article783702663.task1-SI.labels
783702663,26507,26533,article783702663.task1-SI.labels
783702663,27574,27598,article783702663.task1-SI.labels
783702663,27601,27725,article783702663.task1-SI.labels
783702663,27843,27872,article783702663.task1-SI.labels
783702663,27888,28217,article783702663.task1-SI.labels
783702663,28372,28499,article783702663.task1-SI.labels
783702663,29144,29162,article783702663.task1-SI.labels
783702663,29897,29916,article783702663.task1-SI.labels
783702663,30241,30248,article783702663.task1-SI.labels
783702663,30594,30612,article783702663.task1-SI.labels
783702663,30701,30900,article783702663.task1-SI.labels
783702663,30931,30967,article783702663.task1-SI.labels
783702663,31142,31280,article783702663.task1-SI.labels
783702663,31410,31438,article783702663.task1-SI.labels
783702663,31572,31946,article783702663.task1-SI.labels
783702663,31756,31781,article783702663.task1-SI.labels
783702663,31850,31873,article783702663.task1-SI.labels
783702663,31911,31946,article783702663.task1-SI.labels
783702663,31948,32272,article783702663.task1-SI.labels
783702663,32894,32959,article783702663.task1-SI.labels
783702663,33129,33156,article783702663.task1-SI.labels
783702663,34719,34815,article783702663.task1-SI.labels
783702663,35182,35214,article783702663.task1-SI.labels
783702663,35664,35814,article783702663.task1-SI.labels
783702663,35872,36008,article783702663.task1-SI.labels
783702663,36086,36449,article783702663.task1-SI.labels
783702663,36648,36684,article783702663.task1-SI.labels
783702663,37069,37101,article783702663.task1-SI.labels
783702663,37193,37232,article783702663.task1-SI.labels
783702663,37486,37576,article783702663.task1-SI.labels
783702663,37819,37855,article783702663.task1-SI.labels
783702663,37874,38077,article783702663.task1-SI.labels
783702663,38570,38665,article783702663.task1-SI.labels
783702663,38762,38802,article783702663.task1-SI.labels
783702663,39084,39201,article783702663.task1-SI.labels
783702663,39700,39919,article783702663.task1-SI.labels
783702663,39952,40189,article783702663.task1-SI.labels
783702663,40668,40693,article783702663.task1-SI.labels
783702663,40750,41110,article783702663.task1-SI.labels
783702663,41371,41386,article783702663.task1-SI.labels
783702663,41466,41543,article783702663.task1-SI.labels
783702663,41648,41664,article783702663.task1-SI.labels
783702663,41769,41788,article783702663.task1-SI.labels
783702663,41790,41826,article783702663.task1-SI.labels
783702663,42660,42701,article783702663.task1-SI.labels
783702663,43870,43891,article783702663.task1-SI.labels
783702663,44153,44273,article783702663.task1-SI.labels
783702663,46117,46145,article783702663.task1-SI.labels
783702663,46305,46328,article783702663.task1-SI.labels
783702663,46478,46554,article783702663.task1-SI.labels
783702663,46620,46760,article783702663.task1-SI.labels
783702663,46813,46852,article783702663.task1-SI.labels
783702663,46902,46948,article783702663.task1-SI.labels
783702663,47108,47126,article783702663.task1-SI.labels
783702663,47271,47306,article783702663.task1-SI.labels
783702663,47332,47391,article783702663.task1-SI.labels
783702663,6964,7010,article783702663.task1-SI.labels
783702663,10344,10372,article783702663.task1-SI.labels
783702663,24371,24386,article783702663.task1-SI.labels
783702663,25545,25559,article783702663.task1-SI.labels
783702663,29256,29266,article783702663.task1-SI.labels
783702663,29714,29724,article783702663.task1-SI.labels
783702663,31311,31349,article783702663.task1-SI.labels
783702663,39397,39470,article783702663.task1-SI.labels
783702663,45187,45317,article783702663.task1-SI.labels
795379208,1711,1730,article795379208.task1-SI.labels
795379208,764,770,article795379208.task1-SI.labels
795379208,1818,1849,article795379208.task1-SI.labels
795379208,2157,2342,article795379208.task1-SI.labels
795379208,4009,4023,article795379208.task1-SI.labels
790677230,812,822,article790677230.task1-SI.labels
790677230,2773,2797,article790677230.task1-SI.labels
790677230,9516,9568,article790677230.task1-SI.labels
790677230,9878,9895,article790677230.task1-SI.labels
790677230,10304,10354,article790677230.task1-SI.labels
790677230,10409,10636,article790677230.task1-SI.labels
790677230,11178,11218,article790677230.task1-SI.labels
790677230,9194,9245,article790677230.task1-SI.labels
790677230,492,515,article790677230.task1-SI.labels
790677230,741,768,article790677230.task1-SI.labels
790677230,1202,1237,article790677230.task1-SI.labels
790677230,2043,2061,article790677230.task1-SI.labels
790677230,2231,2244,article790677230.task1-SI.labels
790677230,3473,3704,article790677230.task1-SI.labels
790677230,3981,4021,article790677230.task1-SI.labels
790677230,4339,4360,article790677230.task1-SI.labels
790677230,4977,5036,article790677230.task1-SI.labels
790677230,8987,8998,article790677230.task1-SI.labels
790677230,9351,9443,article790677230.task1-SI.labels
790677230,9447,9470,article790677230.task1-SI.labels
790677230,9666,9762,article790677230.task1-SI.labels
790677230,9784,9807,article790677230.task1-SI.labels
790677230,10043,10068,article790677230.task1-SI.labels
790677230,866,886,article790677230.task1-SI.labels
790677230,1121,1145,article790677230.task1-SI.labels
790677230,1964,1972,article790677230.task1-SI.labels
790677230,2144,2171,article790677230.task1-SI.labels
790677230,4513,4620,article790677230.task1-SI.labels
790677230,5626,5635,article790677230.task1-SI.labels
790677230,7400,7497,article790677230.task1-SI.labels
790677230,8857,8869,article790677230.task1-SI.labels
731063195,592,599,article731063195.task1-SI.labels
731063195,119,127,article731063195.task1-SI.labels
700461600,717,760,article700461600.task1-SI.labels
700461600,1547,1746,article700461600.task1-SI.labels
700461600,2352,2497,article700461600.task1-SI.labels
700461600,2805,2868,article700461600.task1-SI.labels
700461600,2726,2788,article700461600.task1-SI.labels
700461600,3073,3255,article700461600.task1-SI.labels
700461600,3549,3559,article700461600.task1-SI.labels
700461600,3963,4080,article700461600.task1-SI.labels
700461600,4210,4440,article700461600.task1-SI.labels
700461600,2318,2351,article700461600.task1-SI.labels
700461600,4510,4530,article700461600.task1-SI.labels
700461600,4657,4709,article700461600.task1-SI.labels
776616374,149,174,article776616374.task1-SI.labels
776616374,751,785,article776616374.task1-SI.labels
776616374,831,849,article776616374.task1-SI.labels
776616374,2641,2650,article776616374.task1-SI.labels
776616374,2771,2782,article776616374.task1-SI.labels
776616374,2804,2810,article776616374.task1-SI.labels
776616374,3282,3292,article776616374.task1-SI.labels
776616374,2990,3007,article776616374.task1-SI.labels
723844295,15,29,article723844295.task1-SI.labels
723844295,220,273,article723844295.task1-SI.labels
723844295,1242,1270,article723844295.task1-SI.labels
723844295,2445,2696,article723844295.task1-SI.labels
723844295,1963,1994,article723844295.task1-SI.labels
723844295,2027,2040,article723844295.task1-SI.labels
793921939,381,407,article793921939.task1-SI.labels
793921939,1974,1989,article793921939.task1-SI.labels
793921939,2968,2974,article793921939.task1-SI.labels
793921939,6673,6691,article793921939.task1-SI.labels
793921939,7479,7522,article793921939.task1-SI.labels
793921939,7357,7478,article793921939.task1-SI.labels
793921939,7676,7689,article793921939.task1-SI.labels
763440871,843,866,article763440871.task1-SI.labels
763440871,45,60,article763440871.task1-SI.labels
763440871,1705,1713,article763440871.task1-SI.labels
763440871,1719,1727,article763440871.task1-SI.labels
763440871,1859,1868,article763440871.task1-SI.labels
763440871,727,734,article763440871.task1-SI.labels
763440871,1371,1381,article763440871.task1-SI.labels
763440871,478,493,article763440871.task1-SI.labels
763440871,934,942,article763440871.task1-SI.labels
763440871,1536,1545,article763440871.task1-SI.labels
763440871,3228,3359,article763440871.task1-SI.labels
763440871,3339,3347,article763440871.task1-SI.labels
763440871,1825,1853,article763440871.task1-SI.labels
763440871,980,988,article763440871.task1-SI.labels
763440871,2472,2491,article763440871.task1-SI.labels
781768042,382,597,article781768042.task1-SI.labels
781768042,7029,7044,article781768042.task1-SI.labels
781768042,7046,7169,article781768042.task1-SI.labels
781768042,10249,10311,article781768042.task1-SI.labels
781768042,4963,4971,article781768042.task1-SI.labels
781768042,5923,6076,article781768042.task1-SI.labels
781768042,6255,6266,article781768042.task1-SI.labels
781768042,11503,11705,article781768042.task1-SI.labels
781768042,0,108,article781768042.task1-SI.labels
781768042,112,126,article781768042.task1-SI.labels
781768042,173,210,article781768042.task1-SI.labels
781768042,238,360,article781768042.task1-SI.labels
781768042,727,770,article781768042.task1-SI.labels
781768042,2681,2691,article781768042.task1-SI.labels
781768042,2662,2675,article781768042.task1-SI.labels
781768042,2721,2730,article781768042.task1-SI.labels
781768042,2809,2818,article781768042.task1-SI.labels
781768042,2892,2905,article781768042.task1-SI.labels
781768042,2911,2921,article781768042.task1-SI.labels
781768042,2932,2945,article781768042.task1-SI.labels
781768042,2959,2969,article781768042.task1-SI.labels
781768042,3085,3094,article781768042.task1-SI.labels
781768042,3326,3335,article781768042.task1-SI.labels
781768042,4699,4732,article781768042.task1-SI.labels
781768042,4972,4998,article781768042.task1-SI.labels
781768042,5533,5589,article781768042.task1-SI.labels
781768042,6149,6167,article781768042.task1-SI.labels
781768042,6346,6400,article781768042.task1-SI.labels
781768042,6785,6854,article781768042.task1-SI.labels
781768042,7261,7377,article781768042.task1-SI.labels
781768042,7411,7420,article781768042.task1-SI.labels
781768042,8553,8562,article781768042.task1-SI.labels
781768042,9062,9438,article781768042.task1-SI.labels
781768042,10765,10929,article781768042.task1-SI.labels
781768042,10931,11420,article781768042.task1-SI.labels
781768042,11333,11353,article781768042.task1-SI.labels
781768042,11707,11947,article781768042.task1-SI.labels
781768042,10346,10762,article781768042.task1-SI.labels
781768042,11423,11501,article781768042.task1-SI.labels
781768042,11987,12104,article781768042.task1-SI.labels
781768042,12131,12141,article781768042.task1-SI.labels
781768042,12322,12401,article781768042.task1-SI.labels
781768042,12449,12526,article781768042.task1-SI.labels
781768042,7516,7650,article781768042.task1-SI.labels
764518567,6123,6139,article764518567.task1-SI.labels
764518567,6460,6476,article764518567.task1-SI.labels
764518567,6669,6685,article764518567.task1-SI.labels
764518567,6919,6935,article764518567.task1-SI.labels
764518567,1113,1133,article764518567.task1-SI.labels
764518567,5809,5826,article764518567.task1-SI.labels
764518567,7942,7961,article764518567.task1-SI.labels
764518567,2954,2972,article764518567.task1-SI.labels
764518567,5832,5850,article764518567.task1-SI.labels
764518567,1924,1933,article764518567.task1-SI.labels
764518567,2303,2349,article764518567.task1-SI.labels
764518567,5191,5208,article764518567.task1-SI.labels
764518567,5887,5903,article764518567.task1-SI.labels
764518567,8001,8054,article764518567.task1-SI.labels
764518567,9804,9833,article764518567.task1-SI.labels
764518567,11690,11756,article764518567.task1-SI.labels
764518567,1258,1266,article764518567.task1-SI.labels
764518567,4804,4852,article764518567.task1-SI.labels
764518567,6093,6111,article764518567.task1-SI.labels
764518567,8365,8402,article764518567.task1-SI.labels
764518567,9264,9272,article764518567.task1-SI.labels
764518567,10680,10702,article764518567.task1-SI.labels
999001970,1607,1674,article999001970.task1-SI.labels
999001970,143,169,article999001970.task1-SI.labels
999001970,186,249,article999001970.task1-SI.labels
999001970,1043,1148,article999001970.task1-SI.labels
999001970,1164,1183,article999001970.task1-SI.labels
999001970,2611,2651,article999001970.task1-SI.labels
754231597,171,231,article754231597.task1-SI.labels
702077434,1264,1275,article702077434.task1-SI.labels
702077434,1377,1414,article702077434.task1-SI.labels
702077434,1701,1732,article702077434.task1-SI.labels
702077434,1830,1891,article702077434.task1-SI.labels
999001241,2211,2240,article999001241.task1-SI.labels
999001241,166,235,article999001241.task1-SI.labels
999001241,526,541,article999001241.task1-SI.labels
766084411,2018,2024,article766084411.task1-SI.labels
766084411,1793,1799,article766084411.task1-SI.labels
766084411,3958,3991,article766084411.task1-SI.labels
766084411,4170,4174,article766084411.task1-SI.labels
766084411,1914,1924,article766084411.task1-SI.labels
766084411,2131,2140,article766084411.task1-SI.labels
766084411,2437,2447,article766084411.task1-SI.labels
766084411,4062,4072,article766084411.task1-SI.labels
766084411,4529,4539,article766084411.task1-SI.labels
766084411,4688,4697,article766084411.task1-SI.labels
766084411,5224,5234,article766084411.task1-SI.labels
766084411,4035,4040,article766084411.task1-SI.labels
766084411,4045,4056,article766084411.task1-SI.labels
697063039,1975,2072,article697063039.task1-SI.labels
697063039,1160,1220,article697063039.task1-SI.labels
697063039,1375,1413,article697063039.task1-SI.labels
697063039,1824,1852,article697063039.task1-SI.labels
697063039,115,120,article697063039.task1-SI.labels
697063039,142,152,article697063039.task1-SI.labels
697063039,1226,1346,article697063039.task1-SI.labels
772947654,683,720,article772947654.task1-SI.labels
772947654,6314,6322,article772947654.task1-SI.labels
772947654,228,244,article772947654.task1-SI.labels
772947654,5686,5713,article772947654.task1-SI.labels
772947654,1606,1618,article772947654.task1-SI.labels
772947654,148,157,article772947654.task1-SI.labels
772947654,2050,2176,article772947654.task1-SI.labels
772947654,2339,2392,article772947654.task1-SI.labels
772947654,2780,2838,article772947654.task1-SI.labels
772947654,2944,2967,article772947654.task1-SI.labels
772947654,3010,3023,article772947654.task1-SI.labels
772947654,4482,4510,article772947654.task1-SI.labels
772947654,5221,5225,article772947654.task1-SI.labels
772947654,5653,5668,article772947654.task1-SI.labels
772947654,6229,6246,article772947654.task1-SI.labels
772947654,6327,6352,article772947654.task1-SI.labels
772947654,319,322,article772947654.task1-SI.labels
772947654,440,456,article772947654.task1-SI.labels
772947654,1510,1513,article772947654.task1-SI.labels
772947654,1719,1722,article772947654.task1-SI.labels
772947654,1760,1763,article772947654.task1-SI.labels
772947654,3153,3160,article772947654.task1-SI.labels
772947654,3311,3319,article772947654.task1-SI.labels
772947654,3334,3343,article772947654.task1-SI.labels
772947654,3483,3501,article772947654.task1-SI.labels
772947654,3766,3776,article772947654.task1-SI.labels
772947654,3662,3686,article772947654.task1-SI.labels
772947654,3787,3811,article772947654.task1-SI.labels
772947654,4833,4857,article772947654.task1-SI.labels
772947654,5180,5204,article772947654.task1-SI.labels
772947654,4196,4254,article772947654.task1-SI.labels
772947654,4274,4277,article772947654.task1-SI.labels
772947654,4722,4725,article772947654.task1-SI.labels
772947654,5455,5462,article772947654.task1-SI.labels
772947654,6577,6588,article772947654.task1-SI.labels
999001032,491,526,article999001032.task1-SI.labels
999001032,861,890,article999001032.task1-SI.labels
999001032,2333,2587,article999001032.task1-SI.labels
999001032,2882,2898,article999001032.task1-SI.labels
999001032,4210,4236,article999001032.task1-SI.labels
999001032,465,478,article999001032.task1-SI.labels
999001032,549,564,article999001032.task1-SI.labels
999001032,1415,1571,article999001032.task1-SI.labels
999001032,2847,2860,article999001032.task1-SI.labels
999001032,1727,1852,article999001032.task1-SI.labels
999001032,3003,3061,article999001032.task1-SI.labels
999001032,3222,3332,article999001032.task1-SI.labels
999001032,3226,3237,article999001032.task1-SI.labels
999001032,3454,3461,article999001032.task1-SI.labels
999001032,3770,3803,article999001032.task1-SI.labels
999001032,0,35,article999001032.task1-SI.labels
999001032,595,659,article999001032.task1-SI.labels
999001032,835,848,article999001032.task1-SI.labels
999001032,903,927,article999001032.task1-SI.labels
999001032,1574,1627,article999001032.task1-SI.labels
999001032,1854,1954,article999001032.task1-SI.labels
999001032,2201,2282,article999001032.task1-SI.labels
999001032,3117,3145,article999001032.task1-SI.labels
999001032,3166,3211,article999001032.task1-SI.labels
999001032,3707,3738,article999001032.task1-SI.labels
999001032,3806,3832,article999001032.task1-SI.labels
999001032,4168,4197,article999001032.task1-SI.labels
999001032,3962,4085,article999001032.task1-SI.labels
999001032,4331,4364,article999001032.task1-SI.labels
999001032,4473,4532,article999001032.task1-SI.labels
999001032,4701,4715,article999001032.task1-SI.labels
999001032,4586,4600,article999001032.task1-SI.labels
999001032,4618,4642,article999001032.task1-SI.labels
999001032,5437,5559,article999001032.task1-SI.labels
999001032,5521,5542,article999001032.task1-SI.labels
999001032,4310,4323,article999001032.task1-SI.labels
765982381,2063,2106,article765982381.task1-SI.labels
765982381,3364,3566,article765982381.task1-SI.labels
765982381,6856,6882,article765982381.task1-SI.labels
765982381,2851,2932,article765982381.task1-SI.labels
765982381,4183,4248,article765982381.task1-SI.labels
765982381,4494,4523,article765982381.task1-SI.labels
765982381,5207,5240,article765982381.task1-SI.labels
765982381,5379,5391,article765982381.task1-SI.labels
765982381,398,410,article765982381.task1-SI.labels
765982381,416,448,article765982381.task1-SI.labels
765982381,770,1044,article765982381.task1-SI.labels
765982381,1025,1044,article765982381.task1-SI.labels
765982381,1367,1376,article765982381.task1-SI.labels
765982381,2200,2230,article765982381.task1-SI.labels
765982381,2422,2462,article765982381.task1-SI.labels
765982381,2324,2346,article765982381.task1-SI.labels
765982381,2492,2555,article765982381.task1-SI.labels
765982381,2588,2622,article765982381.task1-SI.labels
765982381,2626,2635,article765982381.task1-SI.labels
765982381,2831,2848,article765982381.task1-SI.labels
765982381,2949,3043,article765982381.task1-SI.labels
765982381,3095,3187,article765982381.task1-SI.labels
765982381,3207,3222,article765982381.task1-SI.labels
765982381,3309,3352,article765982381.task1-SI.labels
765982381,3888,3916,article765982381.task1-SI.labels
765982381,4110,4131,article765982381.task1-SI.labels
765982381,4947,4995,article765982381.task1-SI.labels
765982381,5976,6023,article765982381.task1-SI.labels
765982381,6039,6057,article765982381.task1-SI.labels
765982381,6063,6090,article765982381.task1-SI.labels
765982381,6197,6250,article765982381.task1-SI.labels
765982381,6262,6295,article765982381.task1-SI.labels
765982381,6415,6438,article765982381.task1-SI.labels
765982381,1600,1817,article765982381.task1-SI.labels
721406153,97,129,article721406153.task1-SI.labels
721406153,2893,3218,article721406153.task1-SI.labels
721406153,4102,4106,article721406153.task1-SI.labels
721406153,5473,5478,article721406153.task1-SI.labels
721406153,5502,5506,article721406153.task1-SI.labels
721406153,5927,6036,article721406153.task1-SI.labels
721406153,0,35,article721406153.task1-SI.labels
721406153,294,466,article721406153.task1-SI.labels
721406153,1123,1150,article721406153.task1-SI.labels
721406153,1264,1282,article721406153.task1-SI.labels
721406153,1465,1488,article721406153.task1-SI.labels
721406153,1992,2020,article721406153.task1-SI.labels
721406153,2022,2210,article721406153.task1-SI.labels
721406153,2530,2575,article721406153.task1-SI.labels
721406153,5339,5439,article721406153.task1-SI.labels
721406153,5787,5926,article721406153.task1-SI.labels
721406153,5115,5139,article721406153.task1-SI.labels
694811415,274,321,article694811415.task1-SI.labels
694811415,854,913,article694811415.task1-SI.labels
694811415,1013,1112,article694811415.task1-SI.labels
694811415,1629,1719,article694811415.task1-SI.labels
694811415,498,546,article694811415.task1-SI.labels
694811415,1,23,article694811415.task1-SI.labels
790720714,931,1011,article790720714.task1-SI.labels
790720714,378,402,article790720714.task1-SI.labels
790720714,642,667,article790720714.task1-SI.labels
790720714,3882,4070,article790720714.task1-SI.labels
790720714,577,590,article790720714.task1-SI.labels
790720714,718,747,article790720714.task1-SI.labels
790720714,1022,1063,article790720714.task1-SI.labels
790720714,1924,1956,article790720714.task1-SI.labels
790720714,2180,2206,article790720714.task1-SI.labels
790720714,2247,2298,article790720714.task1-SI.labels
790720714,2760,2943,article790720714.task1-SI.labels
790720714,2945,3034,article790720714.task1-SI.labels
790720714,3136,3158,article790720714.task1-SI.labels
790720714,3502,3581,article790720714.task1-SI.labels
790720714,1882,1922,article790720714.task1-SI.labels
790720714,2627,2757,article790720714.task1-SI.labels
790720714,3693,3732,article790720714.task1-SI.labels
715588833,624,681,article715588833.task1-SI.labels
715588833,2437,2464,article715588833.task1-SI.labels
715588833,7098,7129,article715588833.task1-SI.labels
715588833,7155,7185,article715588833.task1-SI.labels
715588833,8643,8940,article715588833.task1-SI.labels
715588833,10678,10918,article715588833.task1-SI.labels
715588833,0,17,article715588833.task1-SI.labels
715588833,412,499,article715588833.task1-SI.labels
715588833,1046,1074,article715588833.task1-SI.labels
715588833,1753,1770,article715588833.task1-SI.labels
715588833,2061,2160,article715588833.task1-SI.labels
715588833,2622,2773,article715588833.task1-SI.labels
715588833,6660,6744,article715588833.task1-SI.labels
715588833,7638,7734,article715588833.task1-SI.labels
715588833,7829,7855,article715588833.task1-SI.labels
715588833,7857,7909,article715588833.task1-SI.labels
715588833,8548,8641,article715588833.task1-SI.labels
715588833,8479,8546,article715588833.task1-SI.labels
715588833,9232,9268,article715588833.task1-SI.labels
715588833,9456,9504,article715588833.task1-SI.labels
715588833,9836,10048,article715588833.task1-SI.labels
715588833,11273,11388,article715588833.task1-SI.labels
715588833,11390,11426,article715588833.task1-SI.labels
715588833,11846,12085,article715588833.task1-SI.labels
715588833,11575,11844,article715588833.task1-SI.labels
788056108,235,279,article788056108.task1-SI.labels
788056108,587,636,article788056108.task1-SI.labels
788056108,979,1012,article788056108.task1-SI.labels
788056108,2930,3059,article788056108.task1-SI.labels
788056108,4632,4680,article788056108.task1-SI.labels
788056108,4780,4804,article788056108.task1-SI.labels
788056108,15142,15456,article788056108.task1-SI.labels
788056108,60,76,article788056108.task1-SI.labels
788056108,818,860,article788056108.task1-SI.labels
788056108,5941,5977,article788056108.task1-SI.labels
788056108,14028,14312,article788056108.task1-SI.labels
788056108,15683,15829,article788056108.task1-SI.labels
788056108,183,201,article788056108.task1-SI.labels
788056108,364,393,article788056108.task1-SI.labels
788056108,694,731,article788056108.task1-SI.labels
788056108,763,787,article788056108.task1-SI.labels
788056108,1110,1133,article788056108.task1-SI.labels
788056108,1144,1174,article788056108.task1-SI.labels
788056108,1338,1405,article788056108.task1-SI.labels
788056108,1407,1640,article788056108.task1-SI.labels
788056108,1946,1965,article788056108.task1-SI.labels
788056108,2058,2139,article788056108.task1-SI.labels
788056108,2142,2479,article788056108.task1-SI.labels
788056108,2482,2701,article788056108.task1-SI.labels
788056108,2768,2923,article788056108.task1-SI.labels
788056108,3243,3274,article788056108.task1-SI.labels
788056108,3490,3623,article788056108.task1-SI.labels
788056108,3765,3783,article788056108.task1-SI.labels
788056108,4187,4202,article788056108.task1-SI.labels
788056108,4716,4733,article788056108.task1-SI.labels
788056108,5537,5636,article788056108.task1-SI.labels
788056108,6680,6851,article788056108.task1-SI.labels
788056108,6875,6898,article788056108.task1-SI.labels
788056108,7174,7199,article788056108.task1-SI.labels
788056108,7226,7254,article788056108.task1-SI.labels
788056108,7337,7382,article788056108.task1-SI.labels
788056108,7755,7832,article788056108.task1-SI.labels
788056108,8012,8070,article788056108.task1-SI.labels
788056108,8936,8962,article788056108.task1-SI.labels
788056108,10272,10297,article788056108.task1-SI.labels
788056108,10440,10465,article788056108.task1-SI.labels
788056108,10603,10746,article788056108.task1-SI.labels
788056108,10760,10914,article788056108.task1-SI.labels
788056108,11123,11255,article788056108.task1-SI.labels
788056108,11957,11980,article788056108.task1-SI.labels
788056108,12155,12167,article788056108.task1-SI.labels
788056108,12176,12222,article788056108.task1-SI.labels
788056108,12547,13082,article788056108.task1-SI.labels
788056108,13084,13617,article788056108.task1-SI.labels
788056108,14365,14417,article788056108.task1-SI.labels
788056108,14419,14785,article788056108.task1-SI.labels
788056108,15317,15352,article788056108.task1-SI.labels
788056108,15895,16016,article788056108.task1-SI.labels
788056108,16028,16077,article788056108.task1-SI.labels
788056108,16357,16533,article788056108.task1-SI.labels
788056108,16939,17166,article788056108.task1-SI.labels
788056108,17271,17330,article788056108.task1-SI.labels
788056108,17169,17184,article788056108.task1-SI.labels
788056108,17355,17391,article788056108.task1-SI.labels
788056108,17392,17427,article788056108.task1-SI.labels
788056108,17512,17805,article788056108.task1-SI.labels
788056108,17917,17969,article788056108.task1-SI.labels
788056108,92,99,article788056108.task1-SI.labels
788056108,3625,3710,article788056108.task1-SI.labels
770376380,1532,1745,article770376380.task1-SI.labels
770376380,24,47,article770376380.task1-SI.labels
770376380,1383,1405,article770376380.task1-SI.labels
770376380,357,416,article770376380.task1-SI.labels
770376380,599,623,article770376380.task1-SI.labels
770376380,678,688,article770376380.task1-SI.labels
770376380,1127,1152,article770376380.task1-SI.labels
770376380,1305,1323,article770376380.task1-SI.labels
770376380,1411,1500,article770376380.task1-SI.labels
770376380,3864,3956,article770376380.task1-SI.labels
770376380,4340,4357,article770376380.task1-SI.labels
770376380,4460,4501,article770376380.task1-SI.labels
770376380,4504,4782,article770376380.task1-SI.labels
770376380,4963,5181,article770376380.task1-SI.labels
770376380,5167,5181,article770376380.task1-SI.labels
770376380,5472,5484,article770376380.task1-SI.labels
770376380,1937,2253,article770376380.task1-SI.labels
770376380,3609,3676,article770376380.task1-SI.labels
759337941,133,182,article759337941.task1-SI.labels
759337941,194,205,article759337941.task1-SI.labels
759337941,1184,1219,article759337941.task1-SI.labels
759337941,1226,1278,article759337941.task1-SI.labels
759337941,35,61,article759337941.task1-SI.labels
759337941,65,97,article759337941.task1-SI.labels
759337941,113,131,article759337941.task1-SI.labels
759337941,304,327,article759337941.task1-SI.labels
759337941,348,361,article759337941.task1-SI.labels
759337941,402,414,article759337941.task1-SI.labels
759337941,418,481,article759337941.task1-SI.labels
759337941,528,557,article759337941.task1-SI.labels
759337941,1342,1360,article759337941.task1-SI.labels
759337941,1369,1389,article759337941.task1-SI.labels
759337941,1606,1621,article759337941.task1-SI.labels
759337941,1777,1817,article759337941.task1-SI.labels
759337941,2042,2063,article759337941.task1-SI.labels
759337941,2380,2397,article759337941.task1-SI.labels
759337941,2987,3010,article759337941.task1-SI.labels
759337941,2064,2224,article759337941.task1-SI.labels
759337941,99,111,article759337941.task1-SI.labels
757611486,3830,3838,article757611486.task1-SI.labels
757611486,976,984,article757611486.task1-SI.labels
757611486,1068,1077,article757611486.task1-SI.labels
757611486,2319,2336,article757611486.task1-SI.labels
757611486,993,1006,article757611486.task1-SI.labels
757611486,3523,3536,article757611486.task1-SI.labels
757611486,3696,3708,article757611486.task1-SI.labels
757611486,3793,3803,article757611486.task1-SI.labels
757611486,3850,3862,article757611486.task1-SI.labels
757611486,5830,5846,article757611486.task1-SI.labels
757611486,6078,6084,article757611486.task1-SI.labels
757611486,6390,6402,article757611486.task1-SI.labels
757611486,7167,7179,article757611486.task1-SI.labels
757611486,7332,7346,article757611486.task1-SI.labels
757611486,5212,5224,article757611486.task1-SI.labels
757611486,583,598,article757611486.task1-SI.labels
757611486,603,623,article757611486.task1-SI.labels
757611486,3961,3971,article757611486.task1-SI.labels
731762731,2388,2502,article731762731.task1-SI.labels
731762731,2683,2717,article731762731.task1-SI.labels
731762731,1184,1208,article731762731.task1-SI.labels
731762731,2262,2295,article731762731.task1-SI.labels
731762731,2311,2353,article731762731.task1-SI.labels
731762731,3701,3752,article731762731.task1-SI.labels
731762731,2751,2758,article731762731.task1-SI.labels
731762731,3552,3585,article731762731.task1-SI.labels
761897089,4638,4650,article761897089.task1-SI.labels
761897089,4692,4711,article761897089.task1-SI.labels
761897089,4565,4576,article761897089.task1-SI.labels
761897089,4475,4484,article761897089.task1-SI.labels
761897089,3490,3506,article761897089.task1-SI.labels
761897089,4511,4529,article761897089.task1-SI.labels
761897089,3636,3712,article761897089.task1-SI.labels
761897089,4629,4637,article761897089.task1-SI.labels
761897089,4586,4593,article761897089.task1-SI.labels
761897089,4138,4148,article761897089.task1-SI.labels
761897089,3364,3371,article761897089.task1-SI.labels
761897089,1775,1816,article761897089.task1-SI.labels
761897089,1849,1920,article761897089.task1-SI.labels
758812201,1473,1482,article758812201.task1-SI.labels
770945799,815,827,article770945799.task1-SI.labels
770945799,1994,2001,article770945799.task1-SI.labels
770945799,1017,1030,article770945799.task1-SI.labels
770945799,2046,2055,article770945799.task1-SI.labels
707772906,2351,2365,article707772906.task1-SI.labels
707772906,5409,5463,article707772906.task1-SI.labels
707772906,265,281,article707772906.task1-SI.labels
707772906,1121,1165,article707772906.task1-SI.labels
707772906,4042,4181,article707772906.task1-SI.labels
707772906,4879,4904,article707772906.task1-SI.labels
707772906,5174,5329,article707772906.task1-SI.labels
707772906,550,604,article707772906.task1-SI.labels
707772906,906,972,article707772906.task1-SI.labels
707772906,1363,1383,article707772906.task1-SI.labels
707772906,1705,1727,article707772906.task1-SI.labels
707772906,1743,1762,article707772906.task1-SI.labels
707772906,1829,1850,article707772906.task1-SI.labels
707772906,2221,2323,article707772906.task1-SI.labels
707772906,2626,2644,article707772906.task1-SI.labels
707772906,3360,3405,article707772906.task1-SI.labels
707772906,3635,3674,article707772906.task1-SI.labels
707772906,3916,3967,article707772906.task1-SI.labels
707772906,4652,4751,article707772906.task1-SI.labels
707772906,5077,5172,article707772906.task1-SI.labels
999000135,70,92,article999000135.task1-SI.labels
999000135,1948,1959,article999000135.task1-SI.labels
999000135,135,167,article999000135.task1-SI.labels
999000135,542,608,article999000135.task1-SI.labels
999000135,668,704,article999000135.task1-SI.labels
999000135,924,1185,article999000135.task1-SI.labels
999000135,970,1024,article999000135.task1-SI.labels
999000135,2017,2042,article999000135.task1-SI.labels
999000135,2085,2095,article999000135.task1-SI.labels
999000135,2138,2148,article999000135.task1-SI.labels
999000135,2231,2241,article999000135.task1-SI.labels
999000135,2394,2404,article999000135.task1-SI.labels
999000135,2629,2748,article999000135.task1-SI.labels
999000135,2750,2766,article999000135.task1-SI.labels
999000135,907,921,article999000135.task1-SI.labels
729578579,645,742,article729578579.task1-SI.labels
729578579,6851,6898,article729578579.task1-SI.labels
729578579,16495,16517,article729578579.task1-SI.labels
729578579,18426,18473,article729578579.task1-SI.labels
729578579,21886,21905,article729578579.task1-SI.labels
729578579,225,260,article729578579.task1-SI.labels
729578579,368,403,article729578579.task1-SI.labels
729578579,604,636,article729578579.task1-SI.labels
729578579,1794,1861,article729578579.task1-SI.labels
729578579,3538,3671,article729578579.task1-SI.labels
729578579,6929,6946,article729578579.task1-SI.labels
729578579,7133,7153,article729578579.task1-SI.labels
729578579,7731,7744,article729578579.task1-SI.labels
729578579,13378,13403,article729578579.task1-SI.labels
729578579,14278,14294,article729578579.task1-SI.labels
729578579,16987,17002,article729578579.task1-SI.labels
729578579,18738,18761,article729578579.task1-SI.labels
729578579,18932,18958,article729578579.task1-SI.labels
729578579,19546,19578,article729578579.task1-SI.labels
729578579,21375,21389,article729578579.task1-SI.labels
729578579,21538,21553,article729578579.task1-SI.labels
729578579,21766,21785,article729578579.task1-SI.labels
729578579,22024,22037,article729578579.task1-SI.labels
729578579,22774,22811,article729578579.task1-SI.labels
729578579,23321,23414,article729578579.task1-SI.labels
729578579,23700,23714,article729578579.task1-SI.labels
729578579,23757,23780,article729578579.task1-SI.labels
729578579,23823,23867,article729578579.task1-SI.labels
729578579,24443,24488,article729578579.task1-SI.labels
729578579,421,428,article729578579.task1-SI.labels
729578579,509,513,article729578579.task1-SI.labels
729578579,1090,1106,article729578579.task1-SI.labels
729578579,6046,6058,article729578579.task1-SI.labels
729578579,7201,7218,article729578579.task1-SI.labels
729578579,8306,8314,article729578579.task1-SI.labels
729578579,8907,8922,article729578579.task1-SI.labels
729578579,9194,9218,article729578579.task1-SI.labels
729578579,13405,13432,article729578579.task1-SI.labels
729578579,13500,13507,article729578579.task1-SI.labels
729578579,13997,14021,article729578579.task1-SI.labels
729578579,14627,14644,article729578579.task1-SI.labels
729578579,14809,14822,article729578579.task1-SI.labels
729578579,15614,15630,article729578579.task1-SI.labels
729578579,17741,17758,article729578579.task1-SI.labels
729578579,18366,18386,article729578579.task1-SI.labels
729578579,18656,18706,article729578579.task1-SI.labels
729578579,19054,19073,article729578579.task1-SI.labels
729578579,19377,19401,article729578579.task1-SI.labels
729578579,19466,19544,article729578579.task1-SI.labels
729578579,21304,21337,article729578579.task1-SI.labels
729578579,22303,22521,article729578579.task1-SI.labels
729578579,22719,22752,article729578579.task1-SI.labels
729578579,24898,24905,article729578579.task1-SI.labels
729578579,25127,25146,article729578579.task1-SI.labels
729578579,26581,26625,article729578579.task1-SI.labels
727736595,285,335,article727736595.task1-SI.labels
739140767,758,802,article739140767.task1-SI.labels
725731328,547,563,article725731328.task1-SI.labels
725731328,794,1076,article725731328.task1-SI.labels
725731328,2091,2167,article725731328.task1-SI.labels
725731328,2132,2167,article725731328.task1-SI.labels
725731328,2232,2279,article725731328.task1-SI.labels
725731328,2617,2654,article725731328.task1-SI.labels
725731328,2817,2827,article725731328.task1-SI.labels
725731328,120,139,article725731328.task1-SI.labels
725731328,619,640,article725731328.task1-SI.labels
725731328,1945,1992,article725731328.task1-SI.labels
725731328,2381,2577,article725731328.task1-SI.labels
725731328,2670,2722,article725731328.task1-SI.labels
725731328,2861,3020,article725731328.task1-SI.labels
725731328,4044,4062,article725731328.task1-SI.labels
725731328,4719,4731,article725731328.task1-SI.labels
725731328,282,289,article725731328.task1-SI.labels
725731328,1996,2062,article725731328.task1-SI.labels
725731328,2171,2224,article725731328.task1-SI.labels
706088110,3279,3292,article706088110.task1-SI.labels
706088110,1117,1229,article706088110.task1-SI.labels
706088110,1019,1068,article706088110.task1-SI.labels
706088110,2203,2282,article706088110.task1-SI.labels
706088110,3513,3590,article706088110.task1-SI.labels
706088110,818,832,article706088110.task1-SI.labels
706088110,1081,1087,article706088110.task1-SI.labels
706088110,1330,1344,article706088110.task1-SI.labels
706088110,2103,2117,article706088110.task1-SI.labels
706088110,2578,2591,article706088110.task1-SI.labels
706088110,2914,2928,article706088110.task1-SI.labels
706088110,3223,3236,article706088110.task1-SI.labels
706088110,3458,3472,article706088110.task1-SI.labels
737457870,1730,1747,article737457870.task1-SI.labels
737457870,1093,1129,article737457870.task1-SI.labels
737457870,1024,1054,article737457870.task1-SI.labels
737457870,1606,1713,article737457870.task1-SI.labels
737457870,1410,1478,article737457870.task1-SI.labels
737457870,2196,2464,article737457870.task1-SI.labels
737457870,2850,2879,article737457870.task1-SI.labels
737457870,2928,3027,article737457870.task1-SI.labels
705409419,138,158,article705409419.task1-SI.labels
705409419,1367,1418,article705409419.task1-SI.labels
705409419,1702,1830,article705409419.task1-SI.labels
705409419,2058,2114,article705409419.task1-SI.labels
705409419,4226,4381,article705409419.task1-SI.labels
705409419,4383,4570,article705409419.task1-SI.labels
705409419,6069,6164,article705409419.task1-SI.labels
705409419,950,1042,article705409419.task1-SI.labels
723793978,973,979,article723793978.task1-SI.labels
723793978,1418,1430,article723793978.task1-SI.labels
723793978,1106,1256,article723793978.task1-SI.labels
793534424,434,467,article793534424.task1-SI.labels
793534424,6528,6597,article793534424.task1-SI.labels
793534424,4,22,article793534424.task1-SI.labels
793534424,290,298,article793534424.task1-SI.labels
793534424,415,420,article793534424.task1-SI.labels
793534424,206,217,article793534424.task1-SI.labels
793534424,1598,1613,article793534424.task1-SI.labels
793534424,1620,1624,article793534424.task1-SI.labels
793534424,1804,1821,article793534424.task1-SI.labels
793534424,1916,1934,article793534424.task1-SI.labels
793534424,3182,3190,article793534424.task1-SI.labels
793534424,7655,7660,article793534424.task1-SI.labels
764715911,4380,4391,article764715911.task1-SI.labels
764715911,4015,4028,article764715911.task1-SI.labels
764715911,2859,2916,article764715911.task1-SI.labels
764715911,132,142,article764715911.task1-SI.labels
764715911,254,348,article764715911.task1-SI.labels
764715911,937,1001,article764715911.task1-SI.labels
764715911,1667,1713,article764715911.task1-SI.labels
764715911,3722,3734,article764715911.task1-SI.labels
764715911,6379,6427,article764715911.task1-SI.labels
764715911,6958,6981,article764715911.task1-SI.labels
764715911,6832,6852,article764715911.task1-SI.labels
764715911,7265,7459,article764715911.task1-SI.labels
764715911,7652,7700,article764715911.task1-SI.labels
764715911,573,584,article764715911.task1-SI.labels
764715911,1728,1734,article764715911.task1-SI.labels
764715911,2558,2561,article764715911.task1-SI.labels
764715911,5779,5788,article764715911.task1-SI.labels
764715911,6646,6649,article764715911.task1-SI.labels
764715911,7479,7513,article764715911.task1-SI.labels
764715911,7514,7597,article764715911.task1-SI.labels
727174208,112,162,article727174208.task1-SI.labels
727174208,1452,1494,article727174208.task1-SI.labels
779394730,2965,2986,article779394730.task1-SI.labels
779394730,3247,3274,article779394730.task1-SI.labels
779394730,3715,4118,article779394730.task1-SI.labels
779394730,4043,4118,article779394730.task1-SI.labels
779394730,1222,1239,article779394730.task1-SI.labels
779394730,1382,1407,article779394730.task1-SI.labels
779394730,1419,1612,article779394730.task1-SI.labels
779394730,4120,4323,article779394730.task1-SI.labels
779394730,2609,2739,article779394730.task1-SI.labels
779394730,966,984,article779394730.task1-SI.labels
779394730,1615,1772,article779394730.task1-SI.labels
779394730,1774,1886,article779394730.task1-SI.labels
779394730,1926,1965,article779394730.task1-SI.labels
779394730,2070,2106,article779394730.task1-SI.labels
779394730,3306,3340,article779394730.task1-SI.labels
779394730,3476,3535,article779394730.task1-SI.labels
779394730,3554,3695,article779394730.task1-SI.labels
779394730,3343,3462,article779394730.task1-SI.labels
779394730,3700,3713,article779394730.task1-SI.labels
999001297,2257,2276,article999001297.task1-SI.labels
999001297,31,62,article999001297.task1-SI.labels
999001297,242,263,article999001297.task1-SI.labels
780619695,1538,1554,article780619695.task1-SI.labels
780619695,1728,1744,article780619695.task1-SI.labels
780619695,2018,2034,article780619695.task1-SI.labels
780619695,2245,2261,article780619695.task1-SI.labels
780619695,2838,2854,article780619695.task1-SI.labels
780619695,3066,3082,article780619695.task1-SI.labels
780619695,44,62,article780619695.task1-SI.labels
780619695,3735,3740,article780619695.task1-SI.labels
780619695,6301,6314,article780619695.task1-SI.labels
780619695,1321,1337,article780619695.task1-SI.labels
780619695,1935,1959,article780619695.task1-SI.labels
780619695,4123,4129,article780619695.task1-SI.labels
780619695,137,148,article780619695.task1-SI.labels
780619695,149,160,article780619695.task1-SI.labels
780619695,162,168,article780619695.task1-SI.labels
780619695,174,183,article780619695.task1-SI.labels
780619695,120,136,article780619695.task1-SI.labels
780619695,1245,1262,article780619695.task1-SI.labels
780619695,1770,1794,article780619695.task1-SI.labels
780619695,2318,2325,article780619695.task1-SI.labels
780619695,2329,2338,article780619695.task1-SI.labels
780619695,2343,2359,article780619695.task1-SI.labels
780619695,3207,3224,article780619695.task1-SI.labels
780619695,3933,3941,article780619695.task1-SI.labels
780619695,4212,4229,article780619695.task1-SI.labels
780619695,4298,4309,article780619695.task1-SI.labels
780619695,4504,4513,article780619695.task1-SI.labels
780619695,4696,4736,article780619695.task1-SI.labels
780619695,4856,4874,article780619695.task1-SI.labels
780619695,5547,5553,article780619695.task1-SI.labels
780619695,5985,6015,article780619695.task1-SI.labels
780619695,6232,6251,article780619695.task1-SI.labels
741802985,1786,1816,article741802985.task1-SI.labels
741802985,0,116,article741802985.task1-SI.labels
741802985,369,512,article741802985.task1-SI.labels
741802985,354,366,article741802985.task1-SI.labels
741802985,604,765,article741802985.task1-SI.labels
741802985,514,602,article741802985.task1-SI.labels
741802985,1902,1931,article741802985.task1-SI.labels
111111112,191,219,article111111112.task1-SI.labels
111111112,476,556,article111111112.task1-SI.labels
111111112,785,798,article111111112.task1-SI.labels
111111112,958,1013,article111111112.task1-SI.labels
111111112,1456,1535,article111111112.task1-SI.labels
111111112,1810,1824,article111111112.task1-SI.labels
111111112,2095,2123,article111111112.task1-SI.labels
111111112,911,942,article111111112.task1-SI.labels
111111112,1738,1787,article111111112.task1-SI.labels
757243988,339,350,article757243988.task1-SI.labels
757243988,461,467,article757243988.task1-SI.labels
757243988,1447,1457,article757243988.task1-SI.labels
757243988,1658,1671,article757243988.task1-SI.labels
757243988,2267,2276,article757243988.task1-SI.labels
757243988,2635,2644,article757243988.task1-SI.labels
701939679,234,337,article701939679.task1-SI.labels
701939679,339,529,article701939679.task1-SI.labels
701939679,1474,1664,article701939679.task1-SI.labels
765953146,2168,2186,article765953146.task1-SI.labels
765953146,787,816,article765953146.task1-SI.labels
765953146,982,1011,article765953146.task1-SI.labels
765953146,1099,1110,article765953146.task1-SI.labels
765953146,2193,2209,article765953146.task1-SI.labels
765953146,5320,5335,article765953146.task1-SI.labels
765953146,2497,2507,article765953146.task1-SI.labels
759478604,35,46,article759478604.task1-SI.labels
759478604,1312,1323,article759478604.task1-SI.labels
759478604,1696,1704,article759478604.task1-SI.labels
759478604,8701,8707,article759478604.task1-SI.labels
759478604,12527,12534,article759478604.task1-SI.labels
759478604,14664,14676,article759478604.task1-SI.labels
759478604,12783,12825,article759478604.task1-SI.labels
759478604,244,264,article759478604.task1-SI.labels
759478604,1407,1414,article759478604.task1-SI.labels
759478604,1746,1757,article759478604.task1-SI.labels
759478604,2451,2548,article759478604.task1-SI.labels
759478604,4303,4386,article759478604.task1-SI.labels
759478604,5052,5083,article759478604.task1-SI.labels
759478604,9407,9420,article759478604.task1-SI.labels
759478604,9832,9859,article759478604.task1-SI.labels
759478604,10856,10866,article759478604.task1-SI.labels
759478604,10752,10759,article759478604.task1-SI.labels
759478604,12559,12579,article759478604.task1-SI.labels
759478604,13700,13717,article759478604.task1-SI.labels
759478604,2551,2581,article759478604.task1-SI.labels
759478604,2609,2640,article759478604.task1-SI.labels
759478604,8430,8438,article759478604.task1-SI.labels
759478604,11614,11639,article759478604.task1-SI.labels
759478604,12165,12190,article759478604.task1-SI.labels
759478604,14704,14729,article759478604.task1-SI.labels
999000159,499,510,article999000159.task1-SI.labels
999000159,373,433,article999000159.task1-SI.labels
999000159,478,495,article999000159.task1-SI.labels
999000159,1233,1354,article999000159.task1-SI.labels
999000159,1464,1482,article999000159.task1-SI.labels
999000159,1701,1753,article999000159.task1-SI.labels
999000159,166,178,article999000159.task1-SI.labels
999000159,1622,1653,article999000159.task1-SI.labels
790483991,710,728,article790483991.task1-SI.labels
790483991,5439,5564,article790483991.task1-SI.labels
790483991,1457,1487,article790483991.task1-SI.labels
790483991,5725,6014,article790483991.task1-SI.labels
790483991,9520,9593,article790483991.task1-SI.labels
790483991,354,431,article790483991.task1-SI.labels
790483991,919,944,article790483991.task1-SI.labels
790483991,1056,1230,article790483991.task1-SI.labels
790483991,1323,1364,article790483991.task1-SI.labels
790483991,1375,1400,article790483991.task1-SI.labels
790483991,1517,1612,article790483991.task1-SI.labels
790483991,2070,2192,article790483991.task1-SI.labels
790483991,3626,3696,article790483991.task1-SI.labels
790483991,3742,3961,article790483991.task1-SI.labels
790483991,4083,4117,article790483991.task1-SI.labels
790483991,4947,4961,article790483991.task1-SI.labels
790483991,5654,5675,article790483991.task1-SI.labels
790483991,6212,6281,article790483991.task1-SI.labels
790483991,6016,6191,article790483991.task1-SI.labels
790483991,6988,7139,article790483991.task1-SI.labels
790483991,7413,7594,article790483991.task1-SI.labels
790483991,8298,8326,article790483991.task1-SI.labels
790483991,8985,9026,article790483991.task1-SI.labels
790483991,9064,9214,article790483991.task1-SI.labels
790483991,9616,9982,article790483991.task1-SI.labels
790483991,1784,1912,article790483991.task1-SI.labels
790483991,7141,7331,article790483991.task1-SI.labels
790483991,8170,8296,article790483991.task1-SI.labels
711716996,1600,1632,article711716996.task1-SI.labels
711716996,5284,5298,article711716996.task1-SI.labels
711716996,30,85,article711716996.task1-SI.labels
711716996,724,862,article711716996.task1-SI.labels
711716996,957,992,article711716996.task1-SI.labels
711716996,1444,1453,article711716996.task1-SI.labels
711716996,1936,2064,article711716996.task1-SI.labels
711716996,2231,2268,article711716996.task1-SI.labels
711716996,2320,2345,article711716996.task1-SI.labels
711716996,2760,2843,article711716996.task1-SI.labels
711716996,2910,2941,article711716996.task1-SI.labels
711716996,4002,4025,article711716996.task1-SI.labels
711716996,298,304,article711716996.task1-SI.labels
711716996,2308,2314,article711716996.task1-SI.labels
711716996,3978,3992,article711716996.task1-SI.labels
711716996,4068,4082,article711716996.task1-SI.labels
711716996,4563,4569,article711716996.task1-SI.labels
711716996,4959,4973,article711716996.task1-SI.labels
111111136,1243,1254,article111111136.task1-SI.labels
111111136,1874,2026,article111111136.task1-SI.labels
999000880,3114,3143,article999000880.task1-SI.labels
999000880,2704,2709,article999000880.task1-SI.labels
729940206,571,609,article729940206.task1-SI.labels
729940206,1167,1216,article729940206.task1-SI.labels
729940206,1866,1874,article729940206.task1-SI.labels
729940206,251,402,article729940206.task1-SI.labels
729940206,522,540,article729940206.task1-SI.labels
729940206,1039,1046,article729940206.task1-SI.labels
729940206,1218,1282,article729940206.task1-SI.labels
729940206,1838,1859,article729940206.task1-SI.labels
769427494,8476,8487,article769427494.task1-SI.labels
769427494,5083,5102,article769427494.task1-SI.labels
769427494,50,58,article769427494.task1-SI.labels
769427494,62,91,article769427494.task1-SI.labels
769427494,93,281,article769427494.task1-SI.labels
769427494,242,281,article769427494.task1-SI.labels
769427494,1260,1268,article769427494.task1-SI.labels
769427494,5221,5426,article769427494.task1-SI.labels
769427494,6542,6575,article769427494.task1-SI.labels
769427494,7254,7366,article769427494.task1-SI.labels
769427494,9281,9297,article769427494.task1-SI.labels
769427494,5704,5794,article769427494.task1-SI.labels
707566605,154,165,article707566605.task1-SI.labels
707566605,21,77,article707566605.task1-SI.labels
707566605,220,265,article707566605.task1-SI.labels
707566605,505,541,article707566605.task1-SI.labels
707566605,752,857,article707566605.task1-SI.labels
707566605,1222,1253,article707566605.task1-SI.labels
707566605,1260,1271,article707566605.task1-SI.labels
707566605,1385,1430,article707566605.task1-SI.labels
707566605,1772,1820,article707566605.task1-SI.labels
707566605,546,586,article707566605.task1-SI.labels
707566605,1665,1718,article707566605.task1-SI.labels
707566605,2652,2693,article707566605.task1-SI.labels
111111131,84,97,article111111131.task1-SI.labels
111111131,102,109,article111111131.task1-SI.labels
111111131,180,190,article111111131.task1-SI.labels
111111131,207,214,article111111131.task1-SI.labels
111111131,326,336,article111111131.task1-SI.labels
111111131,352,365,article111111131.task1-SI.labels
111111131,382,395,article111111131.task1-SI.labels
111111131,398,413,article111111131.task1-SI.labels
111111131,723,731,article111111131.task1-SI.labels
111111131,804,811,article111111131.task1-SI.labels
111111131,823,865,article111111131.task1-SI.labels
111111131,1031,1068,article111111131.task1-SI.labels
111111131,1191,1201,article111111131.task1-SI.labels
111111131,1977,1992,article111111131.task1-SI.labels
111111131,2660,2671,article111111131.task1-SI.labels
111111131,2728,2739,article111111131.task1-SI.labels
111111131,2897,2908,article111111131.task1-SI.labels
111111131,2912,2923,article111111131.task1-SI.labels
111111131,2953,2997,article111111131.task1-SI.labels
111111131,3396,3416,article111111131.task1-SI.labels
111111131,3437,3445,article111111131.task1-SI.labels
111111131,3738,3748,article111111131.task1-SI.labels
111111131,4008,4014,article111111131.task1-SI.labels
111111131,4030,4038,article111111131.task1-SI.labels
111111131,4152,4169,article111111131.task1-SI.labels
111111131,4224,4230,article111111131.task1-SI.labels
111111131,4256,4264,article111111131.task1-SI.labels
111111131,4339,4352,article111111131.task1-SI.labels
111111131,4531,4546,article111111131.task1-SI.labels
111111131,4635,4643,article111111131.task1-SI.labels
111111131,4752,4768,article111111131.task1-SI.labels
111111131,4882,4899,article111111131.task1-SI.labels
111111131,5174,5186,article111111131.task1-SI.labels
111111131,5244,5262,article111111131.task1-SI.labels
111111131,5281,5289,article111111131.task1-SI.labels
111111131,5369,5378,article111111131.task1-SI.labels
111111131,5904,5916,article111111131.task1-SI.labels
111111131,5938,5950,article111111131.task1-SI.labels
111111131,6920,6937,article111111131.task1-SI.labels
111111131,6957,6971,article111111131.task1-SI.labels
111111131,7314,7324,article111111131.task1-SI.labels
111111131,7700,7708,article111111131.task1-SI.labels
999000124,685,725,article999000124.task1-SI.labels
999000124,1228,1280,article999000124.task1-SI.labels
776345502,374,513,article776345502.task1-SI.labels
776345502,1551,1569,article776345502.task1-SI.labels
776345502,1723,1748,article776345502.task1-SI.labels
776345502,3002,3053,article776345502.task1-SI.labels
776345502,3733,3744,article776345502.task1-SI.labels
776345502,3979,4158,article776345502.task1-SI.labels
776345502,53,119,article776345502.task1-SI.labels
776345502,661,727,article776345502.task1-SI.labels
776345502,1575,1649,article776345502.task1-SI.labels
776345502,3780,3855,article776345502.task1-SI.labels
776345502,520,534,article776345502.task1-SI.labels
776345502,333,358,article776345502.task1-SI.labels
776345502,1434,1509,article776345502.task1-SI.labels
776345502,2843,2866,article776345502.task1-SI.labels
776345502,3612,3630,article776345502.task1-SI.labels
776345502,3911,3965,article776345502.task1-SI.labels
776345502,4002,4035,article776345502.task1-SI.labels
776345502,4095,4115,article776345502.task1-SI.labels
776345502,4131,4145,article776345502.task1-SI.labels
776345502,1299,1432,article776345502.task1-SI.labels
730389374,1684,1706,article730389374.task1-SI.labels
730389374,1801,1821,article730389374.task1-SI.labels
730389374,3517,3611,article730389374.task1-SI.labels
730389374,1530,1634,article730389374.task1-SI.labels
730389374,2955,2970,article730389374.task1-SI.labels
730389374,3239,3255,article730389374.task1-SI.labels
730389374,4016,4053,article730389374.task1-SI.labels
730389374,4439,4598,article730389374.task1-SI.labels
730389374,4400,4438,article730389374.task1-SI.labels
730389374,4599,4659,article730389374.task1-SI.labels
721710340,4286,4299,article721710340.task1-SI.labels
721710340,3416,3671,article721710340.task1-SI.labels
721710340,3879,4010,article721710340.task1-SI.labels
721710340,4259,4277,article721710340.task1-SI.labels
721710340,4305,4350,article721710340.task1-SI.labels
704591553,238,265,article704591553.task1-SI.labels
704591553,1999,2059,article704591553.task1-SI.labels
704591553,2802,2816,article704591553.task1-SI.labels
704591553,71,103,article704591553.task1-SI.labels
704591553,278,285,article704591553.task1-SI.labels
704591553,933,954,article704591553.task1-SI.labels
704591553,1016,1029,article704591553.task1-SI.labels
704591553,1125,1141,article704591553.task1-SI.labels
704591553,1280,1292,article704591553.task1-SI.labels
704591553,1805,1832,article704591553.task1-SI.labels
704591553,2180,2228,article704591553.task1-SI.labels
704591553,2765,2780,article704591553.task1-SI.labels
704591553,3153,3163,article704591553.task1-SI.labels
704591553,3827,3881,article704591553.task1-SI.labels
704591553,3883,3911,article704591553.task1-SI.labels
704591553,4058,4124,article704591553.task1-SI.labels
704591553,4454,4480,article704591553.task1-SI.labels
704591553,4493,4508,article704591553.task1-SI.labels
704591553,4965,5082,article704591553.task1-SI.labels
704591553,697,822,article704591553.task1-SI.labels
704591553,1696,1718,article704591553.task1-SI.labels
704591553,1868,1883,article704591553.task1-SI.labels
704591553,3221,3359,article704591553.task1-SI.labels
704591553,4398,4405,article704591553.task1-SI.labels
766942310,545,564,article766942310.task1-SI.labels
766942310,569,577,article766942310.task1-SI.labels
766942310,1823,1829,article766942310.task1-SI.labels
766942310,2081,2125,article766942310.task1-SI.labels
766942310,4373,4388,article766942310.task1-SI.labels
766942310,1797,1806,article766942310.task1-SI.labels
766942310,85,94,article766942310.task1-SI.labels
766942310,345,363,article766942310.task1-SI.labels
766942310,374,384,article766942310.task1-SI.labels
766942310,621,635,article766942310.task1-SI.labels
766942310,1234,1242,article766942310.task1-SI.labels
766942310,1385,1393,article766942310.task1-SI.labels
766942310,1410,1426,article766942310.task1-SI.labels
766942310,1581,1611,article766942310.task1-SI.labels
766942310,1439,1453,article766942310.task1-SI.labels
766942310,1724,1739,article766942310.task1-SI.labels
766942310,1776,1785,article766942310.task1-SI.labels
766942310,1838,1849,article766942310.task1-SI.labels
766942310,1932,1939,article766942310.task1-SI.labels
766942310,2061,2068,article766942310.task1-SI.labels
766942310,2161,2165,article766942310.task1-SI.labels
766942310,2130,2159,article766942310.task1-SI.labels
766942310,2881,2899,article766942310.task1-SI.labels
766942310,3330,3348,article766942310.task1-SI.labels
766942310,3845,3862,article766942310.task1-SI.labels
766942310,3864,3874,article766942310.task1-SI.labels
766942310,3888,3892,article766942310.task1-SI.labels
766942310,3960,3976,article766942310.task1-SI.labels
766942310,4188,4205,article766942310.task1-SI.labels
766942310,757,775,article766942310.task1-SI.labels
766942310,1712,1720,article766942310.task1-SI.labels
999001188,1888,1901,article999001188.task1-SI.labels
999001188,30,63,article999001188.task1-SI.labels
999001188,90,123,article999001188.task1-SI.labels
999001188,384,403,article999001188.task1-SI.labels
999001188,735,779,article999001188.task1-SI.labels
999001188,1374,1408,article999001188.task1-SI.labels
999001188,1463,1474,article999001188.task1-SI.labels
780787440,822,856,article780787440.task1-SI.labels
780787440,2059,2073,article780787440.task1-SI.labels
780787440,473,497,article780787440.task1-SI.labels
780787440,2110,2395,article780787440.task1-SI.labels
780787440,3090,3262,article780787440.task1-SI.labels
780787440,379,414,article780787440.task1-SI.labels
780787440,516,541,article780787440.task1-SI.labels
780787440,1153,1404,article780787440.task1-SI.labels
780787440,1703,1809,article780787440.task1-SI.labels
780787440,1845,1910,article780787440.task1-SI.labels
780787440,2439,2522,article780787440.task1-SI.labels
780787440,2951,3087,article780787440.task1-SI.labels
780787440,3501,3507,article780787440.task1-SI.labels
780787440,3740,4317,article780787440.task1-SI.labels
781847297,419,485,article781847297.task1-SI.labels
781847297,835,850,article781847297.task1-SI.labels
781847297,205,224,article781847297.task1-SI.labels
781847297,1057,1075,article781847297.task1-SI.labels
781847297,1659,1675,article781847297.task1-SI.labels
781847297,1502,1520,article781847297.task1-SI.labels
781847297,82,116,article781847297.task1-SI.labels
781847297,313,416,article781847297.task1-SI.labels
781847297,639,670,article781847297.task1-SI.labels
781847297,1408,1426,article781847297.task1-SI.labels
781847297,1652,1656,article781847297.task1-SI.labels
999000147,219,233,article999000147.task1-SI.labels
999000147,3231,3324,article999000147.task1-SI.labels
999000147,2559,2678,article999000147.task1-SI.labels
999000147,2681,2918,article999000147.task1-SI.labels
999000147,701,709,article999000147.task1-SI.labels
776535164,485,500,article776535164.task1-SI.labels
776535164,1688,1700,article776535164.task1-SI.labels
776535164,16,32,article776535164.task1-SI.labels
727869189,1955,1994,article727869189.task1-SI.labels
727869189,2355,2379,article727869189.task1-SI.labels
727869189,5091,5216,article727869189.task1-SI.labels
727869189,1136,1167,article727869189.task1-SI.labels
727869189,1708,1771,article727869189.task1-SI.labels
727869189,2622,2641,article727869189.task1-SI.labels
727869189,4033,4049,article727869189.task1-SI.labels
727869189,4544,4615,article727869189.task1-SI.labels
727869189,4933,4956,article727869189.task1-SI.labels
727869189,2172,2334,article727869189.task1-SI.labels
727869189,4332,4473,article727869189.task1-SI.labels
727869189,5557,5773,article727869189.task1-SI.labels
700551604,5659,5818,article700551604.task1-SI.labels
700551604,1881,2028,article700551604.task1-SI.labels
700551604,2735,2776,article700551604.task1-SI.labels
700551604,3068,3179,article700551604.task1-SI.labels
700551604,3209,3232,article700551604.task1-SI.labels
700551604,3383,3403,article700551604.task1-SI.labels
700551604,5322,5341,article700551604.task1-SI.labels
700551604,6897,6915,article700551604.task1-SI.labels
700551604,1657,1686,article700551604.task1-SI.labels
700551604,2034,2149,article700551604.task1-SI.labels
700551604,2566,2610,article700551604.task1-SI.labels
700551604,2830,2880,article700551604.task1-SI.labels
700551604,2894,2954,article700551604.task1-SI.labels
700551604,3326,3364,article700551604.task1-SI.labels
700551604,4462,4524,article700551604.task1-SI.labels
700551604,4686,4698,article700551604.task1-SI.labels
700551604,5977,6095,article700551604.task1-SI.labels
700551604,7425,7512,article700551604.task1-SI.labels
700551604,7547,7629,article700551604.task1-SI.labels
700551604,7694,7798,article700551604.task1-SI.labels
700551604,8615,8671,article700551604.task1-SI.labels
700551604,8924,8977,article700551604.task1-SI.labels
700551604,9219,9324,article700551604.task1-SI.labels
700551604,3698,3735,article700551604.task1-SI.labels
700551604,5343,5410,article700551604.task1-SI.labels
735090638,2486,2532,article735090638.task1-SI.labels
735090638,122,142,article735090638.task1-SI.labels
735090638,893,970,article735090638.task1-SI.labels
735090638,1087,1168,article735090638.task1-SI.labels
735090638,1877,1887,article735090638.task1-SI.labels
735090638,2415,2466,article735090638.task1-SI.labels
735090638,256,269,article735090638.task1-SI.labels
735090638,2138,2169,article735090638.task1-SI.labels
776368676,314,343,article776368676.task1-SI.labels
776368676,378,385,article776368676.task1-SI.labels
776368676,424,457,article776368676.task1-SI.labels
776368676,664,738,article776368676.task1-SI.labels
776368676,998,1078,article776368676.task1-SI.labels
776368676,386,408,article776368676.task1-SI.labels
776368676,571,623,article776368676.task1-SI.labels
776368676,828,957,article776368676.task1-SI.labels
776368676,974,992,article776368676.task1-SI.labels
776368676,45,66,article776368676.task1-SI.labels
776368676,67,70,article776368676.task1-SI.labels
776368676,276,297,article776368676.task1-SI.labels
776368676,542,559,article776368676.task1-SI.labels
776368676,640,658,article776368676.task1-SI.labels
776368676,1164,1176,article776368676.task1-SI.labels
776368676,1461,1494,article776368676.task1-SI.labels
776368676,1596,1633,article776368676.task1-SI.labels
776368676,2017,2033,article776368676.task1-SI.labels
776368676,2050,2074,article776368676.task1-SI.labels
776368676,2085,2118,article776368676.task1-SI.labels
776368676,2132,2147,article776368676.task1-SI.labels
776368676,2164,2174,article776368676.task1-SI.labels
776368676,2178,2210,article776368676.task1-SI.labels
776368676,3795,3820,article776368676.task1-SI.labels
111111115,658,700,article111111115.task1-SI.labels
111111115,1870,1893,article111111115.task1-SI.labels
111111115,1655,1745,article111111115.task1-SI.labels
111111115,2389,2418,article111111115.task1-SI.labels
735265649,1865,2088,article735265649.task1-SI.labels
735265649,169,177,article735265649.task1-SI.labels
735265649,905,915,article735265649.task1-SI.labels
735265649,1169,1383,article735265649.task1-SI.labels
735265649,1385,1536,article735265649.task1-SI.labels
735265649,1538,1599,article735265649.task1-SI.labels
795079843,2185,2199,article795079843.task1-SI.labels
795079843,105,114,article795079843.task1-SI.labels
795079843,575,579,article795079843.task1-SI.labels
795079843,700,706,article795079843.task1-SI.labels
795079843,1462,1498,article795079843.task1-SI.labels
795079843,3165,3173,article795079843.task1-SI.labels
752287274,327,341,article752287274.task1-SI.labels
752287274,1508,1566,article752287274.task1-SI.labels
752287274,1569,1590,article752287274.task1-SI.labels
752287274,0,34,article752287274.task1-SI.labels
752287274,1488,1494,article752287274.task1-SI.labels
752287274,1833,1884,article752287274.task1-SI.labels
752287274,2818,2838,article752287274.task1-SI.labels
752287274,5207,5218,article752287274.task1-SI.labels
752287274,5865,6089,article752287274.task1-SI.labels
752287274,6563,6604,article752287274.task1-SI.labels
752287274,6882,6904,article752287274.task1-SI.labels
752287274,7141,7216,article752287274.task1-SI.labels
752287274,7512,7547,article752287274.task1-SI.labels
752287274,7552,7607,article752287274.task1-SI.labels
752287274,1938,2026,article752287274.task1-SI.labels
752287274,3360,3385,article752287274.task1-SI.labels
752287274,6619,6636,article752287274.task1-SI.labels
752287274,6798,6835,article752287274.task1-SI.labels
765029945,1412,1423,article765029945.task1-SI.labels
765029945,1618,1642,article765029945.task1-SI.labels
765029945,334,400,article765029945.task1-SI.labels
765029945,424,470,article765029945.task1-SI.labels
765029945,677,687,article765029945.task1-SI.labels
765029945,746,765,article765029945.task1-SI.labels
765029945,251,329,article765029945.task1-SI.labels
765029945,1114,1129,article765029945.task1-SI.labels
765029945,1326,1339,article765029945.task1-SI.labels
765029945,1502,1561,article765029945.task1-SI.labels
765029945,1643,1650,article765029945.task1-SI.labels
765029945,1590,1603,article765029945.task1-SI.labels
765029945,873,877,article765029945.task1-SI.labels
765029945,951,955,article765029945.task1-SI.labels
765029945,1043,1047,article765029945.task1-SI.labels
765029945,1375,1379,article765029945.task1-SI.labels
777488669,8420,8479,article777488669.task1-SI.labels
777488669,17648,17724,article777488669.task1-SI.labels
777488669,111,184,article777488669.task1-SI.labels
777488669,1372,1390,article777488669.task1-SI.labels
777488669,2625,2698,article777488669.task1-SI.labels
777488669,7981,8009,article777488669.task1-SI.labels
777488669,13629,13645,article777488669.task1-SI.labels
777488669,13779,13797,article777488669.task1-SI.labels
777488669,13460,13476,article777488669.task1-SI.labels
777488669,21934,21955,article777488669.task1-SI.labels
777488669,278,389,article777488669.task1-SI.labels
777488669,503,527,article777488669.task1-SI.labels
777488669,694,833,article777488669.task1-SI.labels
777488669,1113,1127,article777488669.task1-SI.labels
777488669,1151,1162,article777488669.task1-SI.labels
777488669,1234,1245,article777488669.task1-SI.labels
777488669,1750,1759,article777488669.task1-SI.labels
777488669,2379,2485,article777488669.task1-SI.labels
777488669,3108,3118,article777488669.task1-SI.labels
777488669,4583,4947,article777488669.task1-SI.labels
777488669,6374,6406,article777488669.task1-SI.labels
777488669,6788,6827,article777488669.task1-SI.labels
777488669,6922,6961,article777488669.task1-SI.labels
777488669,7592,7621,article777488669.task1-SI.labels
777488669,8903,8976,article777488669.task1-SI.labels
777488669,9024,9133,article777488669.task1-SI.labels
777488669,9590,9606,article777488669.task1-SI.labels
777488669,9651,9660,article777488669.task1-SI.labels
777488669,9849,9867,article777488669.task1-SI.labels
777488669,10681,10700,article777488669.task1-SI.labels
777488669,10554,10580,article777488669.task1-SI.labels
777488669,10582,10639,article777488669.task1-SI.labels
777488669,10733,10815,article777488669.task1-SI.labels
777488669,11201,11245,article777488669.task1-SI.labels
777488669,11262,11280,article777488669.task1-SI.labels
777488669,12262,12282,article777488669.task1-SI.labels
777488669,12413,12427,article777488669.task1-SI.labels
777488669,12557,12573,article777488669.task1-SI.labels
777488669,12887,12920,article777488669.task1-SI.labels
777488669,12952,12974,article777488669.task1-SI.labels
777488669,13570,13592,article777488669.task1-SI.labels
777488669,14593,14726,article777488669.task1-SI.labels
777488669,14771,14890,article777488669.task1-SI.labels
777488669,14892,15109,article777488669.task1-SI.labels
777488669,15401,15484,article777488669.task1-SI.labels
777488669,15655,15688,article777488669.task1-SI.labels
777488669,15722,15748,article777488669.task1-SI.labels
777488669,15762,15781,article777488669.task1-SI.labels
777488669,15843,15905,article777488669.task1-SI.labels
777488669,15990,16052,article777488669.task1-SI.labels
777488669,16281,16322,article777488669.task1-SI.labels
777488669,16567,16576,article777488669.task1-SI.labels
777488669,16590,16658,article777488669.task1-SI.labels
777488669,16977,17007,article777488669.task1-SI.labels
777488669,17289,17340,article777488669.task1-SI.labels
777488669,17465,17488,article777488669.task1-SI.labels
777488669,17543,17581,article777488669.task1-SI.labels
777488669,18269,18309,article777488669.task1-SI.labels
777488669,18451,18671,article777488669.task1-SI.labels
777488669,19644,19717,article777488669.task1-SI.labels
777488669,19871,19878,article777488669.task1-SI.labels
777488669,19920,19936,article777488669.task1-SI.labels
777488669,20377,20446,article777488669.task1-SI.labels
777488669,20595,20629,article777488669.task1-SI.labels
777488669,20485,20533,article777488669.task1-SI.labels
777488669,21752,21843,article777488669.task1-SI.labels
777488669,22330,22358,article777488669.task1-SI.labels
777488669,22360,22575,article777488669.task1-SI.labels
777488669,9166,9295,article777488669.task1-SI.labels
777488669,10056,10226,article777488669.task1-SI.labels
769962236,0,9,article769962236.task1-SI.labels
769962236,32,47,article769962236.task1-SI.labels
769962236,80,89,article769962236.task1-SI.labels
769962236,94,101,article769962236.task1-SI.labels
769962236,139,143,article769962236.task1-SI.labels
769962236,163,168,article769962236.task1-SI.labels
769962236,169,177,article769962236.task1-SI.labels
769962236,207,212,article769962236.task1-SI.labels
769962236,222,239,article769962236.task1-SI.labels
769962236,241,244,article769962236.task1-SI.labels
769962236,1033,1074,article769962236.task1-SI.labels
769962236,1760,1771,article769962236.task1-SI.labels
769962236,1857,1864,article769962236.task1-SI.labels
769962236,2200,2223,article769962236.task1-SI.labels
769962236,2634,2637,article769962236.task1-SI.labels
769962236,2921,2934,article769962236.task1-SI.labels
769962236,2964,2977,article769962236.task1-SI.labels
769962236,3260,3278,article769962236.task1-SI.labels
769962236,3903,3912,article769962236.task1-SI.labels
769962236,3917,3921,article769962236.task1-SI.labels
727493378,563,822,article727493378.task1-SI.labels
727493378,1272,1285,article727493378.task1-SI.labels
727493378,493,502,article727493378.task1-SI.labels
727493378,1769,1866,article727493378.task1-SI.labels
727493378,1943,1995,article727493378.task1-SI.labels
727493378,1997,2265,article727493378.task1-SI.labels
727493378,3072,3149,article727493378.task1-SI.labels
732708002,3040,3055,article732708002.task1-SI.labels
732708002,3646,3662,article732708002.task1-SI.labels
732708002,3716,3750,article732708002.task1-SI.labels
732708002,4228,4263,article732708002.task1-SI.labels
732708002,5483,5517,article732708002.task1-SI.labels
732708002,5204,5211,article732708002.task1-SI.labels
732708002,5519,5604,article732708002.task1-SI.labels
766632016,114,247,article766632016.task1-SI.labels
766632016,3742,3775,article766632016.task1-SI.labels
766632016,3858,4015,article766632016.task1-SI.labels
766632016,486,515,article766632016.task1-SI.labels
766632016,4462,4596,article766632016.task1-SI.labels
766632016,3586,3670,article766632016.task1-SI.labels
766632016,5319,5340,article766632016.task1-SI.labels
766632016,3475,3482,article766632016.task1-SI.labels
766632016,3695,3702,article766632016.task1-SI.labels
766632016,3655,3670,article766632016.task1-SI.labels
766632016,4062,4076,article766632016.task1-SI.labels
766632016,3796,3808,article766632016.task1-SI.labels
766632016,2640,2674,article766632016.task1-SI.labels
766632016,4196,4208,article766632016.task1-SI.labels
766632016,4238,4248,article766632016.task1-SI.labels
766632016,4253,4264,article766632016.task1-SI.labels
766632016,4332,4343,article766632016.task1-SI.labels
766632016,4431,4441,article766632016.task1-SI.labels
766632016,4626,4653,article766632016.task1-SI.labels
766632016,4655,4754,article766632016.task1-SI.labels
766632016,4756,4842,article766632016.task1-SI.labels
766632016,4859,4871,article766632016.task1-SI.labels
766632016,4894,4905,article766632016.task1-SI.labels
766632016,5109,5144,article766632016.task1-SI.labels
766632016,5569,5583,article766632016.task1-SI.labels
766632016,5863,5872,article766632016.task1-SI.labels
766632016,4972,4983,article766632016.task1-SI.labels
766632016,1925,1969,article766632016.task1-SI.labels
766632016,455,470,article766632016.task1-SI.labels
766632016,564,590,article766632016.task1-SI.labels
766632016,1679,1711,article766632016.task1-SI.labels
766632016,2584,2601,article766632016.task1-SI.labels
766632016,3535,3553,article766632016.task1-SI.labels
766632016,5425,5456,article766632016.task1-SI.labels
766632016,2060,2180,article766632016.task1-SI.labels
766632016,249,366,article766632016.task1-SI.labels
766632016,1294,1402,article766632016.task1-SI.labels
766632016,4091,4184,article766632016.task1-SI.labels
766632016,5602,5736,article766632016.task1-SI.labels
766632016,5743,5861,article766632016.task1-SI.labels
774007496,3008,3022,article774007496.task1-SI.labels
774007496,493,528,article774007496.task1-SI.labels
774007496,1756,1770,article774007496.task1-SI.labels
774007496,2500,2512,article774007496.task1-SI.labels
774007496,2602,2614,article774007496.task1-SI.labels
774007496,478,491,article774007496.task1-SI.labels
774007496,1498,1517,article774007496.task1-SI.labels
774007496,1857,1870,article774007496.task1-SI.labels
774007496,1895,1918,article774007496.task1-SI.labels
774007496,2161,2169,article774007496.task1-SI.labels
774007496,2242,2254,article774007496.task1-SI.labels
774007496,1017,1031,article774007496.task1-SI.labels
774007496,1538,1543,article774007496.task1-SI.labels
774007496,1640,1667,article774007496.task1-SI.labels
774007496,3289,3293,article774007496.task1-SI.labels
774007496,3295,3336,article774007496.task1-SI.labels
774007496,2062,2076,article774007496.task1-SI.labels
774007496,2385,2399,article774007496.task1-SI.labels
774007496,2833,2847,article774007496.task1-SI.labels
999000870,3812,3831,article999000870.task1-SI.labels
770877978,1000,1018,article770877978.task1-SI.labels
770877978,1020,1067,article770877978.task1-SI.labels
770877978,3117,3146,article770877978.task1-SI.labels
770877978,3244,3292,article770877978.task1-SI.labels
762160164,522,532,article762160164.task1-SI.labels
762160164,595,618,article762160164.task1-SI.labels
762160164,2414,2435,article762160164.task1-SI.labels
762160164,2470,2493,article762160164.task1-SI.labels
762160164,2572,2581,article762160164.task1-SI.labels
762160164,3115,3122,article762160164.task1-SI.labels
762160164,3164,3171,article762160164.task1-SI.labels
762160164,3185,3194,article762160164.task1-SI.labels
762160164,1540,1543,article762160164.task1-SI.labels
762160164,2520,2529,article762160164.task1-SI.labels
757171650,955,1003,article757171650.task1-SI.labels
757171650,50,80,article757171650.task1-SI.labels
757171650,176,194,article757171650.task1-SI.labels
757171650,788,806,article757171650.task1-SI.labels
697444415,512,539,article697444415.task1-SI.labels
697444415,1471,1596,article697444415.task1-SI.labels
697444415,2815,2860,article697444415.task1-SI.labels
697444415,2959,3022,article697444415.task1-SI.labels
727128296,2296,2312,article727128296.task1-SI.labels
699291100,640,646,article699291100.task1-SI.labels
699291100,15,25,article699291100.task1-SI.labels
699291100,3420,3430,article699291100.task1-SI.labels
699291100,3829,3839,article699291100.task1-SI.labels
699291100,4424,4434,article699291100.task1-SI.labels
699291100,4836,4846,article699291100.task1-SI.labels
699291100,4985,4992,article699291100.task1-SI.labels
699291100,200,218,article699291100.task1-SI.labels
699291100,4816,4830,article699291100.task1-SI.labels
787955075,2145,2414,article787955075.task1-SI.labels
787955075,2097,2131,article787955075.task1-SI.labels
787955075,2557,2582,article787955075.task1-SI.labels
787955075,108,116,article787955075.task1-SI.labels
787955075,281,302,article787955075.task1-SI.labels
787529309,70,87,article787529309.task1-SI.labels
787529309,288,319,article787529309.task1-SI.labels
787529309,924,960,article787529309.task1-SI.labels
787529309,2405,2430,article787529309.task1-SI.labels
787529309,2694,2708,article787529309.task1-SI.labels
787529309,3158,3173,article787529309.task1-SI.labels
787529309,8200,8310,article787529309.task1-SI.labels
787529309,8337,8365,article787529309.task1-SI.labels
787529309,8567,8585,article787529309.task1-SI.labels
787529309,8686,8710,article787529309.task1-SI.labels
787529309,9303,9384,article787529309.task1-SI.labels
787529309,9661,9697,article787529309.task1-SI.labels
787529309,16,39,article787529309.task1-SI.labels
787529309,5159,5195,article787529309.task1-SI.labels
787529309,323,346,article787529309.task1-SI.labels
787529309,2338,2356,article787529309.task1-SI.labels
787529309,5394,5414,article787529309.task1-SI.labels
787529309,6056,6347,article787529309.task1-SI.labels
787529309,6678,6784,article787529309.task1-SI.labels
787529309,7626,7677,article787529309.task1-SI.labels
787529309,7814,7853,article787529309.task1-SI.labels
787529309,2871,2876,article787529309.task1-SI.labels
787529309,9173,9282,article787529309.task1-SI.labels
761334950,726,736,article761334950.task1-SI.labels
761334950,1154,1164,article761334950.task1-SI.labels
761334950,2207,2221,article761334950.task1-SI.labels
761334950,2343,2353,article761334950.task1-SI.labels
761334950,2899,2916,article761334950.task1-SI.labels
761334950,5837,5872,article761334950.task1-SI.labels
761334950,14078,14088,article761334950.task1-SI.labels
761334950,14144,14156,article761334950.task1-SI.labels
761334950,15508,15534,article761334950.task1-SI.labels
761334950,16086,16116,article761334950.task1-SI.labels
761334950,1306,1325,article761334950.task1-SI.labels
761334950,16377,16385,article761334950.task1-SI.labels
761334950,17133,17143,article761334950.task1-SI.labels
761334950,21111,21119,article761334950.task1-SI.labels
695833178,1992,2104,article695833178.task1-SI.labels
695833178,364,405,article695833178.task1-SI.labels
695833178,546,624,article695833178.task1-SI.labels
695833178,2420,2438,article695833178.task1-SI.labels
695833178,76,102,article695833178.task1-SI.labels
695833178,1040,1093,article695833178.task1-SI.labels
695833178,837,954,article695833178.task1-SI.labels
695833178,2510,2570,article695833178.task1-SI.labels
788173482,1025,1088,article788173482.task1-SI.labels
788173482,2140,2188,article788173482.task1-SI.labels
788173482,5113,5130,article788173482.task1-SI.labels
788173482,5731,5754,article788173482.task1-SI.labels
788173482,7619,7636,article788173482.task1-SI.labels
788173482,1780,1794,article788173482.task1-SI.labels
788173482,3326,3349,article788173482.task1-SI.labels
788173482,5333,5484,article788173482.task1-SI.labels
788173482,9,32,article788173482.task1-SI.labels
788173482,500,510,article788173482.task1-SI.labels
788173482,534,586,article788173482.task1-SI.labels
788173482,780,818,article788173482.task1-SI.labels
788173482,1177,1197,article788173482.task1-SI.labels
788173482,1269,1295,article788173482.task1-SI.labels
788173482,1371,1403,article788173482.task1-SI.labels
788173482,1507,1533,article788173482.task1-SI.labels
788173482,1605,1702,article788173482.task1-SI.labels
788173482,1827,1842,article788173482.task1-SI.labels
788173482,2048,2078,article788173482.task1-SI.labels
788173482,2228,2280,article788173482.task1-SI.labels
788173482,2356,2376,article788173482.task1-SI.labels
788173482,2498,2523,article788173482.task1-SI.labels
788173482,2944,3003,article788173482.task1-SI.labels
788173482,3160,3177,article788173482.task1-SI.labels
788173482,3402,3435,article788173482.task1-SI.labels
788173482,2308,2345,article788173482.task1-SI.labels
788173482,4460,4480,article788173482.task1-SI.labels
788173482,4610,4684,article788173482.task1-SI.labels
788173482,4846,4900,article788173482.task1-SI.labels
788173482,4926,4960,article788173482.task1-SI.labels
788173482,7906,7917,article788173482.task1-SI.labels
788173482,7846,7852,article788173482.task1-SI.labels
788173482,7970,8005,article788173482.task1-SI.labels
788173482,598,655,article788173482.task1-SI.labels
781577820,470,494,article781577820.task1-SI.labels
781577820,554,561,article781577820.task1-SI.labels
781577820,731,741,article781577820.task1-SI.labels
781577820,14,25,article781577820.task1-SI.labels
781577820,1642,1679,article781577820.task1-SI.labels
781577820,163,190,article781577820.task1-SI.labels
781577820,215,246,article781577820.task1-SI.labels
781577820,274,302,article781577820.task1-SI.labels
781577820,589,661,article781577820.task1-SI.labels
781577820,968,1028,article781577820.task1-SI.labels
781577820,1476,1608,article781577820.task1-SI.labels
781577820,1031,1218,article781577820.task1-SI.labels
762206044,2378,2397,article762206044.task1-SI.labels
762206044,2791,2808,article762206044.task1-SI.labels
762206044,4136,4157,article762206044.task1-SI.labels
762206044,7183,7194,article762206044.task1-SI.labels
762206044,9251,9263,article762206044.task1-SI.labels
762206044,7945,8168,article762206044.task1-SI.labels
762206044,35,48,article762206044.task1-SI.labels
762206044,62,105,article762206044.task1-SI.labels
762206044,246,287,article762206044.task1-SI.labels
762206044,291,304,article762206044.task1-SI.labels
762206044,1864,1879,article762206044.task1-SI.labels
762206044,1947,1972,article762206044.task1-SI.labels
762206044,2107,2120,article762206044.task1-SI.labels
762206044,3175,3197,article762206044.task1-SI.labels
762206044,4046,4083,article762206044.task1-SI.labels
762206044,4330,4352,article762206044.task1-SI.labels
762206044,5051,5127,article762206044.task1-SI.labels
762206044,6682,6692,article762206044.task1-SI.labels
762206044,7412,7426,article762206044.task1-SI.labels
762206044,9136,9185,article762206044.task1-SI.labels
762206044,10685,10700,article762206044.task1-SI.labels
771879020,1714,1740,article771879020.task1-SI.labels
771879020,6650,6680,article771879020.task1-SI.labels
771879020,6710,6733,article771879020.task1-SI.labels
771879020,7546,7582,article771879020.task1-SI.labels
771879020,5318,5336,article771879020.task1-SI.labels
771879020,249,266,article771879020.task1-SI.labels
771879020,1647,1711,article771879020.task1-SI.labels
771879020,1987,1999,article771879020.task1-SI.labels
771879020,2377,2445,article771879020.task1-SI.labels
771879020,3195,3224,article771879020.task1-SI.labels
771879020,3857,3958,article771879020.task1-SI.labels
771879020,6516,6608,article771879020.task1-SI.labels
771879020,6800,6820,article771879020.task1-SI.labels
771879020,7354,7361,article771879020.task1-SI.labels
771879020,7367,7413,article771879020.task1-SI.labels
771879020,7416,7497,article771879020.task1-SI.labels
771879020,8091,8213,article771879020.task1-SI.labels
771879020,8216,8269,article771879020.task1-SI.labels
771879020,108,198,article771879020.task1-SI.labels
771879020,4547,4614,article771879020.task1-SI.labels
727405181,193,210,article727405181.task1-SI.labels
761874505,2312,2388,article761874505.task1-SI.labels
761874505,1831,1872,article761874505.task1-SI.labels
761874505,1905,1976,article761874505.task1-SI.labels
761874505,2725,2782,article761874505.task1-SI.labels
761874505,2858,2862,article761874505.task1-SI.labels
761874505,2921,2937,article761874505.task1-SI.labels
771655795,0,35,article771655795.task1-SI.labels
771655795,71,115,article771655795.task1-SI.labels
771655795,123,258,article771655795.task1-SI.labels
771655795,260,382,article771655795.task1-SI.labels
771655795,453,498,article771655795.task1-SI.labels
771655795,1045,1073,article771655795.task1-SI.labels
771655795,1090,1206,article771655795.task1-SI.labels
771655795,1564,1678,article771655795.task1-SI.labels
771655795,2164,2190,article771655795.task1-SI.labels
771655795,1780,1944,article771655795.task1-SI.labels
771655795,3044,3073,article771655795.task1-SI.labels
771655795,3706,3807,article771655795.task1-SI.labels
771655795,1689,1718,article771655795.task1-SI.labels
729561658,754,778,article729561658.task1-SI.labels
729561658,809,833,article729561658.task1-SI.labels
729561658,1007,1052,article729561658.task1-SI.labels
729561658,1494,1738,article729561658.task1-SI.labels
729561658,39,89,article729561658.task1-SI.labels
729561658,251,312,article729561658.task1-SI.labels
769962328,2213,2316,article769962328.task1-SI.labels
769962328,3274,3311,article769962328.task1-SI.labels
769962328,4074,4086,article769962328.task1-SI.labels
769962328,1756,1825,article769962328.task1-SI.labels
769962328,3749,3790,article769962328.task1-SI.labels
769962328,4088,4269,article769962328.task1-SI.labels
769962328,334,599,article769962328.task1-SI.labels
769962328,1336,1357,article769962328.task1-SI.labels
769962328,1978,2012,article769962328.task1-SI.labels
769962328,2086,2195,article769962328.task1-SI.labels
769962328,2338,2369,article769962328.task1-SI.labels
769962328,2666,2695,article769962328.task1-SI.labels
769962328,3160,3223,article769962328.task1-SI.labels
769962328,3110,3157,article769962328.task1-SI.labels
769962328,3566,3594,article769962328.task1-SI.labels
769962328,3663,3706,article769962328.task1-SI.labels
769962328,3877,3901,article769962328.task1-SI.labels
769962328,3985,4063,article769962328.task1-SI.labels
769962328,3323,3431,article769962328.task1-SI.labels
769962328,4290,4332,article769962328.task1-SI.labels
769962328,4559,4593,article769962328.task1-SI.labels
769962328,4650,4767,article769962328.task1-SI.labels
769962328,4805,4932,article769962328.task1-SI.labels
769962328,5059,5103,article769962328.task1-SI.labels
769962328,5150,5259,article769962328.task1-SI.labels
769962328,5348,5370,article769962328.task1-SI.labels
769962328,5401,5427,article769962328.task1-SI.labels
769962328,5463,5493,article769962328.task1-SI.labels
769962328,6050,6080,article769962328.task1-SI.labels
769962328,6086,6118,article769962328.task1-SI.labels
769962328,5946,5975,article769962328.task1-SI.labels
769962328,6310,6391,article769962328.task1-SI.labels
769962328,6411,6428,article769962328.task1-SI.labels
769962328,3596,3661,article769962328.task1-SI.labels
769962328,5608,5821,article769962328.task1-SI.labels
727736557,2840,2884,article727736557.task1-SI.labels
727736557,4511,4544,article727736557.task1-SI.labels
727736557,85,94,article727736557.task1-SI.labels
727736557,650,669,article727736557.task1-SI.labels
727736557,983,1001,article727736557.task1-SI.labels
727736557,1203,1347,article727736557.task1-SI.labels
727736557,2226,2239,article727736557.task1-SI.labels
727736557,2351,2382,article727736557.task1-SI.labels
727736557,2429,2447,article727736557.task1-SI.labels
727736557,4018,4068,article727736557.task1-SI.labels
727736557,4574,4602,article727736557.task1-SI.labels
727736557,186,212,article727736557.task1-SI.labels
727736557,305,328,article727736557.task1-SI.labels
727736557,1761,1770,article727736557.task1-SI.labels
727736557,1819,1858,article727736557.task1-SI.labels
727736557,4715,4742,article727736557.task1-SI.labels
727736557,5074,5132,article727736557.task1-SI.labels
755459860,345,352,article755459860.task1-SI.labels
755459860,365,372,article755459860.task1-SI.labels
755459860,652,661,article755459860.task1-SI.labels
755459860,4451,4468,article755459860.task1-SI.labels
755459860,7056,7068,article755459860.task1-SI.labels
755459860,7222,7241,article755459860.task1-SI.labels
755459860,7384,7390,article755459860.task1-SI.labels
755459860,112,119,article755459860.task1-SI.labels
755459860,81,110,article755459860.task1-SI.labels
755459860,772,786,article755459860.task1-SI.labels
755459860,6123,6139,article755459860.task1-SI.labels
755459860,8032,8157,article755459860.task1-SI.labels
786250729,1895,1905,article786250729.task1-SI.labels
786250729,2886,2916,article786250729.task1-SI.labels
786250729,631,649,article786250729.task1-SI.labels
786250729,44,60,article786250729.task1-SI.labels
786250729,1014,1050,article786250729.task1-SI.labels
786250729,1129,1152,article786250729.task1-SI.labels
786250729,1267,1308,article786250729.task1-SI.labels
786250729,1468,1656,article786250729.task1-SI.labels
786250729,1764,1770,article786250729.task1-SI.labels
786250729,2934,2946,article786250729.task1-SI.labels
786250729,3166,3187,article786250729.task1-SI.labels
786250729,3208,3257,article786250729.task1-SI.labels
786250729,121,237,article786250729.task1-SI.labels
730559808,5353,5419,article730559808.task1-SI.labels
730559808,955,993,article730559808.task1-SI.labels
730559808,998,1088,article730559808.task1-SI.labels
730559808,1251,1341,article730559808.task1-SI.labels
730559808,2483,2640,article730559808.task1-SI.labels
730559808,3006,3186,article730559808.task1-SI.labels
730559808,3215,3490,article730559808.task1-SI.labels
730559808,3492,3611,article730559808.task1-SI.labels
730559808,3953,4017,article730559808.task1-SI.labels
730559808,4279,4537,article730559808.task1-SI.labels
730559808,4404,4442,article730559808.task1-SI.labels
730559808,5659,5889,article730559808.task1-SI.labels
730559808,5891,5970,article730559808.task1-SI.labels
758512204,1490,1505,article758512204.task1-SI.labels
758512204,430,468,article758512204.task1-SI.labels
758512204,513,567,article758512204.task1-SI.labels
758512204,1971,1982,article758512204.task1-SI.labels
758512204,2441,2458,article758512204.task1-SI.labels
758512204,5043,5076,article758512204.task1-SI.labels
758512204,5223,5239,article758512204.task1-SI.labels
758512204,5078,5131,article758512204.task1-SI.labels
758512204,264,276,article758512204.task1-SI.labels
758512204,280,343,article758512204.task1-SI.labels
758512204,631,649,article758512204.task1-SI.labels
758512204,655,675,article758512204.task1-SI.labels
758512204,1450,1470,article758512204.task1-SI.labels
758512204,1947,1964,article758512204.task1-SI.labels
758512204,2003,2036,article758512204.task1-SI.labels
758512204,2461,2486,article758512204.task1-SI.labels
758512204,5157,5178,article758512204.task1-SI.labels
754179642,214,263,article754179642.task1-SI.labels
754179642,1928,1966,article754179642.task1-SI.labels
762340819,8,15,article762340819.task1-SI.labels
762340819,17,27,article762340819.task1-SI.labels
762340819,1604,1613,article762340819.task1-SI.labels
762340819,1861,1893,article762340819.task1-SI.labels
762340819,2258,2287,article762340819.task1-SI.labels
762340819,1184,1191,article762340819.task1-SI.labels
762340819,1454,1461,article762340819.task1-SI.labels
762340819,2515,2522,article762340819.task1-SI.labels
762340819,3164,3171,article762340819.task1-SI.labels
762340819,3532,3539,article762340819.task1-SI.labels
762340819,3625,3632,article762340819.task1-SI.labels
762340819,3657,3664,article762340819.task1-SI.labels
762340819,1536,1567,article762340819.task1-SI.labels
762340819,2377,2389,article762340819.task1-SI.labels
762340819,3284,3302,article762340819.task1-SI.labels
762340819,3875,3901,article762340819.task1-SI.labels
762340819,3934,3944,article762340819.task1-SI.labels
762340819,336,346,article762340819.task1-SI.labels
762340819,1763,1782,article762340819.task1-SI.labels
762340819,3568,3579,article762340819.task1-SI.labels
762340819,3581,3588,article762340819.task1-SI.labels
762340819,3590,3599,article762340819.task1-SI.labels
762340819,3902,3914,article762340819.task1-SI.labels
762340819,4639,4650,article762340819.task1-SI.labels
769752554,45,49,article769752554.task1-SI.labels
769752554,153,157,article769752554.task1-SI.labels
769752554,159,183,article769752554.task1-SI.labels
769752554,304,313,article769752554.task1-SI.labels
769752554,392,417,article769752554.task1-SI.labels
769752554,626,637,article769752554.task1-SI.labels
769752554,797,817,article769752554.task1-SI.labels
769752554,906,915,article769752554.task1-SI.labels
769752554,1047,1061,article769752554.task1-SI.labels
769752554,1347,1357,article769752554.task1-SI.labels
769752554,1373,1388,article769752554.task1-SI.labels
769752554,1400,1404,article769752554.task1-SI.labels
769752554,1448,1488,article769752554.task1-SI.labels
769752554,1656,1666,article769752554.task1-SI.labels
769752554,1734,1738,article769752554.task1-SI.labels
769752554,1779,1801,article769752554.task1-SI.labels
769752554,1919,1941,article769752554.task1-SI.labels
769752554,2311,2327,article769752554.task1-SI.labels
773520636,2131,2153,article773520636.task1-SI.labels
773520636,2194,2234,article773520636.task1-SI.labels
773520636,3850,3981,article773520636.task1-SI.labels
773520636,6376,6475,article773520636.task1-SI.labels
773520636,6523,6654,article773520636.task1-SI.labels
773520636,152,169,article773520636.task1-SI.labels
773520636,302,342,article773520636.task1-SI.labels
773520636,46,63,article773520636.task1-SI.labels
773520636,617,726,article773520636.task1-SI.labels
773520636,847,1053,article773520636.task1-SI.labels
773520636,1777,1799,article773520636.task1-SI.labels
773520636,1954,1965,article773520636.task1-SI.labels
773520636,2032,2073,article773520636.task1-SI.labels
773520636,2382,2453,article773520636.task1-SI.labels
773520636,2833,2855,article773520636.task1-SI.labels
773520636,3016,3032,article773520636.task1-SI.labels
773520636,3176,3248,article773520636.task1-SI.labels
773520636,3446,3498,article773520636.task1-SI.labels
773520636,4291,4364,article773520636.task1-SI.labels
773520636,5036,5050,article773520636.task1-SI.labels
773520636,5166,5179,article773520636.task1-SI.labels
773520636,5528,5556,article773520636.task1-SI.labels
773520636,5764,5777,article773520636.task1-SI.labels
773520636,6047,6125,article773520636.task1-SI.labels
773520636,6248,6273,article773520636.task1-SI.labels
773520636,6311,6322,article773520636.task1-SI.labels
773520636,6507,6521,article773520636.task1-SI.labels
773520636,6692,6706,article773520636.task1-SI.labels
773520636,6708,6778,article773520636.task1-SI.labels
773520636,6843,6890,article773520636.task1-SI.labels
773520636,6904,6913,article773520636.task1-SI.labels
773520636,7104,7123,article773520636.task1-SI.labels
773520636,7293,7303,article773520636.task1-SI.labels
773520636,7361,7378,article773520636.task1-SI.labels
773520636,7438,7471,article773520636.task1-SI.labels
773520636,7570,7610,article773520636.task1-SI.labels
773520636,7762,7776,article773520636.task1-SI.labels
773520636,7922,7945,article773520636.task1-SI.labels
773520636,8004,8028,article773520636.task1-SI.labels
773520636,8340,8378,article773520636.task1-SI.labels
773520636,8381,8516,article773520636.task1-SI.labels
773520636,8563,8583,article773520636.task1-SI.labels
773520636,8796,8823,article773520636.task1-SI.labels
773520636,9049,9076,article773520636.task1-SI.labels
773520636,8991,9012,article773520636.task1-SI.labels
773520636,9526,9548,article773520636.task1-SI.labels
773520636,9499,9509,article773520636.task1-SI.labels
773520636,9707,9715,article773520636.task1-SI.labels
773520636,9774,9803,article773520636.task1-SI.labels
773520636,10767,10778,article773520636.task1-SI.labels
773520636,11198,11208,article773520636.task1-SI.labels
773520636,11459,11475,article773520636.task1-SI.labels
773520636,11044,11152,article773520636.task1-SI.labels
773520636,12645,12685,article773520636.task1-SI.labels
773520636,12833,12849,article773520636.task1-SI.labels
773520636,13214,13228,article773520636.task1-SI.labels
773520636,13230,13251,article773520636.task1-SI.labels
773520636,13263,13281,article773520636.task1-SI.labels
773520636,14096,14112,article773520636.task1-SI.labels
773520636,14660,14686,article773520636.task1-SI.labels
773520636,15678,15685,article773520636.task1-SI.labels
773520636,17418,17457,article773520636.task1-SI.labels
773520636,17503,17533,article773520636.task1-SI.labels
773520636,17544,17580,article773520636.task1-SI.labels
773520636,17874,18158,article773520636.task1-SI.labels
773520636,1575,1723,article773520636.task1-SI.labels
773520636,6780,6794,article773520636.task1-SI.labels
773520636,17865,17872,article773520636.task1-SI.labels
999000125,889,994,article999000125.task1-SI.labels
999000125,1444,1478,article999000125.task1-SI.labels
999000125,2183,2466,article999000125.task1-SI.labels
785801366,1622,1644,article785801366.task1-SI.labels
785801366,2830,2853,article785801366.task1-SI.labels
785801366,3939,4427,article785801366.task1-SI.labels
785801366,4563,4568,article785801366.task1-SI.labels
785801366,7108,7131,article785801366.task1-SI.labels
785801366,8174,8192,article785801366.task1-SI.labels
785801366,8212,8241,article785801366.task1-SI.labels
785801366,8977,9022,article785801366.task1-SI.labels
785801366,4570,4710,article785801366.task1-SI.labels
785801366,178,205,article785801366.task1-SI.labels
785801366,234,245,article785801366.task1-SI.labels
785801366,502,525,article785801366.task1-SI.labels
785801366,543,559,article785801366.task1-SI.labels
785801366,756,791,article785801366.task1-SI.labels
785801366,830,869,article785801366.task1-SI.labels
785801366,1532,1545,article785801366.task1-SI.labels
785801366,1683,1868,article785801366.task1-SI.labels
785801366,1919,2050,article785801366.task1-SI.labels
785801366,2078,2107,article785801366.task1-SI.labels
785801366,2158,2185,article785801366.task1-SI.labels
785801366,2267,2291,article785801366.task1-SI.labels
785801366,2441,2468,article785801366.task1-SI.labels
785801366,2470,2703,article785801366.task1-SI.labels
785801366,2595,2605,article785801366.task1-SI.labels
785801366,2609,2661,article785801366.task1-SI.labels
785801366,2757,2775,article785801366.task1-SI.labels
785801366,2855,2941,article785801366.task1-SI.labels
785801366,2978,3024,article785801366.task1-SI.labels
785801366,3332,3371,article785801366.task1-SI.labels
785801366,3435,3609,article785801366.task1-SI.labels
785801366,3636,3662,article785801366.task1-SI.labels
785801366,3738,3760,article785801366.task1-SI.labels
785801366,3716,3725,article785801366.task1-SI.labels
785801366,3828,3837,article785801366.task1-SI.labels
785801366,4966,4999,article785801366.task1-SI.labels
785801366,5275,5286,article785801366.task1-SI.labels
785801366,5645,5658,article785801366.task1-SI.labels
785801366,5765,5772,article785801366.task1-SI.labels
785801366,5990,6001,article785801366.task1-SI.labels
785801366,6434,6461,article785801366.task1-SI.labels
785801366,6549,6588,article785801366.task1-SI.labels
785801366,6717,6726,article785801366.task1-SI.labels
785801366,6629,6655,article785801366.task1-SI.labels
785801366,7162,7179,article785801366.task1-SI.labels
785801366,7501,7576,article785801366.task1-SI.labels
785801366,7600,7632,article785801366.task1-SI.labels
785801366,7722,7773,article785801366.task1-SI.labels
785801366,7812,7832,article785801366.task1-SI.labels
785801366,7892,7927,article785801366.task1-SI.labels
785801366,8385,8432,article785801366.task1-SI.labels
785801366,8736,8753,article785801366.task1-SI.labels
785801366,8780,8788,article785801366.task1-SI.labels
785801366,8823,8862,article785801366.task1-SI.labels
785801366,8892,8912,article785801366.task1-SI.labels
785801366,8926,8950,article785801366.task1-SI.labels
785801366,9054,9078,article785801366.task1-SI.labels
785801366,9082,9102,article785801366.task1-SI.labels
785801366,9122,9129,article785801366.task1-SI.labels
785801366,2198,2226,article785801366.task1-SI.labels
785801366,2230,2258,article785801366.task1-SI.labels
785801366,2948,2976,article785801366.task1-SI.labels
785801366,3686,3714,article785801366.task1-SI.labels
111111114,1705,1824,article111111114.task1-SI.labels
757843275,3263,3286,article757843275.task1-SI.labels
757843275,640,653,article757843275.task1-SI.labels
757843275,1240,1250,article757843275.task1-SI.labels
757843275,147,208,article757843275.task1-SI.labels
757843275,1049,1081,article757843275.task1-SI.labels
757843275,2032,2087,article757843275.task1-SI.labels
757843275,2666,2675,article757843275.task1-SI.labels
757843275,2708,2767,article757843275.task1-SI.labels
729651527,1658,1763,article729651527.task1-SI.labels
729651527,2760,2775,article729651527.task1-SI.labels
729651527,3131,3159,article729651527.task1-SI.labels
729651527,3704,3867,article729651527.task1-SI.labels
729651527,3870,3977,article729651527.task1-SI.labels
731513824,1616,1905,article731513824.task1-SI.labels
731513824,2022,2251,article731513824.task1-SI.labels
731513824,2537,2564,article731513824.task1-SI.labels
761610997,513,521,article761610997.task1-SI.labels
761610997,1157,1161,article761610997.task1-SI.labels
761610997,1977,1992,article761610997.task1-SI.labels
761610997,1886,1891,article761610997.task1-SI.labels
761610997,190,244,article761610997.task1-SI.labels
761610997,1222,1325,article761610997.task1-SI.labels
761610997,1843,1856,article761610997.task1-SI.labels
761610997,2045,2049,article761610997.task1-SI.labels
761610997,2202,2209,article761610997.task1-SI.labels
761610997,2381,2413,article761610997.task1-SI.labels
761610997,2604,2827,article761610997.task1-SI.labels
761610997,3663,3719,article761610997.task1-SI.labels
761610997,4112,4184,article761610997.task1-SI.labels
761610997,5045,5071,article761610997.task1-SI.labels
761610997,617,634,article761610997.task1-SI.labels
761610997,640,664,article761610997.task1-SI.labels
761610997,4604,4614,article761610997.task1-SI.labels
999000565,297,307,article999000565.task1-SI.labels
999000565,636,719,article999000565.task1-SI.labels
999000565,483,566,article999000565.task1-SI.labels
698780559,733,764,article698780559.task1-SI.labels
698780559,458,625,article698780559.task1-SI.labels
698780559,337,372,article698780559.task1-SI.labels
698780559,60,95,article698780559.task1-SI.labels
698780559,1908,1931,article698780559.task1-SI.labels
698780559,2364,2399,article698780559.task1-SI.labels
723501118,157,257,article723501118.task1-SI.labels
723501118,727,741,article723501118.task1-SI.labels
723501118,1559,1592,article723501118.task1-SI.labels
723501118,695,720,article723501118.task1-SI.labels
723501118,1440,1451,article723501118.task1-SI.labels
723501118,1944,2030,article723501118.task1-SI.labels
789370998,4,21,article789370998.task1-SI.labels
789370998,108,136,article789370998.task1-SI.labels
789370998,573,684,article789370998.task1-SI.labels
789370998,863,880,article789370998.task1-SI.labels
789370998,1206,1255,article789370998.task1-SI.labels
789370998,1714,1719,article789370998.task1-SI.labels
789370998,2978,3007,article789370998.task1-SI.labels
789370998,3878,3907,article789370998.task1-SI.labels
789370998,4007,4020,article789370998.task1-SI.labels
730573740,834,846,article730573740.task1-SI.labels
730573740,45,67,article730573740.task1-SI.labels
730573740,983,1127,article730573740.task1-SI.labels
730573740,1338,1505,article730573740.task1-SI.labels
730573740,2177,2229,article730573740.task1-SI.labels
730573740,2240,2345,article730573740.task1-SI.labels
730573740,2479,2572,article730573740.task1-SI.labels
730573740,2682,2753,article730573740.task1-SI.labels
730573740,4118,4224,article730573740.task1-SI.labels
730573740,1302,1322,article730573740.task1-SI.labels
786344683,1431,1449,article786344683.task1-SI.labels
786344683,1599,1613,article786344683.task1-SI.labels
786344683,1630,1646,article786344683.task1-SI.labels
786344683,6165,6272,article786344683.task1-SI.labels
786344683,73,127,article786344683.task1-SI.labels
786344683,262,280,article786344683.task1-SI.labels
786344683,726,768,article786344683.task1-SI.labels
786344683,843,870,article786344683.task1-SI.labels
786344683,985,994,article786344683.task1-SI.labels
786344683,1572,1593,article786344683.task1-SI.labels
786344683,1681,1743,article786344683.task1-SI.labels
786344683,2208,2218,article786344683.task1-SI.labels
786344683,2291,2308,article786344683.task1-SI.labels
786344683,3347,3360,article786344683.task1-SI.labels
786344683,5025,5073,article786344683.task1-SI.labels
786344683,6014,6031,article786344683.task1-SI.labels
786344683,2366,2431,article786344683.task1-SI.labels
999000133,145,162,article999000133.task1-SI.labels
999000133,175,229,article999000133.task1-SI.labels
999000133,485,498,article999000133.task1-SI.labels
999000133,729,738,article999000133.task1-SI.labels
999000133,1834,1922,article999000133.task1-SI.labels
999000133,526,549,article999000133.task1-SI.labels
725824328,3313,3330,article725824328.task1-SI.labels
725824328,1027,1045,article725824328.task1-SI.labels
725824328,2959,2964,article725824328.task1-SI.labels
725824328,3081,3112,article725824328.task1-SI.labels
725824328,4001,4406,article725824328.task1-SI.labels
725824328,1962,2033,article725824328.task1-SI.labels
725824328,2056,2060,article725824328.task1-SI.labels
698503276,7295,7301,article698503276.task1-SI.labels
698503276,1057,1084,article698503276.task1-SI.labels
698503276,1169,1228,article698503276.task1-SI.labels
698503276,1272,1302,article698503276.task1-SI.labels
698503276,1303,1402,article698503276.task1-SI.labels
698503276,1404,1456,article698503276.task1-SI.labels
698503276,4539,4559,article698503276.task1-SI.labels
698503276,6447,6487,article698503276.task1-SI.labels
698503276,8730,8957,article698503276.task1-SI.labels
698503276,177,200,article698503276.task1-SI.labels
698503276,3107,3132,article698503276.task1-SI.labels
698503276,4612,4630,article698503276.task1-SI.labels
698503276,6946,6983,article698503276.task1-SI.labels
698503276,7332,7348,article698503276.task1-SI.labels
698503276,7932,8164,article698503276.task1-SI.labels
698503276,9024,9279,article698503276.task1-SI.labels
767129999,1943,1951,article767129999.task1-SI.labels
767129999,1739,1805,article767129999.task1-SI.labels
767129999,1498,1513,article767129999.task1-SI.labels
767129999,2058,2094,article767129999.task1-SI.labels
767129999,59,79,article767129999.task1-SI.labels
767129999,2478,2499,article767129999.task1-SI.labels
767129999,2522,2531,article767129999.task1-SI.labels
733754480,91,149,article733754480.task1-SI.labels
733754480,719,792,article733754480.task1-SI.labels
727634031,12173,12206,article727634031.task1-SI.labels
727634031,8017,8133,article727634031.task1-SI.labels
727634031,11405,11421,article727634031.task1-SI.labels
727634031,11940,12022,article727634031.task1-SI.labels
999000149,374,399,article999000149.task1-SI.labels
999000149,2989,3077,article999000149.task1-SI.labels
999000149,73,94,article999000149.task1-SI.labels
999000149,300,326,article999000149.task1-SI.labels
999000149,1270,1301,article999000149.task1-SI.labels
999000149,1349,1374,article999000149.task1-SI.labels
736231219,1659,1752,article736231219.task1-SI.labels
736231219,415,449,article736231219.task1-SI.labels
736231219,485,532,article736231219.task1-SI.labels
736231219,575,599,article736231219.task1-SI.labels
736231219,846,875,article736231219.task1-SI.labels
736231219,990,1041,article736231219.task1-SI.labels
736231219,1105,1116,article736231219.task1-SI.labels
736231219,1138,1178,article736231219.task1-SI.labels
736231219,1383,1459,article736231219.task1-SI.labels
736231219,1614,1631,article736231219.task1-SI.labels
736231219,40,51,article736231219.task1-SI.labels
736231219,18,38,article736231219.task1-SI.labels
736231219,285,313,article736231219.task1-SI.labels
736231219,319,330,article736231219.task1-SI.labels
736231219,78,91,article736231219.task1-SI.labels
736231219,720,805,article736231219.task1-SI.labels
736231219,1504,1544,article736231219.task1-SI.labels
736231219,1553,1573,article736231219.task1-SI.labels
736231219,1356,1374,article736231219.task1-SI.labels
697959084,2647,2664,article697959084.task1-SI.labels
697959084,128,157,article697959084.task1-SI.labels
697959084,1689,1790,article697959084.task1-SI.labels
697959084,2783,2857,article697959084.task1-SI.labels
697959084,2914,2988,article697959084.task1-SI.labels
758386255,1495,1500,article758386255.task1-SI.labels
758386255,5097,5105,article758386255.task1-SI.labels
758386255,5358,5366,article758386255.task1-SI.labels
758386255,5826,5834,article758386255.task1-SI.labels
758386255,28609,28626,article758386255.task1-SI.labels
758386255,1142,1150,article758386255.task1-SI.labels
758386255,1989,2006,article758386255.task1-SI.labels
758386255,3706,3741,article758386255.task1-SI.labels
758386255,5290,5304,article758386255.task1-SI.labels
758386255,5453,5484,article758386255.task1-SI.labels
758386255,5615,5635,article758386255.task1-SI.labels
758386255,5793,5802,article758386255.task1-SI.labels
758386255,6137,6178,article758386255.task1-SI.labels
758386255,6525,6554,article758386255.task1-SI.labels
758386255,7833,7925,article758386255.task1-SI.labels
758386255,8445,8450,article758386255.task1-SI.labels
758386255,8371,8378,article758386255.task1-SI.labels
758386255,8386,8406,article758386255.task1-SI.labels
758386255,8536,8544,article758386255.task1-SI.labels
758386255,8642,8650,article758386255.task1-SI.labels
758386255,8722,8730,article758386255.task1-SI.labels
758386255,8915,8925,article758386255.task1-SI.labels
758386255,8818,8826,article758386255.task1-SI.labels
758386255,8947,8955,article758386255.task1-SI.labels
758386255,9428,9436,article758386255.task1-SI.labels
758386255,9484,9492,article758386255.task1-SI.labels
758386255,9348,9356,article758386255.task1-SI.labels
758386255,9544,9552,article758386255.task1-SI.labels
758386255,9735,9745,article758386255.task1-SI.labels
758386255,9779,9787,article758386255.task1-SI.labels
758386255,9847,9855,article758386255.task1-SI.labels
758386255,9954,9962,article758386255.task1-SI.labels
758386255,10366,10374,article758386255.task1-SI.labels
758386255,10166,10174,article758386255.task1-SI.labels
758386255,27083,27093,article758386255.task1-SI.labels
758386255,26689,26697,article758386255.task1-SI.labels
758386255,26295,26303,article758386255.task1-SI.labels
758386255,26487,26497,article758386255.task1-SI.labels
758386255,17050,17060,article758386255.task1-SI.labels
758386255,15781,15789,article758386255.task1-SI.labels
758386255,14415,14425,article758386255.task1-SI.labels
758386255,13799,13807,article758386255.task1-SI.labels
758386255,13741,13749,article758386255.task1-SI.labels
758386255,12732,12740,article758386255.task1-SI.labels
758386255,12171,12179,article758386255.task1-SI.labels
758386255,12607,12615,article758386255.task1-SI.labels
758386255,10819,10827,article758386255.task1-SI.labels
758386255,10607,10617,article758386255.task1-SI.labels
758386255,15128,15143,article758386255.task1-SI.labels
758386255,16657,16665,article758386255.task1-SI.labels
758386255,28048,28053,article758386255.task1-SI.labels
758386255,30476,30484,article758386255.task1-SI.labels
758386255,30762,30777,article758386255.task1-SI.labels
758386255,2021,2034,article758386255.task1-SI.labels
758386255,6980,6990,article758386255.task1-SI.labels
758386255,9143,9151,article758386255.task1-SI.labels
758386255,16089,16101,article758386255.task1-SI.labels
758386255,27716,27727,article758386255.task1-SI.labels
758386255,31973,31989,article758386255.task1-SI.labels
762152527,1412,1423,article762152527.task1-SI.labels
762152527,2017,2026,article762152527.task1-SI.labels
762152527,1121,1166,article762152527.task1-SI.labels
762152527,863,897,article762152527.task1-SI.labels
762152527,1502,1535,article762152527.task1-SI.labels
762152527,1802,1827,article762152527.task1-SI.labels
762152527,1870,1912,article762152527.task1-SI.labels
762152527,1914,1953,article762152527.task1-SI.labels
762152527,898,975,article762152527.task1-SI.labels
728758697,819,1036,article728758697.task1-SI.labels
728758697,1512,1599,article728758697.task1-SI.labels
728758697,1697,1788,article728758697.task1-SI.labels
728758697,1232,1383,article728758697.task1-SI.labels
728758697,1384,1511,article728758697.task1-SI.labels
728758697,31,49,article728758697.task1-SI.labels
728758697,51,89,article728758697.task1-SI.labels
728758697,1790,1836,article728758697.task1-SI.labels
701553469,4178,4280,article701553469.task1-SI.labels
701553469,31,41,article701553469.task1-SI.labels
701553469,77,143,article701553469.task1-SI.labels
701553469,351,361,article701553469.task1-SI.labels
701553469,1716,1744,article701553469.task1-SI.labels
701553469,1864,1887,article701553469.task1-SI.labels
701553469,3139,3159,article701553469.task1-SI.labels
701553469,3455,3476,article701553469.task1-SI.labels
701553469,3695,3715,article701553469.task1-SI.labels
701553469,3898,3916,article701553469.task1-SI.labels
701553469,1983,2143,article701553469.task1-SI.labels
701553469,288,302,article701553469.task1-SI.labels
701553469,2486,2651,article701553469.task1-SI.labels
701553469,2666,2781,article701553469.task1-SI.labels
741896049,972,1068,article741896049.task1-SI.labels
741896049,1131,1237,article741896049.task1-SI.labels
694327499,9221,9252,article694327499.task1-SI.labels
694327499,11470,11661,article694327499.task1-SI.labels
694327499,1366,1501,article694327499.task1-SI.labels
694327499,2798,2874,article694327499.task1-SI.labels
694327499,3032,3055,article694327499.task1-SI.labels
694327499,3656,3688,article694327499.task1-SI.labels
694327499,4811,4934,article694327499.task1-SI.labels
694327499,4944,4978,article694327499.task1-SI.labels
694327499,5950,6079,article694327499.task1-SI.labels
694327499,6320,6343,article694327499.task1-SI.labels
694327499,9393,9408,article694327499.task1-SI.labels
694327499,9630,9695,article694327499.task1-SI.labels
694327499,11720,11770,article694327499.task1-SI.labels
694327499,110,142,article694327499.task1-SI.labels
694327499,6296,6318,article694327499.task1-SI.labels
999001287,141,180,article999001287.task1-SI.labels
999001287,2274,2389,article999001287.task1-SI.labels
999001287,4656,4690,article999001287.task1-SI.labels
999001287,4308,4583,article999001287.task1-SI.labels
999001287,3424,3790,article999001287.task1-SI.labels
727658675,807,862,article727658675.task1-SI.labels
727658675,1215,1444,article727658675.task1-SI.labels
727658675,2273,2426,article727658675.task1-SI.labels
727658675,2556,2842,article727658675.task1-SI.labels
727658675,3033,3115,article727658675.task1-SI.labels
727658675,2138,2271,article727658675.task1-SI.labels
754131438,332,338,article754131438.task1-SI.labels
999000675,225,242,article999000675.task1-SI.labels
999000675,44,92,article999000675.task1-SI.labels
999000675,544,560,article999000675.task1-SI.labels
999000675,893,904,article999000675.task1-SI.labels
999000675,1019,1040,article999000675.task1-SI.labels
999000675,1205,1221,article999000675.task1-SI.labels
999000675,1241,1275,article999000675.task1-SI.labels
999000675,1731,1738,article999000675.task1-SI.labels
999000675,1819,1848,article999000675.task1-SI.labels
999000675,1968,1987,article999000675.task1-SI.labels
703698295,5829,5877,article703698295.task1-SI.labels
703698295,5917,5958,article703698295.task1-SI.labels
703698295,8483,8503,article703698295.task1-SI.labels
703698295,320,353,article703698295.task1-SI.labels
703698295,2687,2722,article703698295.task1-SI.labels
703698295,2792,2808,article703698295.task1-SI.labels
703698295,2818,2850,article703698295.task1-SI.labels
703698295,3183,3200,article703698295.task1-SI.labels
703698295,4571,4597,article703698295.task1-SI.labels
703698295,4797,4815,article703698295.task1-SI.labels
703698295,6647,6657,article703698295.task1-SI.labels
703698295,7231,7261,article703698295.task1-SI.labels
703698295,7641,7660,article703698295.task1-SI.labels
703698295,8634,8734,article703698295.task1-SI.labels
703698295,9765,9961,article703698295.task1-SI.labels
703698295,12626,12642,article703698295.task1-SI.labels
703698295,822,941,article703698295.task1-SI.labels
703698295,1633,1702,article703698295.task1-SI.labels
703698295,1805,1819,article703698295.task1-SI.labels
703698295,2073,2088,article703698295.task1-SI.labels
703698295,2285,2298,article703698295.task1-SI.labels
703698295,4687,4739,article703698295.task1-SI.labels
703698295,7719,7741,article703698295.task1-SI.labels
703698295,8006,8060,article703698295.task1-SI.labels
703698295,8954,8976,article703698295.task1-SI.labels
703698295,10166,10229,article703698295.task1-SI.labels
703698295,10820,10828,article703698295.task1-SI.labels
999001226,2014,2024,article999001226.task1-SI.labels
999001226,3572,3612,article999001226.task1-SI.labels
999001226,83,273,article999001226.task1-SI.labels
999001226,611,677,article999001226.task1-SI.labels
999001226,1838,1855,article999001226.task1-SI.labels
999001226,2196,2264,article999001226.task1-SI.labels
999001226,5157,5430,article999001226.task1-SI.labels
999001226,485,504,article999001226.task1-SI.labels
999001226,2475,2654,article999001226.task1-SI.labels
999001226,4953,5155,article999001226.task1-SI.labels
708561738,897,930,article708561738.task1-SI.labels
708561738,0,85,article708561738.task1-SI.labels
708561738,87,172,article708561738.task1-SI.labels
708561738,280,298,article708561738.task1-SI.labels
708561738,792,840,article708561738.task1-SI.labels
708561738,1520,1636,article708561738.task1-SI.labels
708561738,1670,1774,article708561738.task1-SI.labels
708561738,1968,1999,article708561738.task1-SI.labels
708561738,2062,2102,article708561738.task1-SI.labels
708561738,2291,2318,article708561738.task1-SI.labels
708561738,2360,2474,article708561738.task1-SI.labels
708561738,2529,2552,article708561738.task1-SI.labels
708561738,2919,2959,article708561738.task1-SI.labels
795689901,216,242,article795689901.task1-SI.labels
795689901,846,859,article795689901.task1-SI.labels
795689901,894,903,article795689901.task1-SI.labels
795689901,972,992,article795689901.task1-SI.labels
735815173,3467,3476,article735815173.task1-SI.labels
735815173,914,942,article735815173.task1-SI.labels
735815173,1250,1437,article735815173.task1-SI.labels
735815173,2926,3030,article735815173.task1-SI.labels
735815173,3489,3540,article735815173.task1-SI.labels
735815173,1440,1526,article735815173.task1-SI.labels
735815173,2015,2054,article735815173.task1-SI.labels
735815173,2334,2446,article735815173.task1-SI.labels
735815173,3109,3183,article735815173.task1-SI.labels
728972961,4679,4734,article728972961.task1-SI.labels
728972961,4852,4878,article728972961.task1-SI.labels
728972961,4757,4778,article728972961.task1-SI.labels
728972961,8558,8706,article728972961.task1-SI.labels
728972961,10317,10328,article728972961.task1-SI.labels
728972961,10257,10268,article728972961.task1-SI.labels
728972961,10157,10168,article728972961.task1-SI.labels
728972961,14308,14334,article728972961.task1-SI.labels
728972961,16330,16349,article728972961.task1-SI.labels
728972961,21472,21486,article728972961.task1-SI.labels
728972961,25147,25202,article728972961.task1-SI.labels
728972961,29700,29756,article728972961.task1-SI.labels
728972961,1400,1451,article728972961.task1-SI.labels
728972961,1692,1733,article728972961.task1-SI.labels
728972961,3486,3521,article728972961.task1-SI.labels
728972961,4910,4935,article728972961.task1-SI.labels
728972961,5126,5152,article728972961.task1-SI.labels
728972961,9021,9032,article728972961.task1-SI.labels
728972961,8744,8930,article728972961.task1-SI.labels
728972961,10381,10392,article728972961.task1-SI.labels
728972961,10646,10670,article728972961.task1-SI.labels
728972961,11014,11181,article728972961.task1-SI.labels
728972961,12301,12319,article728972961.task1-SI.labels
728972961,13047,13074,article728972961.task1-SI.labels
728972961,15155,15273,article728972961.task1-SI.labels
728972961,19505,19515,article728972961.task1-SI.labels
728972961,20640,20667,article728972961.task1-SI.labels
728972961,21257,21271,article728972961.task1-SI.labels
728972961,23063,23083,article728972961.task1-SI.labels
728972961,23852,23867,article728972961.task1-SI.labels
728972961,19826,19840,article728972961.task1-SI.labels
728972961,24223,24265,article728972961.task1-SI.labels
728972961,26467,26505,article728972961.task1-SI.labels
728972961,27636,27698,article728972961.task1-SI.labels
728972961,154,169,article728972961.task1-SI.labels
728972961,762,780,article728972961.task1-SI.labels
728972961,5422,5563,article728972961.task1-SI.labels
728972961,7402,7433,article728972961.task1-SI.labels
728972961,9033,9073,article728972961.task1-SI.labels
728972961,10921,10947,article728972961.task1-SI.labels
728972961,12446,12519,article728972961.task1-SI.labels
728972961,12770,12902,article728972961.task1-SI.labels
728972961,14336,14489,article728972961.task1-SI.labels
728972961,15033,15043,article728972961.task1-SI.labels
728972961,15556,15636,article728972961.task1-SI.labels
728972961,15667,15687,article728972961.task1-SI.labels
728972961,15735,15748,article728972961.task1-SI.labels
728972961,16460,16472,article728972961.task1-SI.labels
728972961,16699,16716,article728972961.task1-SI.labels
728972961,17455,17472,article728972961.task1-SI.labels
728972961,17779,17789,article728972961.task1-SI.labels
728972961,18033,18041,article728972961.task1-SI.labels
728972961,18773,18795,article728972961.task1-SI.labels
728972961,19864,20009,article728972961.task1-SI.labels
728972961,20026,20038,article728972961.task1-SI.labels
728972961,20061,20074,article728972961.task1-SI.labels
728972961,20344,20356,article728972961.task1-SI.labels
728972961,20775,20802,article728972961.task1-SI.labels
728972961,20938,20952,article728972961.task1-SI.labels
728972961,21005,21013,article728972961.task1-SI.labels
728972961,22844,22857,article728972961.task1-SI.labels
728972961,23221,23282,article728972961.task1-SI.labels
728972961,23956,23965,article728972961.task1-SI.labels
728972961,23995,24012,article728972961.task1-SI.labels
728972961,24384,24401,article728972961.task1-SI.labels
728972961,25136,25145,article728972961.task1-SI.labels
728972961,27300,27320,article728972961.task1-SI.labels
728972961,29873,29894,article728972961.task1-SI.labels
728972961,29921,29944,article728972961.task1-SI.labels
728972961,29968,29998,article728972961.task1-SI.labels
718595845,904,1003,article718595845.task1-SI.labels
718595845,2154,2259,article718595845.task1-SI.labels
718595845,5170,5182,article718595845.task1-SI.labels
718595845,0,32,article718595845.task1-SI.labels
718595845,2380,2444,article718595845.task1-SI.labels
718595845,7086,7235,article718595845.task1-SI.labels
718595845,1183,1219,article718595845.task1-SI.labels
718595845,5443,5542,article718595845.task1-SI.labels
718595845,305,337,article718595845.task1-SI.labels
718595845,355,448,article718595845.task1-SI.labels
718595845,5405,5427,article718595845.task1-SI.labels
718595845,6962,7084,article718595845.task1-SI.labels
734265267,3861,3897,article734265267.task1-SI.labels
734265267,3186,3261,article734265267.task1-SI.labels
734265267,4118,4257,article734265267.task1-SI.labels
698719689,190,321,article698719689.task1-SI.labels
698719689,1440,1449,article698719689.task1-SI.labels
698719689,131,144,article698719689.task1-SI.labels
698719689,1542,1611,article698719689.task1-SI.labels
698719689,2324,2335,article698719689.task1-SI.labels
697454736,8030,8056,article697454736.task1-SI.labels
697454736,599,751,article697454736.task1-SI.labels
697454736,3216,3400,article697454736.task1-SI.labels
697454736,4856,5044,article697454736.task1-SI.labels
697454736,7080,7176,article697454736.task1-SI.labels
697454736,7417,7444,article697454736.task1-SI.labels
697454736,8140,8197,article697454736.task1-SI.labels
697454736,8793,8976,article697454736.task1-SI.labels
697454736,9555,9692,article697454736.task1-SI.labels
697454736,10671,10950,article697454736.task1-SI.labels
697454736,11963,12026,article697454736.task1-SI.labels
697454736,12492,12644,article697454736.task1-SI.labels
697454736,12874,13038,article697454736.task1-SI.labels
697454736,7761,7777,article697454736.task1-SI.labels
697454736,10597,10632,article697454736.task1-SI.labels
702111021,1114,1127,article702111021.task1-SI.labels
702111021,2179,2193,article702111021.task1-SI.labels
702111021,2272,2286,article702111021.task1-SI.labels
702111021,3388,3402,article702111021.task1-SI.labels
702111021,3908,3922,article702111021.task1-SI.labels
702111021,1639,1676,article702111021.task1-SI.labels
702111021,2047,2092,article702111021.task1-SI.labels
702111021,3668,3773,article702111021.task1-SI.labels
702111021,3994,4051,article702111021.task1-SI.labels
702111021,2223,2237,article702111021.task1-SI.labels
702111021,4140,4186,article702111021.task1-SI.labels
762200179,6609,6625,article762200179.task1-SI.labels
762200179,6715,6731,article762200179.task1-SI.labels
762200179,6804,6820,article762200179.task1-SI.labels
762200179,6884,6900,article762200179.task1-SI.labels
762200179,663,678,article762200179.task1-SI.labels
762200179,1300,1306,article762200179.task1-SI.labels
762200179,6376,6386,article762200179.task1-SI.labels
762200179,6417,6424,article762200179.task1-SI.labels
762200179,3915,3920,article762200179.task1-SI.labels
762200179,6074,6077,article762200179.task1-SI.labels
762200179,6195,6198,article762200179.task1-SI.labels
732154721,1172,1283,article732154721.task1-SI.labels
732154721,2755,2819,article732154721.task1-SI.labels
732154721,281,318,article732154721.task1-SI.labels
732154721,397,530,article732154721.task1-SI.labels
732154721,1930,1965,article732154721.task1-SI.labels
732154721,2607,2666,article732154721.task1-SI.labels
732154721,27,61,article732154721.task1-SI.labels
732154721,987,1153,article732154721.task1-SI.labels
732154721,2384,2427,article732154721.task1-SI.labels
788816478,162,178,article788816478.task1-SI.labels
788816478,446,635,article788816478.task1-SI.labels
788816478,652,687,article788816478.task1-SI.labels
788816478,1916,1944,article788816478.task1-SI.labels
788816478,5528,5563,article788816478.task1-SI.labels
788816478,5942,6075,article788816478.task1-SI.labels
788816478,6484,6503,article788816478.task1-SI.labels
788816478,1981,2023,article788816478.task1-SI.labels
788816478,4739,4766,article788816478.task1-SI.labels
788816478,331,373,article788816478.task1-SI.labels
788816478,1950,1980,article788816478.task1-SI.labels
788816478,3805,3827,article788816478.task1-SI.labels
788816478,4272,4284,article788816478.task1-SI.labels
788816478,4413,4427,article788816478.task1-SI.labels
788816478,4563,4604,article788816478.task1-SI.labels
788816478,5330,5403,article788816478.task1-SI.labels
788816478,5587,5622,article788816478.task1-SI.labels
788816478,6657,6696,article788816478.task1-SI.labels
773748383,43,58,article773748383.task1-SI.labels
773748383,651,667,article773748383.task1-SI.labels
773748383,4113,4228,article773748383.task1-SI.labels
773748383,163,181,article773748383.task1-SI.labels
773748383,1518,1578,article773748383.task1-SI.labels
773748383,2569,2608,article773748383.task1-SI.labels
773748383,3122,3215,article773748383.task1-SI.labels
773748383,3320,3339,article773748383.task1-SI.labels
773748383,3521,3559,article773748383.task1-SI.labels
773748383,3561,3685,article773748383.task1-SI.labels
773748383,3903,3930,article773748383.task1-SI.labels
773748383,4034,4065,article773748383.task1-SI.labels
773748383,4671,4685,article773748383.task1-SI.labels
773748383,4714,4724,article773748383.task1-SI.labels
723537899,3125,3182,article723537899.task1-SI.labels
723537899,1917,1925,article723537899.task1-SI.labels
723537899,3463,3515,article723537899.task1-SI.labels
723537899,4586,4691,article723537899.task1-SI.labels
723537899,766,778,article723537899.task1-SI.labels
723537899,436,448,article723537899.task1-SI.labels
723537899,1100,1113,article723537899.task1-SI.labels
723537899,1174,1184,article723537899.task1-SI.labels
723537899,1264,1323,article723537899.task1-SI.labels
723537899,1350,1391,article723537899.task1-SI.labels
723537899,1491,1628,article723537899.task1-SI.labels
723537899,2228,2300,article723537899.task1-SI.labels
723537899,2302,2342,article723537899.task1-SI.labels
723537899,2474,2686,article723537899.task1-SI.labels
723537899,817,871,article723537899.task1-SI.labels
723537899,1392,1436,article723537899.task1-SI.labels
723537899,1934,1978,article723537899.task1-SI.labels
773937361,288,300,article773937361.task1-SI.labels
773937361,2285,2290,article773937361.task1-SI.labels
773937361,8373,8390,article773937361.task1-SI.labels
773937361,3415,3434,article773937361.task1-SI.labels
773937361,11237,11248,article773937361.task1-SI.labels
773937361,494,506,article773937361.task1-SI.labels
773937361,918,925,article773937361.task1-SI.labels
773937361,1020,1069,article773937361.task1-SI.labels
773937361,1482,1486,article773937361.task1-SI.labels
773937361,1454,1463,article773937361.task1-SI.labels
773937361,2360,2367,article773937361.task1-SI.labels
773937361,4128,4149,article773937361.task1-SI.labels
773937361,5543,5571,article773937361.task1-SI.labels
773937361,11090,11152,article773937361.task1-SI.labels
773937361,11158,11164,article773937361.task1-SI.labels
773937361,527,536,article773937361.task1-SI.labels
773937361,1905,1916,article773937361.task1-SI.labels
773937361,6959,6974,article773937361.task1-SI.labels
773937361,10342,10374,article773937361.task1-SI.labels
773937361,16081,16099,article773937361.task1-SI.labels
773937361,18464,18468,article773937361.task1-SI.labels
773937361,19641,19654,article773937361.task1-SI.labels
999001621,88,156,article999001621.task1-SI.labels
999001621,3577,3663,article999001621.task1-SI.labels
999001621,4139,4315,article999001621.task1-SI.labels
999001621,4498,4527,article999001621.task1-SI.labels
999001621,4529,5328,article999001621.task1-SI.labels
999001621,5089,5131,article999001621.task1-SI.labels
999001621,8795,9138,article999001621.task1-SI.labels
999001621,11969,12058,article999001621.task1-SI.labels
999001621,3234,3251,article999001621.task1-SI.labels
999001621,3926,4137,article999001621.task1-SI.labels
999001621,7442,7747,article999001621.task1-SI.labels
999001621,8213,8374,article999001621.task1-SI.labels
999001621,8377,8738,article999001621.task1-SI.labels
999001621,10904,10929,article999001621.task1-SI.labels
999001621,5890,5902,article999001621.task1-SI.labels
999001621,9006,9057,article999001621.task1-SI.labels
999001621,0,68,article999001621.task1-SI.labels
999001621,279,599,article999001621.task1-SI.labels
999001621,467,501,article999001621.task1-SI.labels
999001621,537,560,article999001621.task1-SI.labels
999001621,769,783,article999001621.task1-SI.labels
999001621,1332,1603,article999001621.task1-SI.labels
999001621,2747,2771,article999001621.task1-SI.labels
999001621,3435,3575,article999001621.task1-SI.labels
999001621,4461,4493,article999001621.task1-SI.labels
999001621,4788,4853,article999001621.task1-SI.labels
999001621,5159,5170,article999001621.task1-SI.labels
999001621,5330,5611,article999001621.task1-SI.labels
999001621,6817,6841,article999001621.task1-SI.labels
999001621,7085,7091,article999001621.task1-SI.labels
999001621,7979,7999,article999001621.task1-SI.labels
999001621,8861,8909,article999001621.task1-SI.labels
999001621,9679,9859,article999001621.task1-SI.labels
999001621,9861,10096,article999001621.task1-SI.labels
999001621,9140,9474,article999001621.task1-SI.labels
999001621,10098,10408,article999001621.task1-SI.labels
999001621,10177,10185,article999001621.task1-SI.labels
999001621,10536,10541,article999001621.task1-SI.labels
999001621,10543,10755,article999001621.task1-SI.labels
999001621,10775,10855,article999001621.task1-SI.labels
999001621,10931,11012,article999001621.task1-SI.labels
999001621,11539,11664,article999001621.task1-SI.labels
999001621,11631,11640,article999001621.task1-SI.labels
999001621,12099,12112,article999001621.task1-SI.labels
999001621,12138,12184,article999001621.task1-SI.labels
999001621,12187,12265,article999001621.task1-SI.labels
999001621,9664,9677,article999001621.task1-SI.labels
999001621,601,701,article999001621.task1-SI.labels
787759779,681,696,article787759779.task1-SI.labels
787759779,331,343,article787759779.task1-SI.labels
787759779,495,507,article787759779.task1-SI.labels
787759779,590,623,article787759779.task1-SI.labels
787759779,1011,1032,article787759779.task1-SI.labels
787759779,670,679,article787759779.task1-SI.labels
701933838,981,1153,article701933838.task1-SI.labels
761969038,5552,5571,article761969038.task1-SI.labels
761969038,119,141,article761969038.task1-SI.labels
761969038,305,321,article761969038.task1-SI.labels
761969038,1755,1783,article761969038.task1-SI.labels
761969038,4048,4053,article761969038.task1-SI.labels
761969038,4149,4170,article761969038.task1-SI.labels
761969038,4271,4292,article761969038.task1-SI.labels
761969038,4521,4541,article761969038.task1-SI.labels
761969038,5614,5663,article761969038.task1-SI.labels
761969038,1971,2046,article761969038.task1-SI.labels
761969038,4391,4412,article761969038.task1-SI.labels
782086447,7126,7137,article782086447.task1-SI.labels
782086447,19791,19802,article782086447.task1-SI.labels
782086447,6339,6345,article782086447.task1-SI.labels
782086447,7117,7124,article782086447.task1-SI.labels
782086447,19751,19771,article782086447.task1-SI.labels
782086447,40294,40304,article782086447.task1-SI.labels
782086447,21756,21769,article782086447.task1-SI.labels
782086447,21780,21787,article782086447.task1-SI.labels
782086447,29196,29217,article782086447.task1-SI.labels
782086447,39495,39511,article782086447.task1-SI.labels
782086447,117,123,article782086447.task1-SI.labels
782086447,247,257,article782086447.task1-SI.labels
782086447,2005,2015,article782086447.task1-SI.labels
782086447,2228,2240,article782086447.task1-SI.labels
782086447,2645,2664,article782086447.task1-SI.labels
782086447,10594,10610,article782086447.task1-SI.labels
782086447,10932,10958,article782086447.task1-SI.labels
782086447,11592,11602,article782086447.task1-SI.labels
782086447,21957,21965,article782086447.task1-SI.labels
782086447,26848,26858,article782086447.task1-SI.labels
782086447,30672,30678,article782086447.task1-SI.labels
782086447,40268,40286,article782086447.task1-SI.labels
782086447,41236,41243,article782086447.task1-SI.labels
782086447,913,979,article782086447.task1-SI.labels
782086447,2346,2356,article782086447.task1-SI.labels
782086447,2676,2693,article782086447.task1-SI.labels
782086447,2897,2904,article782086447.task1-SI.labels
782086447,5039,5063,article782086447.task1-SI.labels
782086447,8923,8930,article782086447.task1-SI.labels
782086447,13636,13650,article782086447.task1-SI.labels
782086447,24320,24330,article782086447.task1-SI.labels
782086447,30487,30500,article782086447.task1-SI.labels
782086447,30891,30913,article782086447.task1-SI.labels
782086447,35346,35355,article782086447.task1-SI.labels
782086447,37049,37059,article782086447.task1-SI.labels
782086447,37308,37323,article782086447.task1-SI.labels
782086447,38123,38138,article782086447.task1-SI.labels
782086447,38139,38155,article782086447.task1-SI.labels
782086447,39477,39493,article782086447.task1-SI.labels
782086447,40148,40164,article782086447.task1-SI.labels
782086447,40423,40429,article782086447.task1-SI.labels
782086447,42861,42872,article782086447.task1-SI.labels
782086447,42927,42938,article782086447.task1-SI.labels
738060046,241,316,article738060046.task1-SI.labels
738060046,0,82,article738060046.task1-SI.labels
738060046,935,976,article738060046.task1-SI.labels
738060046,978,1090,article738060046.task1-SI.labels
738060046,1119,1157,article738060046.task1-SI.labels
738060046,1379,1669,article738060046.task1-SI.labels
738060046,1684,1726,article738060046.task1-SI.labels
738060046,2150,2275,article738060046.task1-SI.labels
738060046,553,662,article738060046.task1-SI.labels
738060046,665,789,article738060046.task1-SI.labels
764664283,3743,3755,article764664283.task1-SI.labels
764664283,3925,3946,article764664283.task1-SI.labels
764664283,5611,5631,article764664283.task1-SI.labels
764664283,6383,6393,article764664283.task1-SI.labels
764664283,7391,7405,article764664283.task1-SI.labels
764664283,1394,1405,article764664283.task1-SI.labels
764664283,3760,3770,article764664283.task1-SI.labels
764664283,7045,7053,article764664283.task1-SI.labels
764664283,7229,7292,article764664283.task1-SI.labels
764664283,451,476,article764664283.task1-SI.labels
764664283,1184,1205,article764664283.task1-SI.labels
764664283,4110,4131,article764664283.task1-SI.labels
764664283,5538,5571,article764664283.task1-SI.labels
764664283,5580,5596,article764664283.task1-SI.labels
764664283,6058,6108,article764664283.task1-SI.labels
764664283,7568,7635,article764664283.task1-SI.labels
764664283,125,303,article764664283.task1-SI.labels
764664283,7720,7854,article764664283.task1-SI.labels
764664283,2529,2664,article764664283.task1-SI.labels
764664283,0,34,article764664283.task1-SI.labels
764664283,3496,3521,article764664283.task1-SI.labels
764664283,7337,7367,article764664283.task1-SI.labels
764664283,1364,1383,article764664283.task1-SI.labels
764664283,1481,1634,article764664283.task1-SI.labels
764664283,5196,5228,article764664283.task1-SI.labels
764664283,1092,1128,article764664283.task1-SI.labels
764664283,2413,2426,article764664283.task1-SI.labels
764664283,2150,2287,article764664283.task1-SI.labels
764664283,4063,4098,article764664283.task1-SI.labels
764664283,5676,5823,article764664283.task1-SI.labels
764664283,5285,5372,article764664283.task1-SI.labels
764664283,5502,5537,article764664283.task1-SI.labels
764664283,6960,7008,article764664283.task1-SI.labels
764664283,1636,1722,article764664283.task1-SI.labels
764664283,2666,2747,article764664283.task1-SI.labels
764664283,2749,2895,article764664283.task1-SI.labels
764664283,3624,3714,article764664283.task1-SI.labels
764664283,591,698,article764664283.task1-SI.labels
764664283,872,960,article764664283.task1-SI.labels
764664283,4314,4389,article764664283.task1-SI.labels
764664283,1928,1964,article764664283.task1-SI.labels
764664283,3535,3591,article764664283.task1-SI.labels
764664283,5825,5894,article764664283.task1-SI.labels
790266787,1403,1416,article790266787.task1-SI.labels
790266787,1921,1958,article790266787.task1-SI.labels
790266787,3134,3152,article790266787.task1-SI.labels
790266787,3372,3379,article790266787.task1-SI.labels
790266787,3391,3531,article790266787.task1-SI.labels
790266787,3665,3681,article790266787.task1-SI.labels
790266787,3768,3778,article790266787.task1-SI.labels
790266787,3882,3913,article790266787.task1-SI.labels
790266787,6390,6401,article790266787.task1-SI.labels
790266787,7876,7973,article790266787.task1-SI.labels
790266787,9833,9851,article790266787.task1-SI.labels
790266787,10617,10703,article790266787.task1-SI.labels
790266787,7693,7720,article790266787.task1-SI.labels
790266787,8846,8881,article790266787.task1-SI.labels
790266787,0,21,article790266787.task1-SI.labels
790266787,99,132,article790266787.task1-SI.labels
790266787,293,316,article790266787.task1-SI.labels
790266787,346,364,article790266787.task1-SI.labels
790266787,765,789,article790266787.task1-SI.labels
790266787,1574,1584,article790266787.task1-SI.labels
790266787,3035,3058,article790266787.task1-SI.labels
790266787,3561,3662,article790266787.task1-SI.labels
790266787,3723,3737,article790266787.task1-SI.labels
790266787,3929,3943,article790266787.task1-SI.labels
790266787,6168,6181,article790266787.task1-SI.labels
790266787,6917,6953,article790266787.task1-SI.labels
790266787,7430,7444,article790266787.task1-SI.labels
790266787,7606,7656,article790266787.task1-SI.labels
790266787,8359,8403,article790266787.task1-SI.labels
790266787,8431,8482,article790266787.task1-SI.labels
790266787,8998,9127,article790266787.task1-SI.labels
790266787,8696,8732,article790266787.task1-SI.labels
763260610,970,981,article763260610.task1-SI.labels
763260610,1284,1363,article763260610.task1-SI.labels
763260610,2205,2238,article763260610.task1-SI.labels
763260610,3031,3086,article763260610.task1-SI.labels
763260610,4166,4190,article763260610.task1-SI.labels
763260610,4192,4309,article763260610.task1-SI.labels
763260610,4724,4742,article763260610.task1-SI.labels
763260610,6409,6450,article763260610.task1-SI.labels
763260610,9302,9329,article763260610.task1-SI.labels
763260610,9405,9459,article763260610.task1-SI.labels
763260610,9460,9471,article763260610.task1-SI.labels
763260610,10436,10444,article763260610.task1-SI.labels
763260610,14328,14403,article763260610.task1-SI.labels
763260610,2812,2868,article763260610.task1-SI.labels
763260610,3956,3996,article763260610.task1-SI.labels
763260610,4819,4851,article763260610.task1-SI.labels
763260610,8129,8166,article763260610.task1-SI.labels
763260610,8247,8265,article763260610.task1-SI.labels
763260610,9160,9176,article763260610.task1-SI.labels
763260610,10568,10629,article763260610.task1-SI.labels
763260610,0,17,article763260610.task1-SI.labels
763260610,254,290,article763260610.task1-SI.labels
763260610,705,719,article763260610.task1-SI.labels
763260610,1053,1105,article763260610.task1-SI.labels
763260610,1365,1375,article763260610.task1-SI.labels
763260610,1411,1424,article763260610.task1-SI.labels
763260610,1470,1483,article763260610.task1-SI.labels
763260610,1516,1529,article763260610.task1-SI.labels
763260610,1593,1619,article763260610.task1-SI.labels
763260610,1621,1675,article763260610.task1-SI.labels
763260610,2132,2150,article763260610.task1-SI.labels
763260610,2311,2359,article763260610.task1-SI.labels
763260610,2430,2443,article763260610.task1-SI.labels
763260610,3559,3589,article763260610.task1-SI.labels
763260610,3782,3801,article763260610.task1-SI.labels
763260610,3911,3931,article763260610.task1-SI.labels
763260610,4015,4037,article763260610.task1-SI.labels
763260610,4369,4390,article763260610.task1-SI.labels
763260610,3134,3156,article763260610.task1-SI.labels
763260610,4500,4518,article763260610.task1-SI.labels
763260610,4639,4664,article763260610.task1-SI.labels
763260610,5066,5120,article763260610.task1-SI.labels
763260610,5391,5423,article763260610.task1-SI.labels
763260610,5495,5554,article763260610.task1-SI.labels
763260610,5881,5892,article763260610.task1-SI.labels
763260610,6160,6182,article763260610.task1-SI.labels
763260610,6230,6271,article763260610.task1-SI.labels
763260610,6660,6740,article763260610.task1-SI.labels
763260610,6845,6907,article763260610.task1-SI.labels
763260610,7459,7495,article763260610.task1-SI.labels
763260610,7661,7680,article763260610.task1-SI.labels
763260610,7606,7639,article763260610.task1-SI.labels
763260610,7890,7931,article763260610.task1-SI.labels
763260610,8032,8048,article763260610.task1-SI.labels
763260610,8777,8790,article763260610.task1-SI.labels
763260610,8957,8999,article763260610.task1-SI.labels
763260610,9186,9203,article763260610.task1-SI.labels
763260610,9362,9378,article763260610.task1-SI.labels
763260610,9689,9714,article763260610.task1-SI.labels
763260610,9818,9846,article763260610.task1-SI.labels
763260610,9916,9946,article763260610.task1-SI.labels
763260610,9967,10009,article763260610.task1-SI.labels
763260610,10201,10274,article763260610.task1-SI.labels
763260610,10457,10469,article763260610.task1-SI.labels
763260610,11055,11168,article763260610.task1-SI.labels
763260610,11280,11303,article763260610.task1-SI.labels
763260610,12230,12261,article763260610.task1-SI.labels
763260610,12529,12547,article763260610.task1-SI.labels
763260610,13164,13180,article763260610.task1-SI.labels
763260610,13644,13675,article763260610.task1-SI.labels
763260610,13771,13837,article763260610.task1-SI.labels
763260610,14075,14095,article763260610.task1-SI.labels
763260610,14289,14314,article763260610.task1-SI.labels
763260610,14424,14441,article763260610.task1-SI.labels
763260610,3811,3868,article763260610.task1-SI.labels
763260610,10177,10186,article763260610.task1-SI.labels
774145019,191,196,article774145019.task1-SI.labels
774145019,412,417,article774145019.task1-SI.labels
774145019,1247,1255,article774145019.task1-SI.labels
774145019,2825,2829,article774145019.task1-SI.labels
774145019,2774,2789,article774145019.task1-SI.labels
774145019,1899,1904,article774145019.task1-SI.labels
774145019,2361,2366,article774145019.task1-SI.labels
774145019,3333,3338,article774145019.task1-SI.labels
774145019,3110,3117,article774145019.task1-SI.labels
774145019,5052,5059,article774145019.task1-SI.labels
774145019,3992,4020,article774145019.task1-SI.labels
774145019,58,63,article774145019.task1-SI.labels
774145019,441,517,article774145019.task1-SI.labels
774145019,518,551,article774145019.task1-SI.labels
774145019,552,615,article774145019.task1-SI.labels
774145019,616,700,article774145019.task1-SI.labels
774145019,2844,2853,article774145019.task1-SI.labels
774145019,2996,3011,article774145019.task1-SI.labels
774145019,3172,3196,article774145019.task1-SI.labels
774145019,3297,3321,article774145019.task1-SI.labels
774145019,4343,4367,article774145019.task1-SI.labels
774145019,4690,4714,article774145019.task1-SI.labels
774145019,3276,3286,article774145019.task1-SI.labels
774145019,3621,3624,article774145019.task1-SI.labels
774145019,3784,3794,article774145019.task1-SI.labels
774145019,4232,4242,article774145019.task1-SI.labels
774145019,4644,4652,article774145019.task1-SI.labels
754402671,2645,2735,article754402671.task1-SI.labels
999001296,86,101,article999001296.task1-SI.labels
999001296,160,178,article999001296.task1-SI.labels
999001296,384,464,article999001296.task1-SI.labels
999001296,466,560,article999001296.task1-SI.labels
999001296,2509,2712,article999001296.task1-SI.labels
999001296,3635,3651,article999001296.task1-SI.labels
999001296,2946,3341,article999001296.task1-SI.labels
999001296,292,320,article999001296.task1-SI.labels
999001296,4687,4758,article999001296.task1-SI.labels
111111113,1396,1430,article111111113.task1-SI.labels
111111113,3082,3099,article111111113.task1-SI.labels
111111113,3828,3985,article111111113.task1-SI.labels
111111113,361,467,article111111113.task1-SI.labels
111111113,3580,3741,article111111113.task1-SI.labels
111111113,4865,5006,article111111113.task1-SI.labels
111111113,5743,5773,article111111113.task1-SI.labels
111111113,5775,5791,article111111113.task1-SI.labels
111111113,259,279,article111111113.task1-SI.labels
111111113,5556,5579,article111111113.task1-SI.labels
710100700,1203,1375,article710100700.task1-SI.labels
759468687,602,643,article759468687.task1-SI.labels
759468687,724,800,article759468687.task1-SI.labels
759468687,4492,4664,article759468687.task1-SI.labels
759468687,435,456,article759468687.task1-SI.labels
759468687,3122,3161,article759468687.task1-SI.labels
759468687,0,13,article759468687.task1-SI.labels
759468687,192,238,article759468687.task1-SI.labels
759468687,317,345,article759468687.task1-SI.labels
759468687,557,571,article759468687.task1-SI.labels
759468687,916,955,article759468687.task1-SI.labels
759468687,1638,1677,article759468687.task1-SI.labels
759468687,1745,1828,article759468687.task1-SI.labels
759468687,2107,2121,article759468687.task1-SI.labels
759468687,2368,2387,article759468687.task1-SI.labels
759468687,2405,2485,article759468687.task1-SI.labels
759468687,2528,2545,article759468687.task1-SI.labels
759468687,2630,2638,article759468687.task1-SI.labels
759468687,2856,2894,article759468687.task1-SI.labels
759468687,3069,3111,article759468687.task1-SI.labels
759468687,3640,3645,article759468687.task1-SI.labels
759468687,3509,3638,article759468687.task1-SI.labels
759468687,4028,4047,article759468687.task1-SI.labels
759468687,3698,3718,article759468687.task1-SI.labels
759468687,4050,4209,article759468687.task1-SI.labels
759468687,4331,4479,article759468687.task1-SI.labels
759468687,119,127,article759468687.task1-SI.labels
790720480,422,435,article790720480.task1-SI.labels
790720480,1291,1378,article790720480.task1-SI.labels
790720480,1474,1585,article790720480.task1-SI.labels
790720480,1634,1741,article790720480.task1-SI.labels
790720480,2117,2133,article790720480.task1-SI.labels
790720480,2148,2191,article790720480.task1-SI.labels
780786973,12,31,article780786973.task1-SI.labels
780786973,104,111,article780786973.task1-SI.labels
780786973,208,227,article780786973.task1-SI.labels
780786973,303,328,article780786973.task1-SI.labels
780786973,1439,1458,article780786973.task1-SI.labels
780786973,340,411,article780786973.task1-SI.labels
780786973,503,510,article780786973.task1-SI.labels
780786973,1882,2009,article780786973.task1-SI.labels
780786973,45,56,article780786973.task1-SI.labels
780786973,158,176,article780786973.task1-SI.labels
780786973,1297,1341,article780786973.task1-SI.labels
780786973,1474,1513,article780786973.task1-SI.labels
780786973,2157,2170,article780786973.task1-SI.labels
780786973,2300,2314,article780786973.task1-SI.labels
780786973,2369,2544,article780786973.task1-SI.labels
780786973,2546,2730,article780786973.task1-SI.labels
111111137,2321,2332,article111111137.task1-SI.labels
111111137,143,183,article111111137.task1-SI.labels
111111137,2058,2064,article111111137.task1-SI.labels
789121265,2814,2846,article789121265.task1-SI.labels
789121265,3071,3229,article789121265.task1-SI.labels
789121265,400,419,article789121265.task1-SI.labels
789121265,1317,1349,article789121265.task1-SI.labels
789121265,1836,1847,article789121265.task1-SI.labels
789121265,218,398,article789121265.task1-SI.labels
789121265,1969,1979,article789121265.task1-SI.labels
789121265,2018,2195,article789121265.task1-SI.labels
789121265,2566,2576,article789121265.task1-SI.labels
789121265,2848,2893,article789121265.task1-SI.labels
789121265,2926,3069,article789121265.task1-SI.labels
789121265,3594,3599,article789121265.task1-SI.labels
789121265,4064,4108,article789121265.task1-SI.labels
999000184,1111,1252,article999000184.task1-SI.labels
999000184,118,150,article999000184.task1-SI.labels
999000184,257,315,article999000184.task1-SI.labels
999000184,476,492,article999000184.task1-SI.labels
999000184,892,1084,article999000184.task1-SI.labels
999000184,1579,1594,article999000184.task1-SI.labels
999000184,2372,2403,article999000184.task1-SI.labels
999000184,2468,2478,article999000184.task1-SI.labels
999000184,2536,2561,article999000184.task1-SI.labels
999000184,2638,2667,article999000184.task1-SI.labels
999000184,2787,2874,article999000184.task1-SI.labels
999000184,2877,2913,article999000184.task1-SI.labels
999000184,3931,3959,article999000184.task1-SI.labels
999000184,3990,4147,article999000184.task1-SI.labels
999000184,222,254,article999000184.task1-SI.labels
999000184,2952,2970,article999000184.task1-SI.labels
999000184,3050,3069,article999000184.task1-SI.labels
728169864,423,440,article728169864.task1-SI.labels
728169864,1628,1642,article728169864.task1-SI.labels
728169864,2632,2640,article728169864.task1-SI.labels
728169864,2644,2651,article728169864.task1-SI.labels
728169864,2655,2662,article728169864.task1-SI.labels
728169864,2666,2674,article728169864.task1-SI.labels
728169864,2678,2684,article728169864.task1-SI.labels
728169864,2688,2694,article728169864.task1-SI.labels
728169864,2698,2712,article728169864.task1-SI.labels
728169864,3161,3184,article728169864.task1-SI.labels
728169864,5517,5525,article728169864.task1-SI.labels
728169864,2720,2744,article728169864.task1-SI.labels
728169864,4125,4132,article728169864.task1-SI.labels
728169864,6198,6259,article728169864.task1-SI.labels
728169864,0,8,article728169864.task1-SI.labels
728169864,2747,2878,article728169864.task1-SI.labels
728169864,5313,5330,article728169864.task1-SI.labels
728169864,5753,5774,article728169864.task1-SI.labels
999000158,2586,2623,article999000158.task1-SI.labels
999000158,3089,3129,article999000158.task1-SI.labels
999000158,3158,3202,article999000158.task1-SI.labels
999000158,198,227,article999000158.task1-SI.labels
999000158,1237,1313,article999000158.task1-SI.labels
999000158,1628,1675,article999000158.task1-SI.labels
999000158,2040,2168,article999000158.task1-SI.labels
999000158,2387,2403,article999000158.task1-SI.labels
999000158,2810,2850,article999000158.task1-SI.labels
999000158,2879,2923,article999000158.task1-SI.labels
999000158,2957,2968,article999000158.task1-SI.labels
999000158,3236,3247,article999000158.task1-SI.labels
999000158,405,423,article999000158.task1-SI.labels
999000158,3542,3595,article999000158.task1-SI.labels
757964238,1726,1731,article757964238.task1-SI.labels
757964238,497,514,article757964238.task1-SI.labels
757964238,1732,1754,article757964238.task1-SI.labels
757964238,988,996,article757964238.task1-SI.labels
757964238,997,1019,article757964238.task1-SI.labels
757964238,1778,1784,article757964238.task1-SI.labels
757964238,1887,1894,article757964238.task1-SI.labels
757964238,2071,2089,article757964238.task1-SI.labels
757964238,2115,2128,article757964238.task1-SI.labels
757964238,2175,2193,article757964238.task1-SI.labels
757964238,2220,2232,article757964238.task1-SI.labels
757964238,1028,1043,article757964238.task1-SI.labels
770156173,4682,4692,article770156173.task1-SI.labels
770156173,4814,4832,article770156173.task1-SI.labels
770156173,6056,6072,article770156173.task1-SI.labels
770156173,2469,2498,article770156173.task1-SI.labels
770156173,5920,5936,article770156173.task1-SI.labels
770156173,34,47,article770156173.task1-SI.labels
770156173,1021,1029,article770156173.task1-SI.labels
770156173,2158,2164,article770156173.task1-SI.labels
770156173,4758,4781,article770156173.task1-SI.labels
770156173,5254,5261,article770156173.task1-SI.labels
770156173,5645,5652,article770156173.task1-SI.labels
770156173,1556,1738,article770156173.task1-SI.labels
770156173,1616,1623,article770156173.task1-SI.labels
770156173,1919,1938,article770156173.task1-SI.labels
770156173,2094,2117,article770156173.task1-SI.labels
770156173,2330,2348,article770156173.task1-SI.labels
770156173,2819,2827,article770156173.task1-SI.labels
770156173,3012,3018,article770156173.task1-SI.labels
770156173,3266,3280,article770156173.task1-SI.labels
770156173,3692,3737,article770156173.task1-SI.labels
770156173,4523,4531,article770156173.task1-SI.labels
770156173,4835,4929,article770156173.task1-SI.labels
770156173,5330,5340,article770156173.task1-SI.labels
770156173,0,18,article770156173.task1-SI.labels
770156173,1106,1184,article770156173.task1-SI.labels
770156173,1740,1836,article770156173.task1-SI.labels
770156173,2934,2989,article770156173.task1-SI.labels
770156173,3970,3985,article770156173.task1-SI.labels
770156173,3991,4004,article770156173.task1-SI.labels
735855251,2216,2270,article735855251.task1-SI.labels
735855251,2357,2453,article735855251.task1-SI.labels
735855251,2455,2565,article735855251.task1-SI.labels
