article_id,technique,start_char,end_char,source_file
111111111,Appeal_to_Authority,265,323,train-task2-TC.labels
111111111,Appeal_to_Authority,1795,1935,train-task2-TC.labels
111111111,Doubt,149,157,train-task2-TC.labels
111111111,Repetition,1069,1091,train-task2-TC.labels
111111111,Appeal_to_fear-prejudice,1334,1462,train-task2-TC.labels
111111111,Appeal_to_fear-prejudice,1577,1616,train-task2-TC.labels
111111111,Appeal_to_fear-prejudice,1856,1910,train-task2-TC.labels
111111111,Appeal_to_fear-prejudice,2023,2086,train-task2-TC.labels
111111112,Slogans,191,219,train-task2-TC.labels
111111112,Black-and-White_Fallacy,476,556,train-task2-TC.labels
111111112,Slogans,785,798,train-task2-TC.labels
111111112,Loaded_Language,958,1013,train-task2-TC.labels
111111112,Flag-Waving,1456,1535,train-task2-TC.labels
111111112,"Name_Calling,Labeling",1810,1824,train-task2-TC.labels
111111112,Loaded_Language,2095,2123,train-task2-TC.labels
111111112,Loaded_Language,911,942,train-task2-TC.labels
111111112,"Name_Calling,Labeling",1738,1787,train-task2-TC.labels
111111113,Loaded_Language,1396,1430,train-task2-TC.labels
111111113,"Name_Calling,Labeling",3082,3099,train-task2-TC.labels
111111113,"Whataboutism,Straw_Men,Red_Herring",3828,3985,train-task2-TC.labels
111111113,Causal_Oversimplification,361,467,train-task2-TC.labels
111111113,Causal_Oversimplification,3580,3741,train-task2-TC.labels
111111113,Causal_Oversimplification,4865,5006,train-task2-TC.labels
111111113,Loaded_Language,5743,5773,train-task2-TC.labels
111111113,Slogans,5775,5791,train-task2-TC.labels
111111113,Loaded_Language,259,279,train-task2-TC.labels
111111113,Loaded_Language,3658,3663,train-task2-TC.labels
111111113,"Name_Calling,Labeling",5556,5579,train-task2-TC.labels
111111114,Appeal_to_fear-prejudice,1705,1824,train-task2-TC.labels
111111115,Loaded_Language,658,700,train-task2-TC.labels
111111115,Loaded_Language,1870,1893,train-task2-TC.labels
111111115,Appeal_to_Authority,1655,1745,train-task2-TC.labels
111111115,Loaded_Language,2389,2418,train-task2-TC.labels
111111117,Causal_Oversimplification,671,753,train-task2-TC.labels
111111122,Loaded_Language,24,49,train-task2-TC.labels
111111122,"Exaggeration,Minimisation",170,205,train-task2-TC.labels
111111122,Loaded_Language,343,356,train-task2-TC.labels
111111122,Doubt,449,477,train-task2-TC.labels
111111122,Doubt,888,956,train-task2-TC.labels
111111122,"Name_Calling,Labeling",902,919,train-task2-TC.labels
111111122,Doubt,1475,1522,train-task2-TC.labels
111111122,Loaded_Language,1636,1655,train-task2-TC.labels
111111122,Loaded_Language,3210,3224,train-task2-TC.labels
111111122,Doubt,3413,3440,train-task2-TC.labels
111111122,"Exaggeration,Minimisation",3489,3519,train-task2-TC.labels
111111122,Doubt,3991,4046,train-task2-TC.labels
111111122,Loaded_Language,4449,4468,train-task2-TC.labels
111111122,"Name_Calling,Labeling",5027,5059,train-task2-TC.labels
111111122,Loaded_Language,5131,5140,train-task2-TC.labels
111111122,Appeal_to_Authority,5529,5653,train-task2-TC.labels
111111122,Loaded_Language,5778,5797,train-task2-TC.labels
111111122,Causal_Oversimplification,5840,5921,train-task2-TC.labels
111111122,Loaded_Language,5950,5981,train-task2-TC.labels
111111122,Loaded_Language,6441,6451,train-task2-TC.labels
111111122,"Name_Calling,Labeling",6839,6868,train-task2-TC.labels
111111123,Loaded_Language,4321,4333,train-task2-TC.labels
111111124,Loaded_Language,2650,2661,train-task2-TC.labels
111111124,Loaded_Language,4098,4110,train-task2-TC.labels
111111124,"Name_Calling,Labeling",4661,4760,train-task2-TC.labels
111111124,"Exaggeration,Minimisation",3368,3380,train-task2-TC.labels
111111124,Loaded_Language,0,17,train-task2-TC.labels
111111124,Loaded_Language,107,122,train-task2-TC.labels
111111124,Loaded_Language,282,338,train-task2-TC.labels
111111124,"Name_Calling,Labeling",510,540,train-task2-TC.labels
111111124,"Name_Calling,Labeling",2478,2501,train-task2-TC.labels
111111124,Loaded_Language,3557,3590,train-task2-TC.labels
111111124,Causal_Oversimplification,4170,4377,train-task2-TC.labels
111111124,Loaded_Language,4540,4575,train-task2-TC.labels
111111124,Doubt,4622,4760,train-task2-TC.labels
111111124,"Name_Calling,Labeling",4920,4935,train-task2-TC.labels
111111124,"Name_Calling,Labeling",4144,4164,train-task2-TC.labels
111111131,Loaded_Language,84,97,train-task2-TC.labels
111111131,Loaded_Language,102,109,train-task2-TC.labels
111111131,Loaded_Language,180,190,train-task2-TC.labels
111111131,Loaded_Language,207,214,train-task2-TC.labels
111111131,Loaded_Language,326,336,train-task2-TC.labels
111111131,Loaded_Language,352,365,train-task2-TC.labels
111111131,"Name_Calling,Labeling",382,395,train-task2-TC.labels
111111131,"Name_Calling,Labeling",398,413,train-task2-TC.labels
111111131,Loaded_Language,723,731,train-task2-TC.labels
111111131,"Exaggeration,Minimisation",804,811,train-task2-TC.labels
111111131,"Name_Calling,Labeling",823,865,train-task2-TC.labels
111111131,Black-and-White_Fallacy,1031,1068,train-task2-TC.labels
111111131,Loaded_Language,1191,1201,train-task2-TC.labels
111111131,"Name_Calling,Labeling",1977,1992,train-task2-TC.labels
111111131,Loaded_Language,2660,2671,train-task2-TC.labels
111111131,Loaded_Language,2728,2739,train-task2-TC.labels
111111131,Loaded_Language,2897,2908,train-task2-TC.labels
111111131,Loaded_Language,2912,2923,train-task2-TC.labels
111111131,Slogans,2953,2997,train-task2-TC.labels
111111131,Loaded_Language,3396,3416,train-task2-TC.labels
111111131,Loaded_Language,3437,3445,train-task2-TC.labels
111111131,Loaded_Language,3738,3748,train-task2-TC.labels
111111131,Loaded_Language,4008,4014,train-task2-TC.labels
111111131,Repetition,4030,4038,train-task2-TC.labels
111111131,"Name_Calling,Labeling",4152,4169,train-task2-TC.labels
111111131,Loaded_Language,4224,4230,train-task2-TC.labels
111111131,Loaded_Language,4256,4264,train-task2-TC.labels
111111131,Repetition,4339,4352,train-task2-TC.labels
111111131,Repetition,4531,4546,train-task2-TC.labels
111111131,Loaded_Language,4635,4643,train-task2-TC.labels
111111131,Loaded_Language,4752,4768,train-task2-TC.labels
111111131,Loaded_Language,4882,4899,train-task2-TC.labels
111111131,Loaded_Language,5174,5186,train-task2-TC.labels
111111131,"Exaggeration,Minimisation",5244,5262,train-task2-TC.labels
111111131,Repetition,5281,5289,train-task2-TC.labels
111111131,"Exaggeration,Minimisation",5369,5378,train-task2-TC.labels
111111131,Flag-Waving,5904,5916,train-task2-TC.labels
111111131,Repetition,5938,5950,train-task2-TC.labels
111111131,"Name_Calling,Labeling",6920,6937,train-task2-TC.labels
111111131,"Exaggeration,Minimisation",6957,6971,train-task2-TC.labels
111111131,"Name_Calling,Labeling",7314,7324,train-task2-TC.labels
111111131,Repetition,7700,7708,train-task2-TC.labels
111111132,Loaded_Language,7925,7943,train-task2-TC.labels
111111132,Loaded_Language,147,151,train-task2-TC.labels
111111132,"Name_Calling,Labeling",2262,2272,train-task2-TC.labels
111111132,"Name_Calling,Labeling",2280,2292,train-task2-TC.labels
111111132,Black-and-White_Fallacy,4198,4249,train-task2-TC.labels
111111132,Black-and-White_Fallacy,4427,4497,train-task2-TC.labels
111111132,Appeal_to_fear-prejudice,4307,4320,train-task2-TC.labels
111111132,Loaded_Language,4779,4787,train-task2-TC.labels
111111132,Loaded_Language,7582,7594,train-task2-TC.labels
111111132,"Name_Calling,Labeling",8607,8630,train-task2-TC.labels
111111132,"Whataboutism,Straw_Men,Red_Herring",9598,9650,train-task2-TC.labels
111111132,Loaded_Language,10340,10350,train-task2-TC.labels
111111132,Loaded_Language,10851,10860,train-task2-TC.labels
111111132,Slogans,12045,12087,train-task2-TC.labels
111111132,Black-and-White_Fallacy,5776,5811,train-task2-TC.labels
111111133,Loaded_Language,1224,1244,train-task2-TC.labels
111111133,Loaded_Language,2593,2606,train-task2-TC.labels
111111133,Black-and-White_Fallacy,4159,4173,train-task2-TC.labels
111111133,Loaded_Language,358,367,train-task2-TC.labels
111111133,Loaded_Language,460,465,train-task2-TC.labels
111111133,Loaded_Language,504,507,train-task2-TC.labels
111111133,Loaded_Language,1070,1077,train-task2-TC.labels
111111133,Loaded_Language,2572,2589,train-task2-TC.labels
111111133,"Name_Calling,Labeling",2625,2646,train-task2-TC.labels
111111133,Loaded_Language,2944,2950,train-task2-TC.labels
111111133,Loaded_Language,3830,3836,train-task2-TC.labels
111111134,"Name_Calling,Labeling",945,984,train-task2-TC.labels
111111134,"Exaggeration,Minimisation",1415,1514,train-task2-TC.labels
111111134,Repetition,1225,1237,train-task2-TC.labels
111111134,"Name_Calling,Labeling",2427,2456,train-task2-TC.labels
111111135,"Bandwagon,Reductio_ad_hitlerum",3286,3319,train-task2-TC.labels
111111135,Repetition,4583,4590,train-task2-TC.labels
111111135,Loaded_Language,582,611,train-task2-TC.labels
111111135,Causal_Oversimplification,543,683,train-task2-TC.labels
111111135,Loaded_Language,835,844,train-task2-TC.labels
111111135,Loaded_Language,1476,1483,train-task2-TC.labels
111111135,Appeal_to_Authority,1929,2341,train-task2-TC.labels
111111135,"Name_Calling,Labeling",2984,3018,train-task2-TC.labels
111111135,Loaded_Language,3045,3084,train-task2-TC.labels
111111135,"Exaggeration,Minimisation",3262,3319,train-task2-TC.labels
111111135,Loaded_Language,4580,4590,train-task2-TC.labels
111111135,Loaded_Language,6524,6539,train-task2-TC.labels
111111135,Loaded_Language,6813,6839,train-task2-TC.labels
111111135,"Exaggeration,Minimisation",7009,7036,train-task2-TC.labels
111111135,Loaded_Language,2045,2051,train-task2-TC.labels
111111135,Doubt,4433,4498,train-task2-TC.labels
111111135,Loaded_Language,7134,7152,train-task2-TC.labels
111111136,Loaded_Language,1243,1254,train-task2-TC.labels
111111136,Flag-Waving,1874,2026,train-task2-TC.labels
111111137,Loaded_Language,2321,2332,train-task2-TC.labels
111111137,"Exaggeration,Minimisation",143,183,train-task2-TC.labels
111111137,Loaded_Language,2058,2064,train-task2-TC.labels
694327499,Loaded_Language,9221,9252,train-task2-TC.labels
694327499,Loaded_Language,11573,11606,train-task2-TC.labels
694327499,Causal_Oversimplification,1366,1501,train-task2-TC.labels
694327499,Loaded_Language,2798,2874,train-task2-TC.labels
694327499,"Name_Calling,Labeling",3032,3055,train-task2-TC.labels
694327499,"Name_Calling,Labeling",3656,3688,train-task2-TC.labels
694327499,Causal_Oversimplification,4811,4934,train-task2-TC.labels
694327499,"Name_Calling,Labeling",4944,4978,train-task2-TC.labels
694327499,Loaded_Language,5950,6079,train-task2-TC.labels
694327499,"Name_Calling,Labeling",6320,6343,train-task2-TC.labels
694327499,Loaded_Language,9393,9408,train-task2-TC.labels
694327499,Appeal_to_fear-prejudice,9630,9695,train-task2-TC.labels
694327499,"Name_Calling,Labeling",11470,11661,train-task2-TC.labels
694327499,Loaded_Language,11720,11770,train-task2-TC.labels
694327499,Loaded_Language,110,142,train-task2-TC.labels
694327499,Thought-terminating_Cliches,6296,6318,train-task2-TC.labels
694356862,Loaded_Language,86,106,train-task2-TC.labels
694356862,Loaded_Language,820,830,train-task2-TC.labels
694356862,Loaded_Language,2378,2399,train-task2-TC.labels
694356862,Loaded_Language,4680,4691,train-task2-TC.labels
694356862,Causal_Oversimplification,71,171,train-task2-TC.labels
694356862,"Exaggeration,Minimisation",270,311,train-task2-TC.labels
694356862,Causal_Oversimplification,532,574,train-task2-TC.labels
694356862,"Exaggeration,Minimisation",713,795,train-task2-TC.labels
694356862,Causal_Oversimplification,854,922,train-task2-TC.labels
694356862,Flag-Waving,2754,2768,train-task2-TC.labels
694356862,Appeal_to_fear-prejudice,5069,5184,train-task2-TC.labels
694356862,Doubt,5363,5430,train-task2-TC.labels
694356862,Loaded_Language,733,747,train-task2-TC.labels
694811415,Black-and-White_Fallacy,274,321,train-task2-TC.labels
694811415,Thought-terminating_Cliches,854,913,train-task2-TC.labels
694811415,Doubt,1013,1112,train-task2-TC.labels
694811415,"Bandwagon,Reductio_ad_hitlerum",1629,1719,train-task2-TC.labels
694811415,Appeal_to_Authority,498,546,train-task2-TC.labels
694811415,Doubt,1,23,train-task2-TC.labels
695833178,Doubt,1992,2104,train-task2-TC.labels
695833178,Doubt,364,405,train-task2-TC.labels
695833178,Appeal_to_Authority,546,624,train-task2-TC.labels
695833178,Doubt,2420,2438,train-task2-TC.labels
695833178,Flag-Waving,597,624,train-task2-TC.labels
695833178,Doubt,76,102,train-task2-TC.labels
695833178,Repetition,1040,1093,train-task2-TC.labels
695833178,Flag-Waving,1074,1093,train-task2-TC.labels
695833178,Appeal_to_Authority,837,954,train-task2-TC.labels
695833178,"Name_Calling,Labeling",2420,2438,train-task2-TC.labels
695833178,Doubt,2510,2570,train-task2-TC.labels
696246189,Repetition,861,882,train-task2-TC.labels
696246189,"Whataboutism,Straw_Men,Red_Herring",2552,2645,train-task2-TC.labels
696246189,Repetition,2848,2898,train-task2-TC.labels
696246189,Repetition,3236,3277,train-task2-TC.labels
696264594,"Name_Calling,Labeling",388,414,train-task2-TC.labels
696264594,Loaded_Language,490,520,train-task2-TC.labels
696264594,"Bandwagon,Reductio_ad_hitlerum",899,972,train-task2-TC.labels
696264594,Loaded_Language,1173,1207,train-task2-TC.labels
696264594,"Name_Calling,Labeling",1313,1356,train-task2-TC.labels
696264594,Repetition,3752,3766,train-task2-TC.labels
696264594,Loaded_Language,6029,6043,train-task2-TC.labels
696264594,Loaded_Language,6754,6784,train-task2-TC.labels
696264594,Appeal_to_fear-prejudice,7337,7433,train-task2-TC.labels
696264594,Flag-Waving,3829,4015,train-task2-TC.labels
696264594,Loaded_Language,6201,6207,train-task2-TC.labels
696264594,Thought-terminating_Cliches,7013,7040,train-task2-TC.labels
696264594,Black-and-White_Fallacy,7337,7433,train-task2-TC.labels
696694316,Thought-terminating_Cliches,3987,4010,train-task2-TC.labels
696694316,Loaded_Language,603,661,train-task2-TC.labels
696694316,Loaded_Language,1020,1094,train-task2-TC.labels
696694316,Loaded_Language,3276,3379,train-task2-TC.labels
696694316,Loaded_Language,3471,4010,train-task2-TC.labels
696694316,Loaded_Language,4478,4500,train-task2-TC.labels
696694316,Loaded_Language,7026,7097,train-task2-TC.labels
696694316,Black-and-White_Fallacy,7971,8295,train-task2-TC.labels
696694316,Black-and-White_Fallacy,8298,8642,train-task2-TC.labels
696694316,Appeal_to_fear-prejudice,9586,9819,train-task2-TC.labels
696694316,"Bandwagon,Reductio_ad_hitlerum",9373,9584,train-task2-TC.labels
696694316,Loaded_Language,11102,11126,train-task2-TC.labels
696694316,Loaded_Language,12634,12736,train-task2-TC.labels
696694316,Thought-terminating_Cliches,13456,13555,train-task2-TC.labels
696694316,Loaded_Language,4376,4395,train-task2-TC.labels
696694316,Black-and-White_Fallacy,10661,10866,train-task2-TC.labels
696694316,Appeal_to_fear-prejudice,12738,12848,train-task2-TC.labels
696735702,Doubt,2630,2685,train-task2-TC.labels
696735702,Doubt,1115,1140,train-task2-TC.labels
696735702,Doubt,3585,3632,train-task2-TC.labels
697063039,Thought-terminating_Cliches,1975,2072,train-task2-TC.labels
697063039,"Exaggeration,Minimisation",1160,1220,train-task2-TC.labels
697063039,"Exaggeration,Minimisation",1375,1413,train-task2-TC.labels
697063039,"Name_Calling,Labeling",1824,1852,train-task2-TC.labels
697063039,Loaded_Language,115,120,train-task2-TC.labels
697063039,Loaded_Language,142,152,train-task2-TC.labels
697063039,Flag-Waving,1226,1346,train-task2-TC.labels
697063039,Loaded_Language,1828,1845,train-task2-TC.labels
697444415,Loaded_Language,512,539,train-task2-TC.labels
697444415,"Whataboutism,Straw_Men,Red_Herring",1471,1596,train-task2-TC.labels
697444415,Loaded_Language,2817,2831,train-task2-TC.labels
697444415,Doubt,2959,3022,train-task2-TC.labels
697444415,Doubt,2815,2860,train-task2-TC.labels
697454736,"Whataboutism,Straw_Men,Red_Herring",8030,8056,train-task2-TC.labels
697454736,"Whataboutism,Straw_Men,Red_Herring",599,751,train-task2-TC.labels
697454736,Appeal_to_Authority,3216,3400,train-task2-TC.labels
697454736,Doubt,4856,5044,train-task2-TC.labels
697454736,Appeal_to_fear-prejudice,7080,7176,train-task2-TC.labels
697454736,Thought-terminating_Cliches,7417,7444,train-task2-TC.labels
697454736,Loaded_Language,8140,8197,train-task2-TC.labels
697454736,"Whataboutism,Straw_Men,Red_Herring",8793,8976,train-task2-TC.labels
697454736,Appeal_to_Authority,9555,9692,train-task2-TC.labels
697454736,Black-and-White_Fallacy,10671,10950,train-task2-TC.labels
697454736,Loaded_Language,11963,12026,train-task2-TC.labels
697454736,Loaded_Language,12492,12644,train-task2-TC.labels
697454736,Doubt,12874,13038,train-task2-TC.labels
697454736,Loaded_Language,7761,7777,train-task2-TC.labels
697454736,"Name_Calling,Labeling",10597,10632,train-task2-TC.labels
697472447,Doubt,3600,3640,train-task2-TC.labels
697472447,Doubt,2430,2528,train-task2-TC.labels
697472447,Doubt,3397,3459,train-task2-TC.labels
697959084,Thought-terminating_Cliches,2647,2664,train-task2-TC.labels
697959084,Loaded_Language,128,157,train-task2-TC.labels
697959084,Doubt,1689,1765,train-task2-TC.labels
697959084,Flag-Waving,1689,1790,train-task2-TC.labels
697959084,Repetition,2783,2857,train-task2-TC.labels
697959084,Doubt,2914,2988,train-task2-TC.labels
697996062,"Name_Calling,Labeling",94,108,train-task2-TC.labels
697996062,"Exaggeration,Minimisation",427,469,train-task2-TC.labels
698018235,Appeal_to_fear-prejudice,1659,1883,train-task2-TC.labels
698018235,"Bandwagon,Reductio_ad_hitlerum",2917,3000,train-task2-TC.labels
698018235,"Name_Calling,Labeling",305,335,train-task2-TC.labels
698018235,"Name_Calling,Labeling",555,581,train-task2-TC.labels
698018235,Loaded_Language,657,687,train-task2-TC.labels
698018235,"Name_Calling,Labeling",641,652,train-task2-TC.labels
698018235,"Bandwagon,Reductio_ad_hitlerum",976,1049,train-task2-TC.labels
698018235,Repetition,1482,1493,train-task2-TC.labels
698018235,Loaded_Language,3538,3578,train-task2-TC.labels
698018235,Loaded_Language,3623,3649,train-task2-TC.labels
698018235,Appeal_to_Authority,976,1047,train-task2-TC.labels
698018235,Loaded_Language,1910,1919,train-task2-TC.labels
698018235,Black-and-White_Fallacy,2132,2410,train-task2-TC.labels
698018235,Loaded_Language,2431,2460,train-task2-TC.labels
698018235,Loaded_Language,2723,2730,train-task2-TC.labels
698018235,"Bandwagon,Reductio_ad_hitlerum",3283,3380,train-task2-TC.labels
698018235,Black-and-White_Fallacy,3514,3649,train-task2-TC.labels
698092698,"Name_Calling,Labeling",306,327,train-task2-TC.labels
698092698,Repetition,675,692,train-task2-TC.labels
698092698,Doubt,694,784,train-task2-TC.labels
698092698,Doubt,1997,2029,train-task2-TC.labels
698092698,Doubt,353,371,train-task2-TC.labels
698092698,Doubt,577,693,train-task2-TC.labels
698092698,Doubt,2393,2453,train-task2-TC.labels
698092698,Doubt,5882,5948,train-task2-TC.labels
698503276,Loaded_Language,7295,7301,train-task2-TC.labels
698503276,Loaded_Language,1057,1084,train-task2-TC.labels
698503276,Loaded_Language,1169,1228,train-task2-TC.labels
698503276,Flag-Waving,1272,1302,train-task2-TC.labels
698503276,Repetition,1340,1370,train-task2-TC.labels
698503276,Repetition,1404,1456,train-task2-TC.labels
698503276,Repetition,4539,4559,train-task2-TC.labels
698503276,Repetition,6447,6487,train-task2-TC.labels
698503276,Appeal_to_fear-prejudice,8730,8957,train-task2-TC.labels
698503276,Loaded_Language,177,200,train-task2-TC.labels
698503276,"Whataboutism,Straw_Men,Red_Herring",1303,1402,train-task2-TC.labels
698503276,Slogans,3107,3132,train-task2-TC.labels
698503276,Loaded_Language,4612,4630,train-task2-TC.labels
698503276,Loaded_Language,6946,6983,train-task2-TC.labels
698503276,Loaded_Language,7332,7348,train-task2-TC.labels
698503276,Appeal_to_fear-prejudice,7932,8164,train-task2-TC.labels
698503276,"Bandwagon,Reductio_ad_hitlerum",9024,9279,train-task2-TC.labels
698503276,Loaded_Language,9044,9055,train-task2-TC.labels
698719689,"Bandwagon,Reductio_ad_hitlerum",300,321,train-task2-TC.labels
698719689,Loaded_Language,1440,1449,train-task2-TC.labels
698719689,Loaded_Language,131,144,train-task2-TC.labels
698719689,Loaded_Language,1594,1611,train-task2-TC.labels
698719689,Appeal_to_fear-prejudice,190,321,train-task2-TC.labels
698719689,Appeal_to_fear-prejudice,1542,1611,train-task2-TC.labels
698719689,"Name_Calling,Labeling",2324,2335,train-task2-TC.labels
698780559,Doubt,733,764,train-task2-TC.labels
698780559,Doubt,458,625,train-task2-TC.labels
698780559,Doubt,337,372,train-task2-TC.labels
698780559,Repetition,60,95,train-task2-TC.labels
698780559,Loaded_Language,541,571,train-task2-TC.labels
698780559,Repetition,1908,1931,train-task2-TC.labels
698780559,Doubt,2364,2399,train-task2-TC.labels
699142854,Appeal_to_fear-prejudice,2181,2246,train-task2-TC.labels
699142854,Appeal_to_fear-prejudice,7160,7228,train-task2-TC.labels
699142854,Loaded_Language,692,708,train-task2-TC.labels
699142854,Flag-Waving,930,981,train-task2-TC.labels
699142854,Loaded_Language,1013,1039,train-task2-TC.labels
699142854,Flag-Waving,1041,1102,train-task2-TC.labels
699142854,Appeal_to_fear-prejudice,1596,1620,train-task2-TC.labels
699142854,Repetition,3149,3217,train-task2-TC.labels
699142854,Doubt,4131,4274,train-task2-TC.labels
699142854,Loaded_Language,4889,4906,train-task2-TC.labels
699142854,"Name_Calling,Labeling",7574,7602,train-task2-TC.labels
699142854,"Name_Calling,Labeling",1402,1429,train-task2-TC.labels
699142854,Loaded_Language,2548,2584,train-task2-TC.labels
699142854,Repetition,6974,6981,train-task2-TC.labels
699142854,Repetition,7069,7083,train-task2-TC.labels
699142854,Repetition,7018,7034,train-task2-TC.labels
699142854,Repetition,6934,6952,train-task2-TC.labels
699142854,Causal_Oversimplification,8894,8971,train-task2-TC.labels
699291100,Loaded_Language,640,646,train-task2-TC.labels
699291100,Repetition,15,25,train-task2-TC.labels
699291100,Repetition,3420,3430,train-task2-TC.labels
699291100,Repetition,3829,3839,train-task2-TC.labels
699291100,Repetition,4424,4434,train-task2-TC.labels
699291100,Repetition,4836,4846,train-task2-TC.labels
699291100,Repetition,4985,4992,train-task2-TC.labels
699291100,Loaded_Language,200,218,train-task2-TC.labels
699291100,Loaded_Language,4816,4830,train-task2-TC.labels
699478811,Appeal_to_fear-prejudice,2175,2289,train-task2-TC.labels
699478811,Loaded_Language,4836,4888,train-task2-TC.labels
699478811,Repetition,4871,4888,train-task2-TC.labels
699478811,"Bandwagon,Reductio_ad_hitlerum",5692,5759,train-task2-TC.labels
699478811,Thought-terminating_Cliches,7653,7692,train-task2-TC.labels
699478811,Appeal_to_fear-prejudice,190,356,train-task2-TC.labels
699478811,Loaded_Language,447,487,train-task2-TC.labels
699478811,Appeal_to_fear-prejudice,3410,3554,train-task2-TC.labels
699478811,Loaded_Language,4494,4509,train-task2-TC.labels
699478811,Loaded_Language,6742,6759,train-task2-TC.labels
699478811,Causal_Oversimplification,7653,7692,train-task2-TC.labels
699478811,Loaded_Language,8519,8557,train-task2-TC.labels
699478811,Appeal_to_fear-prejudice,2060,2119,train-task2-TC.labels
699478811,Appeal_to_fear-prejudice,2886,3062,train-task2-TC.labels
699478811,Appeal_to_fear-prejudice,4890,4924,train-task2-TC.labels
699478811,Appeal_to_fear-prejudice,5511,5554,train-task2-TC.labels
699478811,Appeal_to_fear-prejudice,5692,5761,train-task2-TC.labels
699478811,"Bandwagon,Reductio_ad_hitlerum",5785,5877,train-task2-TC.labels
699478811,Loaded_Language,7155,7173,train-task2-TC.labels
699478811,Appeal_to_fear-prejudice,8030,8167,train-task2-TC.labels
700387229,Loaded_Language,24,34,train-task2-TC.labels
700387229,Appeal_to_Authority,243,259,train-task2-TC.labels
700387229,Appeal_to_Authority,394,425,train-task2-TC.labels
700387229,Appeal_to_Authority,435,449,train-task2-TC.labels
700387229,Repetition,435,449,train-task2-TC.labels
700387229,Repetition,243,259,train-task2-TC.labels
700387229,Repetition,37,51,train-task2-TC.labels
700387229,Appeal_to_Authority,763,782,train-task2-TC.labels
700387229,Loaded_Language,1123,1133,train-task2-TC.labels
700387229,Appeal_to_Authority,925,966,train-task2-TC.labels
700387229,Appeal_to_Authority,1303,1321,train-task2-TC.labels
700387229,Loaded_Language,2201,2211,train-task2-TC.labels
700387229,Appeal_to_Authority,2948,3026,train-task2-TC.labels
700387229,Repetition,3136,3164,train-task2-TC.labels
700387229,Appeal_to_fear-prejudice,2761,2818,train-task2-TC.labels
700387229,Appeal_to_fear-prejudice,3136,3164,train-task2-TC.labels
700461600,"Exaggeration,Minimisation",717,760,train-task2-TC.labels
700461600,"Whataboutism,Straw_Men,Red_Herring",1547,1746,train-task2-TC.labels
700461600,Black-and-White_Fallacy,2352,2497,train-task2-TC.labels
700461600,Doubt,2805,2868,train-task2-TC.labels
700461600,Flag-Waving,2726,2788,train-task2-TC.labels
700461600,Black-and-White_Fallacy,3073,3131,train-task2-TC.labels
700461600,"Name_Calling,Labeling",3549,3559,train-task2-TC.labels
700461600,Flag-Waving,3963,4080,train-task2-TC.labels
700461600,Appeal_to_fear-prejudice,4210,4440,train-task2-TC.labels
700461600,Doubt,1551,1562,train-task2-TC.labels
700461600,Doubt,1613,1620,train-task2-TC.labels
700461600,Appeal_to_fear-prejudice,2400,2497,train-task2-TC.labels
700461600,Doubt,2318,2351,train-task2-TC.labels
700461600,Appeal_to_fear-prejudice,3073,3255,train-task2-TC.labels
700461600,"Name_Calling,Labeling",4510,4530,train-task2-TC.labels
700461600,"Bandwagon,Reductio_ad_hitlerum",4657,4709,train-task2-TC.labels
700551604,"Bandwagon,Reductio_ad_hitlerum",5659,5818,train-task2-TC.labels
700551604,Flag-Waving,1881,2028,train-task2-TC.labels
700551604,"Exaggeration,Minimisation",2735,2776,train-task2-TC.labels
700551604,Doubt,3068,3179,train-task2-TC.labels
700551604,"Exaggeration,Minimisation",3209,3232,train-task2-TC.labels
700551604,Loaded_Language,3383,3403,train-task2-TC.labels
700551604,"Name_Calling,Labeling",5322,5341,train-task2-TC.labels
700551604,Loaded_Language,6897,6915,train-task2-TC.labels
700551604,Loaded_Language,1657,1686,train-task2-TC.labels
700551604,Causal_Oversimplification,1881,2028,train-task2-TC.labels
700551604,Causal_Oversimplification,2034,2149,train-task2-TC.labels
700551604,Loaded_Language,2566,2610,train-task2-TC.labels
700551604,"Exaggeration,Minimisation",2830,2880,train-task2-TC.labels
700551604,"Exaggeration,Minimisation",2894,2954,train-task2-TC.labels
700551604,Loaded_Language,3209,3232,train-task2-TC.labels
700551604,Causal_Oversimplification,3326,3364,train-task2-TC.labels
700551604,"Exaggeration,Minimisation",4462,4524,train-task2-TC.labels
700551604,Loaded_Language,4686,4698,train-task2-TC.labels
700551604,Causal_Oversimplification,5977,6095,train-task2-TC.labels
700551604,Causal_Oversimplification,7425,7512,train-task2-TC.labels
700551604,Causal_Oversimplification,7547,7629,train-task2-TC.labels
700551604,Causal_Oversimplification,7694,7798,train-task2-TC.labels
700551604,Flag-Waving,8615,8671,train-task2-TC.labels
700551604,Flag-Waving,8924,8977,train-task2-TC.labels
700551604,Flag-Waving,9219,9324,train-task2-TC.labels
700551604,"Name_Calling,Labeling",3698,3735,train-task2-TC.labels
700551604,"Bandwagon,Reductio_ad_hitlerum",5343,5410,train-task2-TC.labels
700662577,"Exaggeration,Minimisation",245,271,train-task2-TC.labels
700662577,Loaded_Language,641,779,train-task2-TC.labels
700662577,"Exaggeration,Minimisation",1385,1423,train-task2-TC.labels
700662577,Loaded_Language,1570,1600,train-task2-TC.labels
700662577,"Exaggeration,Minimisation",2777,2812,train-task2-TC.labels
700662577,Loaded_Language,60,86,train-task2-TC.labels
700662577,Loaded_Language,108,119,train-task2-TC.labels
700662577,Loaded_Language,1217,1227,train-task2-TC.labels
700662577,Appeal_to_fear-prejudice,1570,1765,train-task2-TC.labels
700662577,Flag-Waving,1907,1984,train-task2-TC.labels
700662577,Loaded_Language,2794,2812,train-task2-TC.labels
700662577,Loaded_Language,3515,3529,train-task2-TC.labels
701225819,"Name_Calling,Labeling",177,187,train-task2-TC.labels
701225819,Repetition,2689,2694,train-task2-TC.labels
701225819,Repetition,2787,2792,train-task2-TC.labels
701225819,Loaded_Language,2982,2991,train-task2-TC.labels
701225819,"Name_Calling,Labeling",77,99,train-task2-TC.labels
701225819,"Name_Calling,Labeling",996,1019,train-task2-TC.labels
701225819,Loaded_Language,2174,2182,train-task2-TC.labels
701225819,Repetition,2747,2752,train-task2-TC.labels
701225819,Slogans,3787,3804,train-task2-TC.labels
701225819,"Name_Calling,Labeling",3837,3860,train-task2-TC.labels
701225819,"Name_Calling,Labeling",4606,4636,train-task2-TC.labels
701225819,"Name_Calling,Labeling",4720,4739,train-task2-TC.labels
701225819,Appeal_to_fear-prejudice,131,143,train-task2-TC.labels
701225819,Loaded_Language,305,313,train-task2-TC.labels
701225819,Appeal_to_fear-prejudice,1201,1299,train-task2-TC.labels
701225819,"Name_Calling,Labeling",1525,1551,train-task2-TC.labels
701225819,Loaded_Language,1572,1583,train-task2-TC.labels
701225819,Loaded_Language,1767,1771,train-task2-TC.labels
701225819,Repetition,2616,2621,train-task2-TC.labels
701225819,Loaded_Language,3309,3315,train-task2-TC.labels
701225819,"Name_Calling,Labeling",4268,4313,train-task2-TC.labels
701225819,Loaded_Language,5914,5927,train-task2-TC.labels
701225819,Loaded_Language,6102,6112,train-task2-TC.labels
701225819,"Name_Calling,Labeling",111,143,train-task2-TC.labels
701225819,Appeal_to_fear-prejudice,1493,1605,train-task2-TC.labels
701225819,"Name_Calling,Labeling",1872,1889,train-task2-TC.labels
701225819,Slogans,1967,1987,train-task2-TC.labels
701225819,"Name_Calling,Labeling",2798,2811,train-task2-TC.labels
701299732,Appeal_to_Authority,588,628,train-task2-TC.labels
701299732,Appeal_to_Authority,1569,1600,train-task2-TC.labels
701299732,Appeal_to_Authority,2236,2327,train-task2-TC.labels
701299732,"Name_Calling,Labeling",101,114,train-task2-TC.labels
701299732,Appeal_to_fear-prejudice,0,13,train-task2-TC.labels
701299732,Appeal_to_fear-prejudice,60,80,train-task2-TC.labels
701299732,Appeal_to_fear-prejudice,244,299,train-task2-TC.labels
701299732,Appeal_to_fear-prejudice,638,655,train-task2-TC.labels
701299732,Appeal_to_fear-prejudice,1718,1735,train-task2-TC.labels
701299732,Appeal_to_fear-prejudice,2297,2327,train-task2-TC.labels
701299732,"Name_Calling,Labeling",39,52,train-task2-TC.labels
701447437,Loaded_Language,50,93,train-task2-TC.labels
701447437,Loaded_Language,189,211,train-task2-TC.labels
701447437,Appeal_to_Authority,363,376,train-task2-TC.labels
701447437,Appeal_to_Authority,1092,1168,train-task2-TC.labels
701447437,Causal_Oversimplification,343,430,train-task2-TC.labels
701447437,Causal_Oversimplification,570,727,train-task2-TC.labels
701447437,"Exaggeration,Minimisation",1423,1442,train-task2-TC.labels
701447437,"Exaggeration,Minimisation",1556,1599,train-task2-TC.labels
701447437,Doubt,1556,1643,train-task2-TC.labels
701447437,Doubt,1649,1722,train-task2-TC.labels
701447437,Doubt,1112,1168,train-task2-TC.labels
701447437,Appeal_to_fear-prejudice,939,1017,train-task2-TC.labels
701447437,"Name_Calling,Labeling",1542,1555,train-task2-TC.labels
701553469,Appeal_to_fear-prejudice,4178,4280,train-task2-TC.labels
701553469,Loaded_Language,31,41,train-task2-TC.labels
701553469,Slogans,77,143,train-task2-TC.labels
701553469,Loaded_Language,351,361,train-task2-TC.labels
701553469,"Name_Calling,Labeling",1716,1744,train-task2-TC.labels
701553469,"Name_Calling,Labeling",1864,1887,train-task2-TC.labels
701553469,"Exaggeration,Minimisation",3139,3159,train-task2-TC.labels
701553469,Slogans,3455,3476,train-task2-TC.labels
701553469,"Name_Calling,Labeling",3695,3715,train-task2-TC.labels
701553469,Loaded_Language,3898,3916,train-task2-TC.labels
701553469,Causal_Oversimplification,1983,2143,train-task2-TC.labels
701553469,Loaded_Language,288,302,train-task2-TC.labels
701553469,Doubt,2486,2651,train-task2-TC.labels
701553469,Doubt,2666,2781,train-task2-TC.labels
701837665,"Name_Calling,Labeling",803,833,train-task2-TC.labels
701837665,"Name_Calling,Labeling",1806,1828,train-task2-TC.labels
701837665,Doubt,1364,1449,train-task2-TC.labels
701837665,"Exaggeration,Minimisation",5040,5084,train-task2-TC.labels
701837665,"Exaggeration,Minimisation",7193,7229,train-task2-TC.labels
701837665,Loaded_Language,8276,8312,train-task2-TC.labels
701837665,Flag-Waving,9299,9329,train-task2-TC.labels
701837665,"Exaggeration,Minimisation",10112,10206,train-task2-TC.labels
701837665,Doubt,10208,10227,train-task2-TC.labels
701837665,"Exaggeration,Minimisation",761,801,train-task2-TC.labels
701837665,Causal_Oversimplification,1829,2008,train-task2-TC.labels
701837665,"Exaggeration,Minimisation",2534,2575,train-task2-TC.labels
701837665,"Exaggeration,Minimisation",2618,2726,train-task2-TC.labels
701837665,Causal_Oversimplification,2792,2940,train-task2-TC.labels
701837665,Repetition,2828,2849,train-task2-TC.labels
701837665,Causal_Oversimplification,3251,3423,train-task2-TC.labels
701837665,Loaded_Language,3510,3534,train-task2-TC.labels
701837665,Causal_Oversimplification,3824,3883,train-task2-TC.labels
701837665,Causal_Oversimplification,3958,4067,train-task2-TC.labels
701837665,Loaded_Language,5068,5084,train-task2-TC.labels
701837665,Loaded_Language,5821,5840,train-task2-TC.labels
701837665,Causal_Oversimplification,6697,6873,train-task2-TC.labels
701837665,Appeal_to_fear-prejudice,7193,7357,train-task2-TC.labels
701837665,"Exaggeration,Minimisation",7401,7455,train-task2-TC.labels
701837665,"Whataboutism,Straw_Men,Red_Herring",7727,7747,train-task2-TC.labels
701837665,Appeal_to_Authority,7785,7841,train-task2-TC.labels
701837665,Causal_Oversimplification,7529,7666,train-task2-TC.labels
701837665,"Name_Calling,Labeling",8115,8155,train-task2-TC.labels
701837665,Doubt,8453,8556,train-task2-TC.labels
701837665,"Whataboutism,Straw_Men,Red_Herring",9331,9372,train-task2-TC.labels
701837665,"Name_Calling,Labeling",9425,9433,train-task2-TC.labels
701837665,"Exaggeration,Minimisation",9471,9500,train-task2-TC.labels
701837665,Loaded_Language,9741,9756,train-task2-TC.labels
701837665,"Name_Calling,Labeling",9780,9814,train-task2-TC.labels
701837665,"Name_Calling,Labeling",10090,10111,train-task2-TC.labels
701837665,Causal_Oversimplification,10802,10972,train-task2-TC.labels
701837665,Causal_Oversimplification,11844,11915,train-task2-TC.labels
701837665,Thought-terminating_Cliches,11964,12007,train-task2-TC.labels
701837665,Loaded_Language,12031,12047,train-task2-TC.labels
701837665,Loaded_Language,12178,12197,train-task2-TC.labels
701837665,"Exaggeration,Minimisation",12594,12665,train-task2-TC.labels
701837665,Thought-terminating_Cliches,2456,2470,train-task2-TC.labels
701837665,Loaded_Language,2544,2563,train-task2-TC.labels
701837665,Doubt,2740,2762,train-task2-TC.labels
701837665,Appeal_to_fear-prejudice,2942,2991,train-task2-TC.labels
701837665,Flag-Waving,12381,12476,train-task2-TC.labels
701933838,Appeal_to_fear-prejudice,981,1153,train-task2-TC.labels
701939679,Doubt,234,337,train-task2-TC.labels
701939679,"Name_Calling,Labeling",361,374,train-task2-TC.labels
701939679,Doubt,339,529,train-task2-TC.labels
701939679,Repetition,1474,1664,train-task2-TC.labels
702077434,Loaded_Language,1264,1275,train-task2-TC.labels
702077434,Thought-terminating_Cliches,1377,1393,train-task2-TC.labels
702077434,Loaded_Language,1377,1414,train-task2-TC.labels
702077434,"Exaggeration,Minimisation",1701,1732,train-task2-TC.labels
702077434,Repetition,1830,1891,train-task2-TC.labels
702077783,Loaded_Language,342,363,train-task2-TC.labels
702077783,Flag-Waving,401,475,train-task2-TC.labels
702077783,"Name_Calling,Labeling",243,276,train-task2-TC.labels
702077783,Doubt,233,289,train-task2-TC.labels
702077783,"Name_Calling,Labeling",513,525,train-task2-TC.labels
702077783,Doubt,1853,1917,train-task2-TC.labels
702077783,Doubt,291,335,train-task2-TC.labels
702111021,Repetition,1114,1127,train-task2-TC.labels
702111021,Repetition,2179,2193,train-task2-TC.labels
702111021,Repetition,2272,2286,train-task2-TC.labels
702111021,Repetition,3388,3402,train-task2-TC.labels
702111021,Repetition,3908,3922,train-task2-TC.labels
702111021,Loaded_Language,1639,1676,train-task2-TC.labels
702111021,Loaded_Language,2047,2092,train-task2-TC.labels
702111021,Appeal_to_Authority,3668,3773,train-task2-TC.labels
702111021,"Name_Calling,Labeling",3994,4051,train-task2-TC.labels
702111021,Loaded_Language,2223,2237,train-task2-TC.labels
702111021,Black-and-White_Fallacy,4140,4186,train-task2-TC.labels
703056647,Loaded_Language,53,61,train-task2-TC.labels
703056647,Appeal_to_Authority,25,61,train-task2-TC.labels
703056647,Loaded_Language,204,238,train-task2-TC.labels
703056647,"Exaggeration,Minimisation",239,275,train-task2-TC.labels
703056647,Repetition,470,477,train-task2-TC.labels
703056647,Repetition,223,230,train-task2-TC.labels
703056647,Repetition,53,61,train-task2-TC.labels
703056647,Appeal_to_Authority,2412,2475,train-task2-TC.labels
703056647,Causal_Oversimplification,1987,2041,train-task2-TC.labels
703056647,Doubt,2102,2176,train-task2-TC.labels
703056647,Appeal_to_Authority,661,717,train-task2-TC.labels
703056647,Appeal_to_Authority,926,1018,train-task2-TC.labels
703056647,Causal_Oversimplification,1418,1495,train-task2-TC.labels
703056647,"Name_Calling,Labeling",25,36,train-task2-TC.labels
703056647,Appeal_to_fear-prejudice,25,61,train-task2-TC.labels
703056647,Appeal_to_fear-prejudice,223,275,train-task2-TC.labels
703056647,Appeal_to_fear-prejudice,684,717,train-task2-TC.labels
703056647,Appeal_to_fear-prejudice,1109,1140,train-task2-TC.labels
703056647,Appeal_to_fear-prejudice,1919,1984,train-task2-TC.labels
703056647,Appeal_to_fear-prejudice,2412,2473,train-task2-TC.labels
703698295,Appeal_to_fear-prejudice,5829,5877,train-task2-TC.labels
703698295,Loaded_Language,5917,5958,train-task2-TC.labels
703698295,Loaded_Language,8483,8503,train-task2-TC.labels
703698295,"Name_Calling,Labeling",320,353,train-task2-TC.labels
703698295,Loaded_Language,2687,2722,train-task2-TC.labels
703698295,"Name_Calling,Labeling",2792,2808,train-task2-TC.labels
703698295,"Name_Calling,Labeling",2818,2850,train-task2-TC.labels
703698295,"Name_Calling,Labeling",3183,3200,train-task2-TC.labels
703698295,Loaded_Language,4571,4597,train-task2-TC.labels
703698295,Loaded_Language,4797,4815,train-task2-TC.labels
703698295,Repetition,6647,6657,train-task2-TC.labels
703698295,"Name_Calling,Labeling",7231,7261,train-task2-TC.labels
703698295,Loaded_Language,7641,7660,train-task2-TC.labels
703698295,Causal_Oversimplification,8634,8734,train-task2-TC.labels
703698295,Black-and-White_Fallacy,9765,9961,train-task2-TC.labels
703698295,Loaded_Language,12626,12642,train-task2-TC.labels
703698295,Appeal_to_fear-prejudice,822,941,train-task2-TC.labels
703698295,Appeal_to_fear-prejudice,1633,1702,train-task2-TC.labels
703698295,Loaded_Language,1805,1819,train-task2-TC.labels
703698295,"Exaggeration,Minimisation",2073,2088,train-task2-TC.labels
703698295,Loaded_Language,2285,2298,train-task2-TC.labels
703698295,Appeal_to_fear-prejudice,4687,4739,train-task2-TC.labels
703698295,Loaded_Language,7231,7245,train-task2-TC.labels
703698295,Loaded_Language,7719,7741,train-task2-TC.labels
703698295,Causal_Oversimplification,8006,8060,train-task2-TC.labels
703698295,"Name_Calling,Labeling",8954,8976,train-task2-TC.labels
703698295,Appeal_to_fear-prejudice,10166,10229,train-task2-TC.labels
703698295,Loaded_Language,10820,10828,train-task2-TC.labels
703806098,Loaded_Language,166,185,train-task2-TC.labels
703806098,Doubt,2609,2665,train-task2-TC.labels
703806098,Loaded_Language,1605,1622,train-task2-TC.labels
703806098,Doubt,1632,1698,train-task2-TC.labels
703806098,Loaded_Language,144,160,train-task2-TC.labels
703806098,Loaded_Language,1435,1455,train-task2-TC.labels
703821117,Loaded_Language,2350,2366,train-task2-TC.labels
703821117,Loaded_Language,3483,3500,train-task2-TC.labels
703821117,"Name_Calling,Labeling",11087,11105,train-task2-TC.labels
703821117,Loaded_Language,11655,11671,train-task2-TC.labels
703821117,"Name_Calling,Labeling",12003,12039,train-task2-TC.labels
703821117,"Exaggeration,Minimisation",12349,12363,train-task2-TC.labels
703821117,Loaded_Language,14142,14158,train-task2-TC.labels
703821117,Loaded_Language,16781,16835,train-task2-TC.labels
703821117,Appeal_to_fear-prejudice,17552,17689,train-task2-TC.labels
703821117,"Exaggeration,Minimisation",179,236,train-task2-TC.labels
703821117,Causal_Oversimplification,114,174,train-task2-TC.labels
703821117,Flag-Waving,472,532,train-task2-TC.labels
703821117,Flag-Waving,833,880,train-task2-TC.labels
703821117,"Name_Calling,Labeling",2475,2523,train-task2-TC.labels
703821117,"Exaggeration,Minimisation",3368,3383,train-task2-TC.labels
703821117,"Exaggeration,Minimisation",3519,3571,train-task2-TC.labels
703821117,"Exaggeration,Minimisation",3893,3974,train-task2-TC.labels
703821117,"Exaggeration,Minimisation",5022,5080,train-task2-TC.labels
703821117,Causal_Oversimplification,5281,5373,train-task2-TC.labels
703821117,"Name_Calling,Labeling",6445,6453,train-task2-TC.labels
703821117,Causal_Oversimplification,6520,6609,train-task2-TC.labels
703821117,"Exaggeration,Minimisation",6620,6637,train-task2-TC.labels
703821117,Flag-Waving,7264,7314,train-task2-TC.labels
703821117,Loaded_Language,7674,7693,train-task2-TC.labels
703821117,Doubt,10469,10570,train-task2-TC.labels
703821117,"Whataboutism,Straw_Men,Red_Herring",10572,10680,train-task2-TC.labels
703821117,Doubt,10697,10805,train-task2-TC.labels
703821117,"Exaggeration,Minimisation",10740,10765,train-task2-TC.labels
703821117,"Whataboutism,Straw_Men,Red_Herring",10860,10997,train-task2-TC.labels
703821117,"Exaggeration,Minimisation",10820,10845,train-task2-TC.labels
703821117,Doubt,11221,11328,train-task2-TC.labels
703821117,Repetition,12149,12243,train-task2-TC.labels
703821117,"Name_Calling,Labeling",13152,13167,train-task2-TC.labels
703821117,Loaded_Language,13316,13369,train-task2-TC.labels
703821117,"Exaggeration,Minimisation",13902,13935,train-task2-TC.labels
703821117,Causal_Oversimplification,13936,13958,train-task2-TC.labels
703821117,Causal_Oversimplification,13960,14030,train-task2-TC.labels
703821117,Repetition,18531,18550,train-task2-TC.labels
703821117,Flag-Waving,14419,14458,train-task2-TC.labels
703821117,Causal_Oversimplification,14511,14640,train-task2-TC.labels
703821117,Causal_Oversimplification,14752,14920,train-task2-TC.labels
703821117,Thought-terminating_Cliches,15047,15069,train-task2-TC.labels
703821117,Causal_Oversimplification,15216,15279,train-task2-TC.labels
703821117,Causal_Oversimplification,15785,15851,train-task2-TC.labels
703821117,Loaded_Language,16195,16231,train-task2-TC.labels
703821117,Causal_Oversimplification,16335,16411,train-task2-TC.labels
703821117,Loaded_Language,16976,17013,train-task2-TC.labels
703821117,Appeal_to_Authority,17016,17049,train-task2-TC.labels
703821117,"Name_Calling,Labeling",18269,18325,train-task2-TC.labels
703821117,"Exaggeration,Minimisation",18378,18396,train-task2-TC.labels
703821117,Flag-Waving,18447,18550,train-task2-TC.labels
703821117,"Exaggeration,Minimisation",18604,18639,train-task2-TC.labels
703821117,Loaded_Language,195,222,train-task2-TC.labels
703821117,"Bandwagon,Reductio_ad_hitlerum",5281,5323,train-task2-TC.labels
703821117,"Bandwagon,Reductio_ad_hitlerum",6046,6098,train-task2-TC.labels
703821117,Appeal_to_fear-prejudice,17150,17244,train-task2-TC.labels
703821117,"Bandwagon,Reductio_ad_hitlerum",18275,18323,train-task2-TC.labels
704591553,Loaded_Language,238,265,train-task2-TC.labels
704591553,Appeal_to_fear-prejudice,1999,2059,train-task2-TC.labels
704591553,Loaded_Language,2802,2816,train-task2-TC.labels
704591553,Loaded_Language,71,103,train-task2-TC.labels
704591553,Loaded_Language,278,285,train-task2-TC.labels
704591553,Loaded_Language,933,954,train-task2-TC.labels
704591553,"Name_Calling,Labeling",1016,1029,train-task2-TC.labels
704591553,"Name_Calling,Labeling",1125,1141,train-task2-TC.labels
704591553,Loaded_Language,1280,1292,train-task2-TC.labels
704591553,"Name_Calling,Labeling",1805,1832,train-task2-TC.labels
704591553,Doubt,2180,2228,train-task2-TC.labels
704591553,Slogans,2765,2780,train-task2-TC.labels
704591553,Loaded_Language,3153,3163,train-task2-TC.labels
704591553,"Exaggeration,Minimisation",3827,3881,train-task2-TC.labels
704591553,"Name_Calling,Labeling",3883,3911,train-task2-TC.labels
704591553,Repetition,3895,3911,train-task2-TC.labels
704591553,"Exaggeration,Minimisation",4058,4124,train-task2-TC.labels
704591553,"Name_Calling,Labeling",4064,4103,train-task2-TC.labels
704591553,"Name_Calling,Labeling",4454,4480,train-task2-TC.labels
704591553,Loaded_Language,4493,4508,train-task2-TC.labels
704591553,Doubt,4965,5082,train-task2-TC.labels
704591553,Appeal_to_fear-prejudice,697,822,train-task2-TC.labels
704591553,Loaded_Language,1696,1718,train-task2-TC.labels
704591553,Loaded_Language,1868,1883,train-task2-TC.labels
704591553,"Bandwagon,Reductio_ad_hitlerum",3221,3359,train-task2-TC.labels
704591553,Loaded_Language,4398,4405,train-task2-TC.labels
704856340,Doubt,4007,4185,train-task2-TC.labels
704856340,Flag-Waving,4107,4185,train-task2-TC.labels
704856340,Doubt,4187,4324,train-task2-TC.labels
704856340,Loaded_Language,4285,4324,train-task2-TC.labels
705035735,Loaded_Language,15,22,train-task2-TC.labels
705035735,Loaded_Language,42,70,train-task2-TC.labels
705035735,Appeal_to_Authority,1035,1063,train-task2-TC.labels
705035735,Appeal_to_Authority,1297,1404,train-task2-TC.labels
705035735,Loaded_Language,2403,2426,train-task2-TC.labels
705035735,Appeal_to_Authority,2579,2643,train-task2-TC.labels
705035735,Loaded_Language,3016,3078,train-task2-TC.labels
705035735,"Name_Calling,Labeling",57,70,train-task2-TC.labels
705035735,Appeal_to_fear-prejudice,0,32,train-task2-TC.labels
705035735,Appeal_to_fear-prejudice,34,70,train-task2-TC.labels
705035735,"Name_Calling,Labeling",239,250,train-task2-TC.labels
705035735,Appeal_to_fear-prejudice,2981,3010,train-task2-TC.labels
705409419,Loaded_Language,138,158,train-task2-TC.labels
705409419,Loaded_Language,1367,1418,train-task2-TC.labels
705409419,Doubt,1702,1830,train-task2-TC.labels
705409419,"Name_Calling,Labeling",2058,2114,train-task2-TC.labels
705409419,Causal_Oversimplification,4226,4381,train-task2-TC.labels
705409419,Loaded_Language,4383,4570,train-task2-TC.labels
705409419,Loaded_Language,6069,6164,train-task2-TC.labels
705409419,Loaded_Language,950,1042,train-task2-TC.labels
706088110,Repetition,3279,3292,train-task2-TC.labels
706088110,Causal_Oversimplification,1117,1229,train-task2-TC.labels
706088110,Causal_Oversimplification,1019,1068,train-task2-TC.labels
706088110,"Whataboutism,Straw_Men,Red_Herring",2203,2282,train-task2-TC.labels
706088110,Black-and-White_Fallacy,3513,3590,train-task2-TC.labels
706088110,Repetition,818,832,train-task2-TC.labels
706088110,Repetition,1081,1087,train-task2-TC.labels
706088110,Repetition,1330,1344,train-task2-TC.labels
706088110,Repetition,2103,2117,train-task2-TC.labels
706088110,Repetition,2578,2591,train-task2-TC.labels
706088110,Repetition,2914,2928,train-task2-TC.labels
706088110,Repetition,3223,3236,train-task2-TC.labels
706088110,Repetition,3458,3472,train-task2-TC.labels
706501640,Loaded_Language,20,26,train-task2-TC.labels
706501640,Appeal_to_Authority,233,288,train-task2-TC.labels
706501640,Repetition,7,49,train-task2-TC.labels
706501640,Repetition,237,288,train-task2-TC.labels
706501640,Repetition,568,603,train-task2-TC.labels
706501640,Repetition,742,805,train-task2-TC.labels
706501640,Repetition,1110,1168,train-task2-TC.labels
706501640,Loaded_Language,1321,1331,train-task2-TC.labels
706501640,Loaded_Language,1527,1544,train-task2-TC.labels
706501640,Appeal_to_fear-prejudice,31,72,train-task2-TC.labels
706501640,Appeal_to_fear-prejudice,765,805,train-task2-TC.labels
706501640,Appeal_to_fear-prejudice,1689,1714,train-task2-TC.labels
706600938,Doubt,557,644,train-task2-TC.labels
706600938,"Name_Calling,Labeling",2803,2827,train-task2-TC.labels
706600938,Doubt,5924,6161,train-task2-TC.labels
706600938,Loaded_Language,1083,1248,train-task2-TC.labels
706600938,Loaded_Language,1429,1550,train-task2-TC.labels
706600938,Doubt,2617,2789,train-task2-TC.labels
706600938,Loaded_Language,2904,2927,train-task2-TC.labels
706600938,Loaded_Language,2792,2881,train-task2-TC.labels
706600938,Loaded_Language,3393,3674,train-task2-TC.labels
706600938,Loaded_Language,4323,4478,train-task2-TC.labels
706600938,Loaded_Language,5527,5556,train-task2-TC.labels
706600938,Thought-terminating_Cliches,7698,7726,train-task2-TC.labels
706600938,Appeal_to_Authority,3137,3197,train-task2-TC.labels
706636401,Loaded_Language,3353,3363,train-task2-TC.labels
706636401,Doubt,3802,3966,train-task2-TC.labels
706636401,Doubt,992,1001,train-task2-TC.labels
706636401,Doubt,2911,2939,train-task2-TC.labels
706636401,Doubt,3724,3747,train-task2-TC.labels
706636401,Loaded_Language,3934,3952,train-task2-TC.labels
706661242,"Name_Calling,Labeling",95,113,train-task2-TC.labels
706661242,"Name_Calling,Labeling",1316,1341,train-task2-TC.labels
706661242,"Name_Calling,Labeling",150,171,train-task2-TC.labels
706777811,"Name_Calling,Labeling",58,107,train-task2-TC.labels
706777811,Appeal_to_Authority,567,596,train-task2-TC.labels
706777811,Loaded_Language,807,817,train-task2-TC.labels
706777811,Appeal_to_Authority,1118,1153,train-task2-TC.labels
706777811,"Name_Calling,Labeling",1893,1906,train-task2-TC.labels
706777811,Appeal_to_Authority,3126,3198,train-task2-TC.labels
706777811,Loaded_Language,3256,3272,train-task2-TC.labels
706777811,Appeal_to_Authority,3494,3577,train-task2-TC.labels
706777811,Repetition,3302,3380,train-task2-TC.labels
706777811,Repetition,3389,3440,train-task2-TC.labels
706777811,Repetition,3494,3620,train-task2-TC.labels
706777811,"Name_Calling,Labeling",0,11,train-task2-TC.labels
706777811,Appeal_to_fear-prejudice,819,867,train-task2-TC.labels
706777811,Appeal_to_fear-prejudice,1049,1061,train-task2-TC.labels
706777811,Appeal_to_fear-prejudice,1249,1274,train-task2-TC.labels
706777811,Appeal_to_fear-prejudice,1408,1481,train-task2-TC.labels
706777811,Appeal_to_fear-prejudice,2451,2607,train-task2-TC.labels
706777811,Appeal_to_fear-prejudice,2654,2682,train-task2-TC.labels
706777811,Appeal_to_fear-prejudice,3580,3620,train-task2-TC.labels
706777811,Appeal_to_fear-prejudice,3687,3743,train-task2-TC.labels
707451080,Loaded_Language,563,579,train-task2-TC.labels
707451080,Loaded_Language,698,735,train-task2-TC.labels
707451080,Appeal_to_fear-prejudice,1723,1819,train-task2-TC.labels
707451080,Repetition,4462,4493,train-task2-TC.labels
707451080,"Name_Calling,Labeling",4664,4699,train-task2-TC.labels
707451080,"Name_Calling,Labeling",4789,4820,train-task2-TC.labels
707451080,Loaded_Language,259,276,train-task2-TC.labels
707451080,Appeal_to_fear-prejudice,351,496,train-task2-TC.labels
707451080,"Name_Calling,Labeling",662,688,train-task2-TC.labels
707451080,Loaded_Language,1306,1337,train-task2-TC.labels
707451080,Slogans,1629,1656,train-task2-TC.labels
707451080,Flag-Waving,1657,1721,train-task2-TC.labels
707451080,Loaded_Language,2207,2240,train-task2-TC.labels
707451080,Loaded_Language,2249,2273,train-task2-TC.labels
707451080,Loaded_Language,2312,2360,train-task2-TC.labels
707451080,Loaded_Language,3497,3542,train-task2-TC.labels
707451080,Flag-Waving,3987,4075,train-task2-TC.labels
707451080,Loaded_Language,4882,4898,train-task2-TC.labels
707451080,"Exaggeration,Minimisation",5035,5079,train-task2-TC.labels
707451080,Loaded_Language,5166,5219,train-task2-TC.labels
707451080,"Exaggeration,Minimisation",5166,5219,train-task2-TC.labels
707451080,Flag-Waving,5890,5993,train-task2-TC.labels
707451080,Appeal_to_fear-prejudice,5995,6131,train-task2-TC.labels
707451080,Flag-Waving,614,735,train-task2-TC.labels
707451080,Loaded_Language,5983,5993,train-task2-TC.labels
707566605,"Name_Calling,Labeling",154,165,train-task2-TC.labels
707566605,Appeal_to_Authority,21,77,train-task2-TC.labels
707566605,Repetition,220,265,train-task2-TC.labels
707566605,Repetition,505,541,train-task2-TC.labels
707566605,Appeal_to_Authority,752,857,train-task2-TC.labels
707566605,"Exaggeration,Minimisation",1222,1253,train-task2-TC.labels
707566605,"Name_Calling,Labeling",1260,1271,train-task2-TC.labels
707566605,Repetition,1385,1430,train-task2-TC.labels
707566605,Repetition,1772,1820,train-task2-TC.labels
707566605,Appeal_to_fear-prejudice,546,586,train-task2-TC.labels
707566605,Appeal_to_fear-prejudice,1665,1718,train-task2-TC.labels
707566605,Appeal_to_fear-prejudice,2652,2693,train-task2-TC.labels
707772906,Loaded_Language,2351,2365,train-task2-TC.labels
707772906,Loaded_Language,5409,5463,train-task2-TC.labels
707772906,Loaded_Language,265,281,train-task2-TC.labels
707772906,"Exaggeration,Minimisation",1121,1165,train-task2-TC.labels
707772906,"Whataboutism,Straw_Men,Red_Herring",4042,4181,train-task2-TC.labels
707772906,"Name_Calling,Labeling",4879,4904,train-task2-TC.labels
707772906,Black-and-White_Fallacy,5174,5329,train-task2-TC.labels
707772906,"Exaggeration,Minimisation",550,604,train-task2-TC.labels
707772906,Loaded_Language,906,972,train-task2-TC.labels
707772906,Slogans,1363,1383,train-task2-TC.labels
707772906,"Exaggeration,Minimisation",1705,1727,train-task2-TC.labels
707772906,"Exaggeration,Minimisation",1743,1762,train-task2-TC.labels
707772906,"Exaggeration,Minimisation",1829,1850,train-task2-TC.labels
707772906,Appeal_to_fear-prejudice,2221,2323,train-task2-TC.labels
707772906,Loaded_Language,2626,2644,train-task2-TC.labels
707772906,Loaded_Language,3360,3405,train-task2-TC.labels
707772906,Loaded_Language,3635,3674,train-task2-TC.labels
707772906,Loaded_Language,3916,3967,train-task2-TC.labels
707772906,Appeal_to_fear-prejudice,4652,4751,train-task2-TC.labels
707772906,Appeal_to_fear-prejudice,5077,5172,train-task2-TC.labels
708071969,Appeal_to_fear-prejudice,2372,2408,train-task2-TC.labels
708071969,"Name_Calling,Labeling",7,18,train-task2-TC.labels
708071969,Loaded_Language,32,40,train-task2-TC.labels
708071969,Appeal_to_Authority,115,215,train-task2-TC.labels
708071969,"Name_Calling,Labeling",422,433,train-task2-TC.labels
708071969,Causal_Oversimplification,228,249,train-task2-TC.labels
708071969,Causal_Oversimplification,647,673,train-task2-TC.labels
708071969,Causal_Oversimplification,804,845,train-task2-TC.labels
708071969,"Name_Calling,Labeling",2021,2032,train-task2-TC.labels
708071969,Repetition,2372,2408,train-task2-TC.labels
708071969,Repetition,2455,2485,train-task2-TC.labels
708071969,Repetition,2159,2202,train-task2-TC.labels
708071969,Repetition,1768,1850,train-task2-TC.labels
708071969,Appeal_to_fear-prejudice,32,40,train-task2-TC.labels
708071969,Appeal_to_fear-prejudice,78,113,train-task2-TC.labels
708071969,Loaded_Language,300,308,train-task2-TC.labels
708071969,Appeal_to_fear-prejudice,1054,1111,train-task2-TC.labels
708071969,Appeal_to_fear-prejudice,2724,2768,train-task2-TC.labels
708487008,"Name_Calling,Labeling",0,11,train-task2-TC.labels
708487008,Repetition,339,374,train-task2-TC.labels
708487008,Appeal_to_Authority,602,714,train-task2-TC.labels
708487008,Repetition,820,857,train-task2-TC.labels
708487008,"Name_Calling,Labeling",1735,1746,train-task2-TC.labels
708487008,Appeal_to_fear-prejudice,21,58,train-task2-TC.labels
708487008,Appeal_to_fear-prejudice,160,267,train-task2-TC.labels
708487008,Appeal_to_fear-prejudice,1721,1753,train-task2-TC.labels
708561738,Loaded_Language,897,930,train-task2-TC.labels
708561738,Flag-Waving,0,85,train-task2-TC.labels
708561738,Flag-Waving,87,172,train-task2-TC.labels
708561738,Loaded_Language,280,298,train-task2-TC.labels
708561738,Flag-Waving,792,840,train-task2-TC.labels
708561738,Appeal_to_fear-prejudice,1520,1636,train-task2-TC.labels
708561738,Causal_Oversimplification,1670,1774,train-task2-TC.labels
708561738,Loaded_Language,1968,1999,train-task2-TC.labels
708561738,"Exaggeration,Minimisation",2062,2102,train-task2-TC.labels
708561738,Slogans,2291,2318,train-task2-TC.labels
708561738,Appeal_to_fear-prejudice,2360,2474,train-task2-TC.labels
708561738,"Name_Calling,Labeling",2529,2552,train-task2-TC.labels
708561738,Flag-Waving,2919,2959,train-task2-TC.labels
708561738,Loaded_Language,1621,1636,train-task2-TC.labels
709732928,Repetition,10768,10775,train-task2-TC.labels
709732928,Repetition,10826,10833,train-task2-TC.labels
709732928,Loaded_Language,1428,1432,train-task2-TC.labels
709732928,Loaded_Language,1811,1820,train-task2-TC.labels
709732928,Loaded_Language,1957,1966,train-task2-TC.labels
709732928,Loaded_Language,8532,8539,train-task2-TC.labels
709732928,Flag-Waving,11982,11997,train-task2-TC.labels
709732928,Loaded_Language,160,172,train-task2-TC.labels
709732928,Loaded_Language,6464,6474,train-task2-TC.labels
709732928,Repetition,8158,8168,train-task2-TC.labels
709732928,"Name_Calling,Labeling",8613,8616,train-task2-TC.labels
709732928,Flag-Waving,10865,10882,train-task2-TC.labels
709732928,Loaded_Language,12,21,train-task2-TC.labels
709732928,Loaded_Language,2169,2173,train-task2-TC.labels
709732928,Loaded_Language,2583,2587,train-task2-TC.labels
709732928,Flag-Waving,7346,7359,train-task2-TC.labels
709732928,Loaded_Language,7579,7590,train-task2-TC.labels
709732928,"Name_Calling,Labeling",8521,8530,train-task2-TC.labels
709732928,"Name_Calling,Labeling",8532,8546,train-task2-TC.labels
709732928,Repetition,10416,10440,train-task2-TC.labels
709732928,Repetition,10525,10552,train-task2-TC.labels
709732928,Repetition,10660,10675,train-task2-TC.labels
709732928,Repetition,2177,2184,train-task2-TC.labels
709732928,Repetition,3682,3689,train-task2-TC.labels
709732928,Repetition,3732,3742,train-task2-TC.labels
709732928,Repetition,8491,8498,train-task2-TC.labels
709732928,Repetition,9458,9465,train-task2-TC.labels
709732928,Loaded_Language,251,259,train-task2-TC.labels
710100700,Appeal_to_fear-prejudice,1203,1375,train-task2-TC.labels
710376094,Repetition,505,526,train-task2-TC.labels
710376094,Loaded_Language,1996,2014,train-task2-TC.labels
711566593,Black-and-White_Fallacy,1779,1815,train-task2-TC.labels
711566593,Doubt,3631,3710,train-task2-TC.labels
711566593,"Exaggeration,Minimisation",0,27,train-task2-TC.labels
711566593,"Whataboutism,Straw_Men,Red_Herring",254,280,train-task2-TC.labels
711566593,"Whataboutism,Straw_Men,Red_Herring",854,1029,train-task2-TC.labels
711566593,Loaded_Language,1164,1250,train-task2-TC.labels
711566593,Slogans,1381,1441,train-task2-TC.labels
711566593,Loaded_Language,1308,1369,train-task2-TC.labels
711566593,Loaded_Language,1652,1693,train-task2-TC.labels
711566593,Thought-terminating_Cliches,1698,1715,train-task2-TC.labels
711566593,Loaded_Language,1817,1860,train-task2-TC.labels
711566593,Loaded_Language,2228,2255,train-task2-TC.labels
711566593,Loaded_Language,2397,2416,train-task2-TC.labels
711566593,Loaded_Language,2689,2708,train-task2-TC.labels
711566593,"Exaggeration,Minimisation",3305,3356,train-task2-TC.labels
711566593,Appeal_to_fear-prejudice,3534,3609,train-task2-TC.labels
711566593,Loaded_Language,3724,3752,train-task2-TC.labels
711566593,"Exaggeration,Minimisation",4431,4544,train-task2-TC.labels
711566593,"Whataboutism,Straw_Men,Red_Herring",854,1029,train-task2-TC.labels
711566593,Repetition,1189,1195,train-task2-TC.labels
711566593,Repetition,1212,1218,train-task2-TC.labels
711566593,Repetition,1686,1693,train-task2-TC.labels
711566593,Loaded_Language,2132,2168,train-task2-TC.labels
711566593,Appeal_to_Authority,2189,2255,train-task2-TC.labels
711566593,Appeal_to_Authority,2313,2432,train-task2-TC.labels
711566593,Appeal_to_Authority,2435,2644,train-task2-TC.labels
711596363,Flag-Waving,4373,4389,train-task2-TC.labels
711596363,Loaded_Language,13,33,train-task2-TC.labels
711596363,Loaded_Language,258,277,train-task2-TC.labels
711596363,Loaded_Language,1194,1252,train-task2-TC.labels
711596363,Loaded_Language,1408,1421,train-task2-TC.labels
711596363,Loaded_Language,3136,3156,train-task2-TC.labels
711596363,Loaded_Language,3065,3084,train-task2-TC.labels
711596363,Loaded_Language,3277,3297,train-task2-TC.labels
711596363,Appeal_to_fear-prejudice,3700,3872,train-task2-TC.labels
711596363,Loaded_Language,3973,3992,train-task2-TC.labels
711596363,Loaded_Language,4573,4625,train-task2-TC.labels
711596363,Loaded_Language,4626,4665,train-task2-TC.labels
711596363,Loaded_Language,4738,4768,train-task2-TC.labels
711596363,Loaded_Language,5391,5412,train-task2-TC.labels
711596363,Loaded_Language,5627,5646,train-task2-TC.labels
711596363,Loaded_Language,5647,5678,train-task2-TC.labels
711596363,"Exaggeration,Minimisation",1944,1954,train-task2-TC.labels
711596363,Loaded_Language,3173,3189,train-task2-TC.labels
711596363,Causal_Oversimplification,3894,4008,train-task2-TC.labels
711596363,Causal_Oversimplification,4985,5098,train-task2-TC.labels
711596363,Loaded_Language,5745,5779,train-task2-TC.labels
711622457,"Whataboutism,Straw_Men,Red_Herring",457,573,train-task2-TC.labels
711622457,Thought-terminating_Cliches,575,599,train-task2-TC.labels
711622457,"Whataboutism,Straw_Men,Red_Herring",616,732,train-task2-TC.labels
711622457,Thought-terminating_Cliches,734,757,train-task2-TC.labels
711622457,Causal_Oversimplification,934,997,train-task2-TC.labels
711622457,Appeal_to_fear-prejudice,1095,1251,train-task2-TC.labels
711622457,Appeal_to_fear-prejudice,1882,1969,train-task2-TC.labels
711622457,Black-and-White_Fallacy,2408,2699,train-task2-TC.labels
711622457,Loaded_Language,2754,2812,train-task2-TC.labels
711622457,Appeal_to_fear-prejudice,3303,3459,train-task2-TC.labels
711622457,Flag-Waving,1329,1362,train-task2-TC.labels
711622457,Loaded_Language,489,526,train-task2-TC.labels
711622457,Doubt,813,847,train-task2-TC.labels
711622457,Appeal_to_fear-prejudice,2409,2697,train-task2-TC.labels
711716996,"Name_Calling,Labeling",1610,1632,train-task2-TC.labels
711716996,Repetition,5284,5298,train-task2-TC.labels
711716996,Causal_Oversimplification,30,85,train-task2-TC.labels
711716996,Causal_Oversimplification,724,862,train-task2-TC.labels
711716996,Loaded_Language,957,992,train-task2-TC.labels
711716996,"Name_Calling,Labeling",1444,1453,train-task2-TC.labels
711716996,"Whataboutism,Straw_Men,Red_Herring",1936,2064,train-task2-TC.labels
711716996,"Exaggeration,Minimisation",2231,2268,train-task2-TC.labels
711716996,Loaded_Language,2320,2345,train-task2-TC.labels
711716996,Causal_Oversimplification,2760,2843,train-task2-TC.labels
711716996,Loaded_Language,2910,2941,train-task2-TC.labels
711716996,Loaded_Language,4002,4025,train-task2-TC.labels
711716996,Loaded_Language,298,304,train-task2-TC.labels
711716996,"Name_Calling,Labeling",839,862,train-task2-TC.labels
711716996,"Name_Calling,Labeling",982,992,train-task2-TC.labels
711716996,Loaded_Language,1600,1631,train-task2-TC.labels
711716996,Loaded_Language,2050,2060,train-task2-TC.labels
711716996,"Name_Calling,Labeling",2933,2941,train-task2-TC.labels
711716996,Repetition,2308,2314,train-task2-TC.labels
711716996,Repetition,3978,3992,train-task2-TC.labels
711716996,Repetition,4068,4082,train-task2-TC.labels
711716996,Repetition,4563,4569,train-task2-TC.labels
711716996,Repetition,4959,4973,train-task2-TC.labels
711964584,Doubt,1822,1871,train-task2-TC.labels
711964584,Doubt,1872,1943,train-task2-TC.labels
711964584,"Whataboutism,Straw_Men,Red_Herring",2918,3005,train-task2-TC.labels
711964584,Appeal_to_fear-prejudice,293,373,train-task2-TC.labels
711964584,Loaded_Language,494,557,train-task2-TC.labels
711964584,Loaded_Language,566,630,train-task2-TC.labels
711964584,Loaded_Language,757,769,train-task2-TC.labels
711964584,Loaded_Language,982,1032,train-task2-TC.labels
711964584,Causal_Oversimplification,2543,2676,train-task2-TC.labels
711964584,Loaded_Language,3240,3276,train-task2-TC.labels
711964584,Black-and-White_Fallacy,3289,3379,train-task2-TC.labels
711964584,Flag-Waving,4087,4113,train-task2-TC.labels
711964584,Loaded_Language,4179,4199,train-task2-TC.labels
711964584,Flag-Waving,4211,4351,train-task2-TC.labels
712382330,Loaded_Language,3611,3673,train-task2-TC.labels
712382330,Loaded_Language,3943,3965,train-task2-TC.labels
712382330,Loaded_Language,4216,4264,train-task2-TC.labels
712382330,Appeal_to_Authority,919,1054,train-task2-TC.labels
713130996,"Bandwagon,Reductio_ad_hitlerum",4555,4677,train-task2-TC.labels
713130996,Loaded_Language,962,1013,train-task2-TC.labels
713130996,"Name_Calling,Labeling",1296,1317,train-task2-TC.labels
713130996,Slogans,1783,1798,train-task2-TC.labels
713130996,Loaded_Language,2698,2734,train-task2-TC.labels
713130996,"Bandwagon,Reductio_ad_hitlerum",3778,3984,train-task2-TC.labels
713130996,"Exaggeration,Minimisation",4355,4463,train-task2-TC.labels
713130996,"Name_Calling,Labeling",5251,5271,train-task2-TC.labels
713130996,Causal_Oversimplification,5222,5332,train-task2-TC.labels
713130996,Appeal_to_Authority,2149,2196,train-task2-TC.labels
715588833,"Exaggeration,Minimisation",660,681,train-task2-TC.labels
715588833,Loaded_Language,2437,2464,train-task2-TC.labels
715588833,Loaded_Language,7098,7129,train-task2-TC.labels
715588833,Doubt,7155,7185,train-task2-TC.labels
715588833,"Name_Calling,Labeling",8811,8841,train-task2-TC.labels
715588833,"Whataboutism,Straw_Men,Red_Herring",10678,10918,train-task2-TC.labels
715588833,"Name_Calling,Labeling",0,17,train-task2-TC.labels
715588833,"Name_Calling,Labeling",412,499,train-task2-TC.labels
715588833,Loaded_Language,624,681,train-task2-TC.labels
715588833,Loaded_Language,1046,1074,train-task2-TC.labels
715588833,Repetition,1753,1770,train-task2-TC.labels
715588833,Loaded_Language,2061,2160,train-task2-TC.labels
715588833,"Exaggeration,Minimisation",2622,2773,train-task2-TC.labels
715588833,Loaded_Language,6660,6744,train-task2-TC.labels
715588833,Black-and-White_Fallacy,7638,7734,train-task2-TC.labels
715588833,Loaded_Language,7829,7855,train-task2-TC.labels
715588833,"Exaggeration,Minimisation",7857,7909,train-task2-TC.labels
715588833,Loaded_Language,8548,8641,train-task2-TC.labels
715588833,"Exaggeration,Minimisation",8479,8546,train-task2-TC.labels
715588833,Loaded_Language,8797,8841,train-task2-TC.labels
715588833,Appeal_to_fear-prejudice,8643,8940,train-task2-TC.labels
715588833,Thought-terminating_Cliches,9232,9268,train-task2-TC.labels
715588833,Loaded_Language,9456,9504,train-task2-TC.labels
715588833,Loaded_Language,9836,10048,train-task2-TC.labels
715588833,"Name_Calling,Labeling",10802,10884,train-task2-TC.labels
715588833,Loaded_Language,11273,11388,train-task2-TC.labels
715588833,Repetition,11390,11426,train-task2-TC.labels
715588833,Loaded_Language,11846,12085,train-task2-TC.labels
715588833,Flag-Waving,11575,11844,train-task2-TC.labels
715588833,Loaded_Language,412,498,train-task2-TC.labels
715790840,Loaded_Language,1438,1483,train-task2-TC.labels
715790840,Appeal_to_Authority,1616,1846,train-task2-TC.labels
715790840,Loaded_Language,1868,1907,train-task2-TC.labels
715790840,Loaded_Language,1941,1956,train-task2-TC.labels
715790840,Loaded_Language,2293,2319,train-task2-TC.labels
715790840,Loaded_Language,2134,2245,train-task2-TC.labels
716469423,"Whataboutism,Straw_Men,Red_Herring",2492,2673,train-task2-TC.labels
716469423,Loaded_Language,2505,2519,train-task2-TC.labels
716469423,Appeal_to_Authority,1955,2197,train-task2-TC.labels
718312499,Doubt,124,231,train-task2-TC.labels
718595845,Appeal_to_fear-prejudice,904,1003,train-task2-TC.labels
718595845,Doubt,2154,2259,train-task2-TC.labels
718595845,Loaded_Language,5170,5182,train-task2-TC.labels
718595845,Doubt,0,32,train-task2-TC.labels
718595845,Doubt,2380,2444,train-task2-TC.labels
718595845,Appeal_to_fear-prejudice,7086,7235,train-task2-TC.labels
718595845,Loaded_Language,1183,1219,train-task2-TC.labels
718595845,Doubt,5443,5542,train-task2-TC.labels
718595845,"Whataboutism,Straw_Men,Red_Herring",305,337,train-task2-TC.labels
718595845,Appeal_to_fear-prejudice,355,448,train-task2-TC.labels
718595845,Loaded_Language,5405,5427,train-task2-TC.labels
718595845,Loaded_Language,6962,7084,train-task2-TC.labels
721406153,"Name_Calling,Labeling",97,129,train-task2-TC.labels
721406153,Doubt,3079,3218,train-task2-TC.labels
721406153,Repetition,4102,4106,train-task2-TC.labels
721406153,Repetition,5473,5478,train-task2-TC.labels
721406153,Repetition,5502,5506,train-task2-TC.labels
721406153,Repetition,5942,5947,train-task2-TC.labels
721406153,Loaded_Language,0,35,train-task2-TC.labels
721406153,Loaded_Language,294,466,train-task2-TC.labels
721406153,Loaded_Language,1123,1150,train-task2-TC.labels
721406153,Loaded_Language,1264,1282,train-task2-TC.labels
721406153,Loaded_Language,1465,1488,train-task2-TC.labels
721406153,Loaded_Language,1992,2020,train-task2-TC.labels
721406153,Black-and-White_Fallacy,2022,2210,train-task2-TC.labels
721406153,Loaded_Language,2530,2575,train-task2-TC.labels
721406153,Causal_Oversimplification,2893,3218,train-task2-TC.labels
721406153,Loaded_Language,5339,5439,train-task2-TC.labels
721406153,Appeal_to_fear-prejudice,5787,5926,train-task2-TC.labels
721406153,Loaded_Language,5927,6036,train-task2-TC.labels
721406153,Loaded_Language,5115,5139,train-task2-TC.labels
721710340,Repetition,4286,4299,train-task2-TC.labels
721710340,Appeal_to_Authority,3416,3671,train-task2-TC.labels
721710340,Repetition,3416,3475,train-task2-TC.labels
721710340,Repetition,3879,4010,train-task2-TC.labels
721710340,"Name_Calling,Labeling",3568,3595,train-task2-TC.labels
721710340,Flag-Waving,3648,3663,train-task2-TC.labels
721710340,Flag-Waving,4259,4277,train-task2-TC.labels
721710340,Flag-Waving,4305,4350,train-task2-TC.labels
721890296,Repetition,1322,1337,train-task2-TC.labels
721890296,Loaded_Language,2109,2257,train-task2-TC.labels
721890296,Loaded_Language,5173,5238,train-task2-TC.labels
721890296,"Name_Calling,Labeling",4429,4451,train-task2-TC.labels
721890296,"Name_Calling,Labeling",70,87,train-task2-TC.labels
721890296,Appeal_to_Authority,48,87,train-task2-TC.labels
721890296,Repetition,71,87,train-task2-TC.labels
721890296,Repetition,168,183,train-task2-TC.labels
721890296,Repetition,260,275,train-task2-TC.labels
721890296,Repetition,883,898,train-task2-TC.labels
721890296,Repetition,3895,3910,train-task2-TC.labels
721890296,Repetition,4486,4501,train-task2-TC.labels
721890296,Repetition,4661,4676,train-task2-TC.labels
721890296,Repetition,4764,4779,train-task2-TC.labels
721890296,Appeal_to_Authority,1825,1854,train-task2-TC.labels
721890296,"Exaggeration,Minimisation",2934,2986,train-task2-TC.labels
721890296,Repetition,3053,3061,train-task2-TC.labels
721890296,Appeal_to_Authority,3427,3477,train-task2-TC.labels
721890296,"Exaggeration,Minimisation",3501,3539,train-task2-TC.labels
721890296,Loaded_Language,5013,5164,train-task2-TC.labels
721890296,Thought-terminating_Cliches,5165,5172,train-task2-TC.labels
721890296,Loaded_Language,759,790,train-task2-TC.labels
721890296,Flag-Waving,4122,4385,train-task2-TC.labels
721890296,Loaded_Language,25,46,train-task2-TC.labels
721890296,Loaded_Language,560,579,train-task2-TC.labels
721890296,Loaded_Language,2091,2105,train-task2-TC.labels
721890296,Black-and-White_Fallacy,2456,2567,train-task2-TC.labels
721890296,Loaded_Language,2817,2860,train-task2-TC.labels
721890296,Flag-Waving,3616,3643,train-task2-TC.labels
721890296,Appeal_to_fear-prejudice,3541,3614,train-task2-TC.labels
721890296,Repetition,3645,3662,train-task2-TC.labels
721890296,Repetition,3682,3702,train-task2-TC.labels
721890296,Flag-Waving,3914,3947,train-task2-TC.labels
721890296,Flag-Waving,4020,4064,train-task2-TC.labels
721890296,Repetition,4900,4918,train-task2-TC.labels
721890296,Appeal_to_fear-prejudice,4923,5011,train-task2-TC.labels
721890296,Appeal_to_fear-prejudice,5032,5058,train-task2-TC.labels
721890296,"Name_Calling,Labeling",5131,5162,train-task2-TC.labels
722507879,Loaded_Language,1369,1376,train-task2-TC.labels
722507879,Loaded_Language,1381,1391,train-task2-TC.labels
722507879,Flag-Waving,3019,3036,train-task2-TC.labels
722507879,Appeal_to_fear-prejudice,3937,3949,train-task2-TC.labels
722507879,"Whataboutism,Straw_Men,Red_Herring",2307,2350,train-task2-TC.labels
722507879,"Whataboutism,Straw_Men,Red_Herring",2356,2414,train-task2-TC.labels
722507879,"Whataboutism,Straw_Men,Red_Herring",2432,2516,train-task2-TC.labels
722507879,"Whataboutism,Straw_Men,Red_Herring",4053,4079,train-task2-TC.labels
722512241,Doubt,2751,2838,train-task2-TC.labels
722512241,Appeal_to_fear-prejudice,391,570,train-task2-TC.labels
722512241,"Name_Calling,Labeling",3903,3925,train-task2-TC.labels
722512241,Appeal_to_fear-prejudice,37,98,train-task2-TC.labels
722512241,Loaded_Language,168,309,train-task2-TC.labels
722512241,"Exaggeration,Minimisation",572,729,train-task2-TC.labels
722512241,Black-and-White_Fallacy,2490,2594,train-task2-TC.labels
722512241,Black-and-White_Fallacy,3673,3733,train-task2-TC.labels
722512241,Black-and-White_Fallacy,3840,3886,train-task2-TC.labels
722512241,Loaded_Language,3903,3925,train-task2-TC.labels
722512241,Loaded_Language,3941,3962,train-task2-TC.labels
722512241,Loaded_Language,3978,4008,train-task2-TC.labels
722512241,Black-and-White_Fallacy,4325,4417,train-task2-TC.labels
722512241,"Bandwagon,Reductio_ad_hitlerum",5116,5333,train-task2-TC.labels
722512241,Black-and-White_Fallacy,5527,5589,train-task2-TC.labels
722512241,"Whataboutism,Straw_Men,Red_Herring",5787,5934,train-task2-TC.labels
722512241,Loaded_Language,6338,6377,train-task2-TC.labels
722512241,Loaded_Language,6673,6846,train-task2-TC.labels
722512241,Appeal_to_fear-prejudice,6847,7044,train-task2-TC.labels
722512241,Black-and-White_Fallacy,7424,7546,train-task2-TC.labels
722512241,Appeal_to_fear-prejudice,7552,7698,train-task2-TC.labels
722512241,Appeal_to_fear-prejudice,7933,8111,train-task2-TC.labels
722512241,Loaded_Language,7933,7967,train-task2-TC.labels
722512241,Appeal_to_fear-prejudice,7276,7398,train-task2-TC.labels
723501118,Loaded_Language,157,176,train-task2-TC.labels
723501118,Loaded_Language,727,741,train-task2-TC.labels
723501118,Thought-terminating_Cliches,1559,1592,train-task2-TC.labels
723501118,"Exaggeration,Minimisation",157,257,train-task2-TC.labels
723501118,Doubt,695,720,train-task2-TC.labels
723501118,Loaded_Language,1440,1451,train-task2-TC.labels
723501118,Doubt,1944,2030,train-task2-TC.labels
723537899,Doubt,3125,3182,train-task2-TC.labels
723537899,Loaded_Language,1917,1925,train-task2-TC.labels
723537899,Appeal_to_fear-prejudice,3463,3515,train-task2-TC.labels
723537899,Doubt,4586,4691,train-task2-TC.labels
723537899,Appeal_to_fear-prejudice,766,778,train-task2-TC.labels
723537899,"Name_Calling,Labeling",436,448,train-task2-TC.labels
723537899,"Name_Calling,Labeling",1100,1113,train-task2-TC.labels
723537899,"Name_Calling,Labeling",1174,1184,train-task2-TC.labels
723537899,Loaded_Language,1264,1323,train-task2-TC.labels
723537899,Loaded_Language,1350,1391,train-task2-TC.labels
723537899,Doubt,1491,1628,train-task2-TC.labels
723537899,Causal_Oversimplification,2228,2300,train-task2-TC.labels
723537899,Doubt,2302,2342,train-task2-TC.labels
723537899,Appeal_to_fear-prejudice,2474,2686,train-task2-TC.labels
723537899,Appeal_to_fear-prejudice,817,871,train-task2-TC.labels
723537899,Doubt,1392,1436,train-task2-TC.labels
723537899,Doubt,1934,1978,train-task2-TC.labels
723793978,Repetition,973,979,train-task2-TC.labels
723793978,Thought-terminating_Cliches,1418,1430,train-task2-TC.labels
723793978,"Exaggeration,Minimisation",1106,1256,train-task2-TC.labels
723823436,Doubt,1581,1679,train-task2-TC.labels
723823436,Doubt,3749,3902,train-task2-TC.labels
723823436,Repetition,365,382,train-task2-TC.labels
723823436,Repetition,1735,1752,train-task2-TC.labels
723823436,Doubt,2061,2088,train-task2-TC.labels
723823436,Thought-terminating_Cliches,3439,3458,train-task2-TC.labels
723844295,Loaded_Language,15,29,train-task2-TC.labels
723844295,Doubt,220,273,train-task2-TC.labels
723844295,Doubt,1242,1270,train-task2-TC.labels
723844295,Causal_Oversimplification,2445,2696,train-task2-TC.labels
723844295,Repetition,1963,1994,train-task2-TC.labels
723844295,Flag-Waving,2027,2040,train-task2-TC.labels
723883127,Loaded_Language,482,499,train-task2-TC.labels
723883127,Repetition,1091,1096,train-task2-TC.labels
723883127,Loaded_Language,1053,1064,train-task2-TC.labels
723883127,Loaded_Language,1789,1822,train-task2-TC.labels
723883127,Loaded_Language,2458,2486,train-task2-TC.labels
723883127,Loaded_Language,0,5,train-task2-TC.labels
723883127,Loaded_Language,160,173,train-task2-TC.labels
723883127,"Name_Calling,Labeling",2475,2486,train-task2-TC.labels
724095467,Loaded_Language,145,161,train-task2-TC.labels
724095467,Doubt,3785,3878,train-task2-TC.labels
724095467,Doubt,165,218,train-task2-TC.labels
724095467,Doubt,2792,2857,train-task2-TC.labels
724095467,"Exaggeration,Minimisation",2963,2970,train-task2-TC.labels
724095467,Doubt,3709,3784,train-task2-TC.labels
724095467,Doubt,3932,3984,train-task2-TC.labels
724095467,Loaded_Language,165,196,train-task2-TC.labels
724095467,Loaded_Language,599,620,train-task2-TC.labels
724095467,Loaded_Language,3735,3766,train-task2-TC.labels
724095467,Doubt,3883,3931,train-task2-TC.labels
724095598,Causal_Oversimplification,848,1011,train-task2-TC.labels
724095598,Loaded_Language,210,218,train-task2-TC.labels
724095598,Doubt,497,517,train-task2-TC.labels
724095598,Doubt,1381,1394,train-task2-TC.labels
724791253,"Name_Calling,Labeling",3015,3031,train-task2-TC.labels
724791253,"Exaggeration,Minimisation",118,137,train-task2-TC.labels
724791253,Loaded_Language,189,228,train-task2-TC.labels
724791253,"Exaggeration,Minimisation",459,515,train-task2-TC.labels
724791253,Black-and-White_Fallacy,918,1208,train-task2-TC.labels
724791253,"Name_Calling,Labeling",1223,1265,train-task2-TC.labels
724791253,Loaded_Language,2585,2611,train-task2-TC.labels
724791253,Appeal_to_fear-prejudice,2770,2829,train-task2-TC.labels
724791253,"Exaggeration,Minimisation",3015,3033,train-task2-TC.labels
724791253,Loaded_Language,3048,3065,train-task2-TC.labels
724791253,Loaded_Language,3579,3602,train-task2-TC.labels
724791253,Loaded_Language,3665,3744,train-task2-TC.labels
724791253,"Bandwagon,Reductio_ad_hitlerum",3912,4039,train-task2-TC.labels
724791253,"Whataboutism,Straw_Men,Red_Herring",517,629,train-task2-TC.labels
724791253,Loaded_Language,319,349,train-task2-TC.labels
724791253,Appeal_to_fear-prejudice,918,1206,train-task2-TC.labels
724791253,Loaded_Language,1223,1254,train-task2-TC.labels
724791253,"Name_Calling,Labeling",1799,1804,train-task2-TC.labels
724791253,Appeal_to_Authority,2702,2827,train-task2-TC.labels
724791253,Loaded_Language,3488,3503,train-task2-TC.labels
725276027,"Bandwagon,Reductio_ad_hitlerum",418,499,train-task2-TC.labels
725276027,"Name_Calling,Labeling",765,789,train-task2-TC.labels
725276027,Causal_Oversimplification,52,160,train-task2-TC.labels
725276027,Loaded_Language,229,247,train-task2-TC.labels
725276027,Appeal_to_fear-prejudice,2063,2268,train-task2-TC.labels
725276027,Loaded_Language,5787,5806,train-task2-TC.labels
725276027,Thought-terminating_Cliches,162,174,train-task2-TC.labels
725276027,Loaded_Language,198,212,train-task2-TC.labels
725276027,Repetition,1339,1353,train-task2-TC.labels
725276027,Repetition,1506,1520,train-task2-TC.labels
725276027,Thought-terminating_Cliches,3316,3333,train-task2-TC.labels
725276027,Repetition,3434,3448,train-task2-TC.labels
725276027,Repetition,3876,3890,train-task2-TC.labels
725276027,Repetition,5311,5325,train-task2-TC.labels
725276027,Loaded_Language,5381,5406,train-task2-TC.labels
725276027,"Name_Calling,Labeling",5792,5806,train-task2-TC.labels
725498022,Loaded_Language,4518,4580,train-task2-TC.labels
725498022,Slogans,6105,6131,train-task2-TC.labels
725498022,"Exaggeration,Minimisation",8065,8084,train-task2-TC.labels
725498022,Thought-terminating_Cliches,16921,16939,train-task2-TC.labels
725498022,"Whataboutism,Straw_Men,Red_Herring",18642,18707,train-task2-TC.labels
725498022,Loaded_Language,757,770,train-task2-TC.labels
725498022,"Name_Calling,Labeling",1058,1085,train-task2-TC.labels
725498022,"Name_Calling,Labeling",1452,1468,train-task2-TC.labels
725498022,Loaded_Language,2686,2720,train-task2-TC.labels
725498022,"Name_Calling,Labeling",4518,4580,train-task2-TC.labels
725498022,Thought-terminating_Cliches,5585,5607,train-task2-TC.labels
725498022,Loaded_Language,5843,5858,train-task2-TC.labels
725498022,Loaded_Language,7181,7203,train-task2-TC.labels
725498022,Loaded_Language,7672,7695,train-task2-TC.labels
725498022,"Name_Calling,Labeling",10212,10237,train-task2-TC.labels
725498022,"Name_Calling,Labeling",10881,10895,train-task2-TC.labels
725498022,"Name_Calling,Labeling",16716,16740,train-task2-TC.labels
725498022,Loaded_Language,17429,17452,train-task2-TC.labels
725498022,"Name_Calling,Labeling",19752,19789,train-task2-TC.labels
725498022,Loaded_Language,20050,20079,train-task2-TC.labels
725498022,Loaded_Language,21226,21249,train-task2-TC.labels
725498022,Appeal_to_fear-prejudice,21723,21950,train-task2-TC.labels
725498022,Loaded_Language,201,211,train-task2-TC.labels
725498022,Loaded_Language,291,302,train-task2-TC.labels
725498022,Loaded_Language,535,581,train-task2-TC.labels
725498022,Loaded_Language,1869,1879,train-task2-TC.labels
725498022,Loaded_Language,3705,3729,train-task2-TC.labels
725498022,"Name_Calling,Labeling",5661,5696,train-task2-TC.labels
725498022,Loaded_Language,6618,6634,train-task2-TC.labels
725498022,Loaded_Language,7261,7279,train-task2-TC.labels
725498022,"Name_Calling,Labeling",8684,8702,train-task2-TC.labels
725498022,"Name_Calling,Labeling",11946,11987,train-task2-TC.labels
725498022,Loaded_Language,14333,14340,train-task2-TC.labels
725498022,Loaded_Language,14373,14389,train-task2-TC.labels
725498022,Loaded_Language,17386,17401,train-task2-TC.labels
725498022,"Name_Calling,Labeling",17832,17837,train-task2-TC.labels
725498022,Doubt,20682,20795,train-task2-TC.labels
725498022,Loaded_Language,21137,21152,train-task2-TC.labels
725731328,Slogans,547,563,train-task2-TC.labels
725731328,"Bandwagon,Reductio_ad_hitlerum",1007,1044,train-task2-TC.labels
725731328,Loaded_Language,2099,2115,train-task2-TC.labels
725731328,Loaded_Language,2149,2167,train-task2-TC.labels
725731328,Thought-terminating_Cliches,2132,2167,train-task2-TC.labels
725731328,Repetition,2252,2279,train-task2-TC.labels
725731328,"Bandwagon,Reductio_ad_hitlerum",2617,2654,train-task2-TC.labels
725731328,Appeal_to_fear-prejudice,2817,2827,train-task2-TC.labels
725731328,Loaded_Language,120,139,train-task2-TC.labels
725731328,Loaded_Language,619,640,train-task2-TC.labels
725731328,Doubt,794,1076,train-task2-TC.labels
725731328,"Exaggeration,Minimisation",1945,1992,train-task2-TC.labels
725731328,"Exaggeration,Minimisation",2232,2279,train-task2-TC.labels
725731328,Loaded_Language,2505,2577,train-task2-TC.labels
725731328,"Whataboutism,Straw_Men,Red_Herring",2670,2722,train-task2-TC.labels
725731328,Loaded_Language,2933,2973,train-task2-TC.labels
725731328,Loaded_Language,4044,4062,train-task2-TC.labels
725731328,Loaded_Language,4719,4731,train-task2-TC.labels
725731328,"Exaggeration,Minimisation",282,289,train-task2-TC.labels
725731328,Appeal_to_fear-prejudice,1996,2062,train-task2-TC.labels
725731328,Flag-Waving,2091,2167,train-task2-TC.labels
725731328,"Bandwagon,Reductio_ad_hitlerum",2171,2224,train-task2-TC.labels
725731328,Appeal_to_fear-prejudice,2381,2577,train-task2-TC.labels
725731328,Appeal_to_fear-prejudice,2861,3020,train-task2-TC.labels
725824328,"Name_Calling,Labeling",3313,3330,train-task2-TC.labels
725824328,Loaded_Language,1027,1045,train-task2-TC.labels
725824328,Repetition,2959,2964,train-task2-TC.labels
725824328,Loaded_Language,3081,3112,train-task2-TC.labels
725824328,Loaded_Language,4189,4199,train-task2-TC.labels
725824328,Doubt,4001,4406,train-task2-TC.labels
725824328,Appeal_to_fear-prejudice,1962,2033,train-task2-TC.labels
725824328,Loaded_Language,2056,2060,train-task2-TC.labels
727128296,Loaded_Language,2296,2312,train-task2-TC.labels
727174208,"Exaggeration,Minimisation",112,162,train-task2-TC.labels
727174208,"Exaggeration,Minimisation",1452,1494,train-task2-TC.labels
727405181,Loaded_Language,193,210,train-task2-TC.labels
727493378,Doubt,563,822,train-task2-TC.labels
727493378,Thought-terminating_Cliches,1272,1285,train-task2-TC.labels
727493378,Loaded_Language,493,502,train-task2-TC.labels
727493378,Doubt,1769,1866,train-task2-TC.labels
727493378,Loaded_Language,1943,1995,train-task2-TC.labels
727493378,Doubt,1997,2265,train-task2-TC.labels
727493378,Doubt,3072,3149,train-task2-TC.labels
727497152,Loaded_Language,516,529,train-task2-TC.labels
727497152,Loaded_Language,10,18,train-task2-TC.labels
727497152,Doubt,491,695,train-task2-TC.labels
727569885,Flag-Waving,1061,1142,train-task2-TC.labels
727569885,"Name_Calling,Labeling",1177,1196,train-task2-TC.labels
727569885,"Name_Calling,Labeling",1255,1271,train-task2-TC.labels
727569885,Loaded_Language,191,204,train-task2-TC.labels
727569885,Loaded_Language,530,576,train-task2-TC.labels
727569885,Loaded_Language,5947,5999,train-task2-TC.labels
727569885,Loaded_Language,6016,6030,train-task2-TC.labels
727569885,Loaded_Language,3630,3662,train-task2-TC.labels
727569885,Loaded_Language,1548,1564,train-task2-TC.labels
727569885,Loaded_Language,1642,1690,train-task2-TC.labels
727569885,Loaded_Language,2016,2048,train-task2-TC.labels
727569885,Loaded_Language,2843,2860,train-task2-TC.labels
727569885,Loaded_Language,2869,2884,train-task2-TC.labels
727569885,Flag-Waving,4545,4619,train-task2-TC.labels
727569885,Loaded_Language,5879,5900,train-task2-TC.labels
727569885,"Bandwagon,Reductio_ad_hitlerum",559,576,train-task2-TC.labels
727569885,"Name_Calling,Labeling",2600,2618,train-task2-TC.labels
727569885,Loaded_Language,3312,3328,train-task2-TC.labels
727569885,Loaded_Language,3914,3949,train-task2-TC.labels
727569885,Loaded_Language,5156,5170,train-task2-TC.labels
727634031,Thought-terminating_Cliches,12173,12206,train-task2-TC.labels
727634031,Doubt,8017,8133,train-task2-TC.labels
727634031,Loaded_Language,11405,11421,train-task2-TC.labels
727634031,Appeal_to_fear-prejudice,11940,12022,train-task2-TC.labels
727658675,Loaded_Language,807,862,train-task2-TC.labels
727658675,Loaded_Language,1222,1444,train-task2-TC.labels
727658675,Loaded_Language,2273,2426,train-task2-TC.labels
727658675,Appeal_to_fear-prejudice,1215,1444,train-task2-TC.labels
727658675,Black-and-White_Fallacy,2556,2842,train-task2-TC.labels
727658675,Causal_Oversimplification,3033,3115,train-task2-TC.labels
727658675,"Exaggeration,Minimisation",1383,1389,train-task2-TC.labels
727658675,Appeal_to_Authority,2138,2271,train-task2-TC.labels
727658675,"Exaggeration,Minimisation",2335,2352,train-task2-TC.labels
727658675,Black-and-White_Fallacy,3033,3113,train-task2-TC.labels
727736557,Repetition,2840,2884,train-task2-TC.labels
727736557,Thought-terminating_Cliches,4511,4544,train-task2-TC.labels
727736557,"Name_Calling,Labeling",85,94,train-task2-TC.labels
727736557,Loaded_Language,650,669,train-task2-TC.labels
727736557,Loaded_Language,983,1001,train-task2-TC.labels
727736557,Causal_Oversimplification,1203,1347,train-task2-TC.labels
727736557,"Name_Calling,Labeling",2226,2239,train-task2-TC.labels
727736557,"Name_Calling,Labeling",2351,2382,train-task2-TC.labels
727736557,Loaded_Language,2429,2447,train-task2-TC.labels
727736557,Thought-terminating_Cliches,4018,4068,train-task2-TC.labels
727736557,"Exaggeration,Minimisation",4574,4602,train-task2-TC.labels
727736557,"Name_Calling,Labeling",186,212,train-task2-TC.labels
727736557,"Name_Calling,Labeling",305,328,train-task2-TC.labels
727736557,Loaded_Language,1761,1770,train-task2-TC.labels
727736557,"Name_Calling,Labeling",1819,1858,train-task2-TC.labels
727736557,"Name_Calling,Labeling",4715,4742,train-task2-TC.labels
727736557,Doubt,5074,5132,train-task2-TC.labels
727736595,"Exaggeration,Minimisation",285,335,train-task2-TC.labels
727869189,Appeal_to_fear-prejudice,1955,1994,train-task2-TC.labels
727869189,Appeal_to_fear-prejudice,2355,2379,train-task2-TC.labels
727869189,Doubt,5091,5216,train-task2-TC.labels
727869189,Loaded_Language,1136,1167,train-task2-TC.labels
727869189,Loaded_Language,1708,1771,train-task2-TC.labels
727869189,Loaded_Language,2622,2641,train-task2-TC.labels
727869189,Loaded_Language,4033,4049,train-task2-TC.labels
727869189,Thought-terminating_Cliches,4544,4615,train-task2-TC.labels
727869189,Loaded_Language,4933,4956,train-task2-TC.labels
727869189,Causal_Oversimplification,2172,2334,train-task2-TC.labels
727869189,Doubt,4332,4473,train-task2-TC.labels
727869189,Appeal_to_fear-prejudice,5557,5773,train-task2-TC.labels
728169864,Loaded_Language,423,440,train-task2-TC.labels
728169864,"Name_Calling,Labeling",1628,1642,train-task2-TC.labels
728169864,"Name_Calling,Labeling",2632,2640,train-task2-TC.labels
728169864,"Name_Calling,Labeling",2644,2651,train-task2-TC.labels
728169864,"Name_Calling,Labeling",2655,2662,train-task2-TC.labels
728169864,"Name_Calling,Labeling",2666,2674,train-task2-TC.labels
728169864,"Name_Calling,Labeling",2678,2684,train-task2-TC.labels
728169864,"Name_Calling,Labeling",2688,2694,train-task2-TC.labels
728169864,"Name_Calling,Labeling",2698,2712,train-task2-TC.labels
728169864,"Name_Calling,Labeling",3161,3184,train-task2-TC.labels
728169864,Loaded_Language,5517,5525,train-task2-TC.labels
728169864,Loaded_Language,2720,2744,train-task2-TC.labels
728169864,Loaded_Language,4125,4132,train-task2-TC.labels
728169864,Black-and-White_Fallacy,6198,6259,train-task2-TC.labels
728169864,"Name_Calling,Labeling",0,8,train-task2-TC.labels
728169864,Doubt,2747,2878,train-task2-TC.labels
728169864,"Name_Calling,Labeling",5313,5330,train-task2-TC.labels
728169864,Slogans,5753,5774,train-task2-TC.labels
728343601,"Name_Calling,Labeling",125,144,train-task2-TC.labels
728343601,Loaded_Language,1451,1492,train-task2-TC.labels
728343601,Loaded_Language,1952,1976,train-task2-TC.labels
728343601,Appeal_to_fear-prejudice,2865,2889,train-task2-TC.labels
728343601,"Name_Calling,Labeling",4630,4651,train-task2-TC.labels
728343601,"Name_Calling,Labeling",4694,4712,train-task2-TC.labels
728343601,Loaded_Language,1025,1047,train-task2-TC.labels
728343601,Loaded_Language,1673,1744,train-task2-TC.labels
728680557,Loaded_Language,663,699,train-task2-TC.labels
728680557,Loaded_Language,1475,1537,train-task2-TC.labels
728680557,Loaded_Language,1624,1748,train-task2-TC.labels
728680557,Loaded_Language,1990,2203,train-task2-TC.labels
728758697,Appeal_to_Authority,819,1036,train-task2-TC.labels
728758697,Flag-Waving,1512,1599,train-task2-TC.labels
728758697,Causal_Oversimplification,1697,1788,train-task2-TC.labels
728758697,"Bandwagon,Reductio_ad_hitlerum",1232,1383,train-task2-TC.labels
728758697,"Bandwagon,Reductio_ad_hitlerum",1384,1511,train-task2-TC.labels
728758697,"Name_Calling,Labeling",31,49,train-task2-TC.labels
728758697,"Whataboutism,Straw_Men,Red_Herring",51,89,train-task2-TC.labels
728758697,Thought-terminating_Cliches,1456,1509,train-task2-TC.labels
728758697,Doubt,1512,1584,train-task2-TC.labels
728758697,"Whataboutism,Straw_Men,Red_Herring",1790,1836,train-task2-TC.labels
728972961,Loaded_Language,4679,4734,train-task2-TC.labels
728972961,Repetition,4852,4878,train-task2-TC.labels
728972961,Repetition,4757,4778,train-task2-TC.labels
728972961,Black-and-White_Fallacy,8558,8706,train-task2-TC.labels
728972961,Repetition,10317,10328,train-task2-TC.labels
728972961,Repetition,10257,10268,train-task2-TC.labels
728972961,Repetition,10157,10168,train-task2-TC.labels
728972961,Repetition,14308,14334,train-task2-TC.labels
728972961,Repetition,16330,16349,train-task2-TC.labels
728972961,Repetition,21472,21486,train-task2-TC.labels
728972961,Appeal_to_fear-prejudice,25147,25202,train-task2-TC.labels
728972961,Appeal_to_fear-prejudice,29700,29756,train-task2-TC.labels
728972961,Slogans,1400,1451,train-task2-TC.labels
728972961,Loaded_Language,1692,1733,train-task2-TC.labels
728972961,Loaded_Language,3486,3521,train-task2-TC.labels
728972961,Repetition,4910,4935,train-task2-TC.labels
728972961,Loaded_Language,5126,5152,train-task2-TC.labels
728972961,Loaded_Language,9021,9032,train-task2-TC.labels
728972961,Appeal_to_Authority,8744,8930,train-task2-TC.labels
728972961,Repetition,10381,10392,train-task2-TC.labels
728972961,Repetition,10646,10670,train-task2-TC.labels
728972961,Causal_Oversimplification,11014,11181,train-task2-TC.labels
728972961,Loaded_Language,12301,12319,train-task2-TC.labels
728972961,Loaded_Language,13047,13074,train-task2-TC.labels
728972961,Black-and-White_Fallacy,15155,15273,train-task2-TC.labels
728972961,Repetition,19505,19515,train-task2-TC.labels
728972961,"Name_Calling,Labeling",20640,20667,train-task2-TC.labels
728972961,Loaded_Language,21257,21271,train-task2-TC.labels
728972961,Loaded_Language,23063,23083,train-task2-TC.labels
728972961,Loaded_Language,23852,23867,train-task2-TC.labels
728972961,Repetition,19826,19840,train-task2-TC.labels
728972961,Loaded_Language,24223,24265,train-task2-TC.labels
728972961,Doubt,26467,26505,train-task2-TC.labels
728972961,Appeal_to_fear-prejudice,27636,27698,train-task2-TC.labels
728972961,Loaded_Language,154,169,train-task2-TC.labels
728972961,"Name_Calling,Labeling",762,780,train-task2-TC.labels
728972961,Appeal_to_fear-prejudice,5422,5563,train-task2-TC.labels
728972961,Repetition,7402,7433,train-task2-TC.labels
728972961,Loaded_Language,9033,9073,train-task2-TC.labels
728972961,Repetition,10921,10947,train-task2-TC.labels
728972961,Flag-Waving,12446,12519,train-task2-TC.labels
728972961,Appeal_to_fear-prejudice,12770,12902,train-task2-TC.labels
728972961,Appeal_to_fear-prejudice,14336,14489,train-task2-TC.labels
728972961,Repetition,15033,15043,train-task2-TC.labels
728972961,Repetition,15556,15636,train-task2-TC.labels
728972961,Repetition,15667,15687,train-task2-TC.labels
728972961,Repetition,15735,15748,train-task2-TC.labels
728972961,Repetition,16460,16472,train-task2-TC.labels
728972961,Repetition,16699,16716,train-task2-TC.labels
728972961,Repetition,17455,17472,train-task2-TC.labels
728972961,Repetition,17779,17789,train-task2-TC.labels
728972961,Repetition,18033,18041,train-task2-TC.labels
728972961,Repetition,18773,18795,train-task2-TC.labels
728972961,Doubt,19864,20009,train-task2-TC.labels
728972961,Repetition,20026,20038,train-task2-TC.labels
728972961,Repetition,20061,20074,train-task2-TC.labels
728972961,Repetition,20344,20356,train-task2-TC.labels
728972961,Repetition,20775,20802,train-task2-TC.labels
728972961,Repetition,20938,20952,train-task2-TC.labels
728972961,Repetition,21005,21013,train-task2-TC.labels
728972961,Repetition,22844,22857,train-task2-TC.labels
728972961,Appeal_to_fear-prejudice,23221,23282,train-task2-TC.labels
728972961,Loaded_Language,23956,23965,train-task2-TC.labels
728972961,Repetition,23995,24012,train-task2-TC.labels
728972961,Repetition,24239,24249,train-task2-TC.labels
728972961,Repetition,24384,24401,train-task2-TC.labels
728972961,Repetition,25136,25145,train-task2-TC.labels
728972961,Repetition,27300,27320,train-task2-TC.labels
728972961,Repetition,29873,29894,train-task2-TC.labels
728972961,Repetition,29921,29944,train-task2-TC.labels
728972961,Thought-terminating_Cliches,29968,29998,train-task2-TC.labels
729303442,Doubt,303,504,train-task2-TC.labels
729303442,Loaded_Language,1489,1525,train-task2-TC.labels
729303442,Causal_Oversimplification,1450,1552,train-task2-TC.labels
729303442,Loaded_Language,1555,1564,train-task2-TC.labels
729303442,"Name_Calling,Labeling",2878,2914,train-task2-TC.labels
729303442,Doubt,2953,3233,train-task2-TC.labels
729303442,"Exaggeration,Minimisation",4046,4083,train-task2-TC.labels
729303442,Loaded_Language,1303,1326,train-task2-TC.labels
729303442,"Name_Calling,Labeling",3659,3670,train-task2-TC.labels
729348908,Appeal_to_fear-prejudice,1976,2018,train-task2-TC.labels
729348908,Doubt,380,567,train-task2-TC.labels
729348908,"Exaggeration,Minimisation",1749,1847,train-task2-TC.labels
729348908,"Name_Calling,Labeling",2823,2831,train-task2-TC.labels
729348908,Doubt,2673,2886,train-task2-TC.labels
729348908,Flag-Waving,2020,2177,train-task2-TC.labels
729348908,Doubt,3669,3812,train-task2-TC.labels
729368012,Loaded_Language,10584,10594,train-task2-TC.labels
729368012,"Name_Calling,Labeling",10584,10612,train-task2-TC.labels
729368012,Doubt,6367,6477,train-task2-TC.labels
729368012,Doubt,8080,8091,train-task2-TC.labels
729410793,Loaded_Language,29,77,train-task2-TC.labels
729410793,Loaded_Language,316,397,train-task2-TC.labels
729410793,Black-and-White_Fallacy,657,705,train-task2-TC.labels
729410793,Appeal_to_Authority,708,752,train-task2-TC.labels
729410793,Causal_Oversimplification,754,1017,train-task2-TC.labels
729410793,Appeal_to_Authority,1018,1342,train-task2-TC.labels
729410793,Thought-terminating_Cliches,1563,1603,train-task2-TC.labels
729410793,Black-and-White_Fallacy,3356,3482,train-task2-TC.labels
729410793,Appeal_to_fear-prejudice,3510,3676,train-task2-TC.labels
729410793,Loaded_Language,4126,4166,train-task2-TC.labels
729410793,Black-and-White_Fallacy,4237,4365,train-task2-TC.labels
729410793,Appeal_to_Authority,4586,4678,train-task2-TC.labels
729410793,"Exaggeration,Minimisation",841,847,train-task2-TC.labels
729549972,Repetition,2356,2371,train-task2-TC.labels
729549972,"Name_Calling,Labeling",1303,1321,train-task2-TC.labels
729549972,"Name_Calling,Labeling",1413,1431,train-task2-TC.labels
729549972,"Exaggeration,Minimisation",14,33,train-task2-TC.labels
729549972,"Exaggeration,Minimisation",1652,1701,train-task2-TC.labels
729549972,"Exaggeration,Minimisation",1845,1888,train-task2-TC.labels
729549972,"Exaggeration,Minimisation",2347,2381,train-task2-TC.labels
729549972,Loaded_Language,2356,2371,train-task2-TC.labels
729549972,Loaded_Language,154,169,train-task2-TC.labels
729561658,Repetition,754,778,train-task2-TC.labels
729561658,Thought-terminating_Cliches,809,833,train-task2-TC.labels
729561658,Repetition,1033,1052,train-task2-TC.labels
729561658,Doubt,1494,1738,train-task2-TC.labels
729561658,Repetition,1494,1537,train-task2-TC.labels
729561658,Doubt,39,89,train-task2-TC.labels
729561658,Doubt,251,312,train-task2-TC.labels
729561658,Doubt,1007,1052,train-task2-TC.labels
729578579,Doubt,645,742,train-task2-TC.labels
729578579,Thought-terminating_Cliches,6851,6898,train-task2-TC.labels
729578579,Thought-terminating_Cliches,16495,16517,train-task2-TC.labels
729578579,Doubt,18426,18473,train-task2-TC.labels
729578579,Repetition,21886,21905,train-task2-TC.labels
729578579,"Name_Calling,Labeling",225,260,train-task2-TC.labels
729578579,"Name_Calling,Labeling",368,403,train-task2-TC.labels
729578579,Loaded_Language,604,636,train-task2-TC.labels
729578579,Doubt,1794,1861,train-task2-TC.labels
729578579,Appeal_to_Authority,3538,3671,train-task2-TC.labels
729578579,"Name_Calling,Labeling",6929,6946,train-task2-TC.labels
729578579,"Name_Calling,Labeling",7133,7153,train-task2-TC.labels
729578579,Thought-terminating_Cliches,7731,7744,train-task2-TC.labels
729578579,Loaded_Language,13378,13403,train-task2-TC.labels
729578579,"Name_Calling,Labeling",14278,14294,train-task2-TC.labels
729578579,Thought-terminating_Cliches,16987,17002,train-task2-TC.labels
729578579,"Name_Calling,Labeling",18429,18448,train-task2-TC.labels
729578579,Loaded_Language,18738,18761,train-task2-TC.labels
729578579,Loaded_Language,18932,18958,train-task2-TC.labels
729578579,Loaded_Language,19546,19578,train-task2-TC.labels
729578579,Loaded_Language,21375,21389,train-task2-TC.labels
729578579,Loaded_Language,21538,21553,train-task2-TC.labels
729578579,"Name_Calling,Labeling",21766,21785,train-task2-TC.labels
729578579,"Name_Calling,Labeling",22024,22037,train-task2-TC.labels
729578579,Loaded_Language,22774,22811,train-task2-TC.labels
729578579,Appeal_to_fear-prejudice,23321,23414,train-task2-TC.labels
729578579,Loaded_Language,23700,23714,train-task2-TC.labels
729578579,Loaded_Language,23757,23780,train-task2-TC.labels
729578579,Loaded_Language,23823,23867,train-task2-TC.labels
729578579,Loaded_Language,24443,24488,train-task2-TC.labels
729578579,Loaded_Language,421,428,train-task2-TC.labels
729578579,Loaded_Language,509,513,train-task2-TC.labels
729578579,Loaded_Language,1090,1106,train-task2-TC.labels
729578579,Repetition,6046,6058,train-task2-TC.labels
729578579,Thought-terminating_Cliches,7201,7218,train-task2-TC.labels
729578579,Loaded_Language,8306,8314,train-task2-TC.labels
729578579,Loaded_Language,8907,8922,train-task2-TC.labels
729578579,"Exaggeration,Minimisation",9194,9218,train-task2-TC.labels
729578579,"Name_Calling,Labeling",13405,13432,train-task2-TC.labels
729578579,Loaded_Language,13500,13507,train-task2-TC.labels
729578579,Loaded_Language,13997,14021,train-task2-TC.labels
729578579,Loaded_Language,14627,14644,train-task2-TC.labels
729578579,Loaded_Language,14809,14822,train-task2-TC.labels
729578579,Appeal_to_fear-prejudice,15614,15630,train-task2-TC.labels
729578579,Loaded_Language,17741,17758,train-task2-TC.labels
729578579,Loaded_Language,18366,18386,train-task2-TC.labels
729578579,Appeal_to_Authority,18656,18706,train-task2-TC.labels
729578579,Loaded_Language,19054,19073,train-task2-TC.labels
729578579,Loaded_Language,19377,19401,train-task2-TC.labels
729578579,Loaded_Language,19466,19544,train-task2-TC.labels
729578579,Loaded_Language,21304,21337,train-task2-TC.labels
729578579,Appeal_to_fear-prejudice,22303,22521,train-task2-TC.labels
729578579,"Name_Calling,Labeling",22719,22752,train-task2-TC.labels
729578579,Loaded_Language,24898,24905,train-task2-TC.labels
729578579,Loaded_Language,25127,25146,train-task2-TC.labels
729578579,Doubt,26581,26625,train-task2-TC.labels
729581752,Appeal_to_Authority,2235,2354,train-task2-TC.labels
729581752,Thought-terminating_Cliches,38,67,train-task2-TC.labels
729651527,Loaded_Language,1668,1688,train-task2-TC.labels
729651527,Doubt,1658,1763,train-task2-TC.labels
729651527,Slogans,2760,2775,train-task2-TC.labels
729651527,"Exaggeration,Minimisation",3131,3159,train-task2-TC.labels
729651527,Appeal_to_fear-prejudice,3704,3867,train-task2-TC.labels
729651527,"Whataboutism,Straw_Men,Red_Herring",3870,3977,train-task2-TC.labels
729668796,Loaded_Language,2351,2361,train-task2-TC.labels
729668796,Flag-Waving,68,96,train-task2-TC.labels
729668796,Repetition,545,585,train-task2-TC.labels
729668796,Repetition,1270,1353,train-task2-TC.labels
729668796,Loaded_Language,2090,2115,train-task2-TC.labels
729668796,Loaded_Language,3756,3776,train-task2-TC.labels
729668796,Repetition,2118,2184,train-task2-TC.labels
729668796,Repetition,3361,3376,train-task2-TC.labels
729668796,Black-and-White_Fallacy,3804,3940,train-task2-TC.labels
729668796,Repetition,296,361,train-task2-TC.labels
729668796,Loaded_Language,1938,2047,train-task2-TC.labels
729668796,Loaded_Language,3341,3418,train-task2-TC.labels
729668796,"Name_Calling,Labeling",3361,3376,train-task2-TC.labels
729668796,Flag-Waving,3647,3663,train-task2-TC.labels
729668796,Appeal_to_fear-prejudice,2854,2939,train-task2-TC.labels
729668796,Black-and-White_Fallacy,3997,4124,train-task2-TC.labels
729668796,Flag-Waving,238,251,train-task2-TC.labels
729668796,Slogans,238,251,train-task2-TC.labels
729668796,Flag-Waving,476,500,train-task2-TC.labels
729668796,Slogans,476,500,train-task2-TC.labels
729668796,Flag-Waving,815,828,train-task2-TC.labels
729668796,Slogans,815,828,train-task2-TC.labels
729668796,Repetition,1242,1266,train-task2-TC.labels
729668796,Flag-Waving,1938,2045,train-task2-TC.labels
729668796,Appeal_to_fear-prejudice,3027,3081,train-task2-TC.labels
729668796,Thought-terminating_Cliches,4133,4142,train-task2-TC.labels
729670169,Loaded_Language,1399,1417,train-task2-TC.labels
729670169,"Name_Calling,Labeling",1857,1886,train-task2-TC.labels
729940206,Loaded_Language,571,609,train-task2-TC.labels
729940206,Thought-terminating_Cliches,1178,1216,train-task2-TC.labels
729940206,Repetition,1866,1874,train-task2-TC.labels
729940206,Loaded_Language,327,337,train-task2-TC.labels
729940206,Doubt,251,402,train-task2-TC.labels
729940206,"Exaggeration,Minimisation",522,540,train-task2-TC.labels
729940206,Loaded_Language,1039,1046,train-task2-TC.labels
729940206,Doubt,1167,1216,train-task2-TC.labels
729940206,Doubt,1218,1282,train-task2-TC.labels
729940206,"Name_Calling,Labeling",1838,1859,train-task2-TC.labels
729940206,Loaded_Language,357,402,train-task2-TC.labels
730019938,"Whataboutism,Straw_Men,Red_Herring",1024,1029,train-task2-TC.labels
730019938,"Whataboutism,Straw_Men,Red_Herring",2665,2703,train-task2-TC.labels
730019938,Loaded_Language,2618,2759,train-task2-TC.labels
730149656,Repetition,3428,3433,train-task2-TC.labels
730149656,Repetition,3486,3491,train-task2-TC.labels
730149656,Loaded_Language,5251,5267,train-task2-TC.labels
730149656,Loaded_Language,3017,3025,train-task2-TC.labels
730149656,Repetition,3526,3531,train-task2-TC.labels
730149656,Loaded_Language,216,220,train-task2-TC.labels
730149656,Loaded_Language,225,241,train-task2-TC.labels
730149656,Loaded_Language,1742,1762,train-task2-TC.labels
730149656,"Name_Calling,Labeling",2379,2395,train-task2-TC.labels
730149656,"Name_Calling,Labeling",2639,2680,train-task2-TC.labels
730149656,Repetition,3371,3376,train-task2-TC.labels
730149656,Black-and-White_Fallacy,4647,4905,train-task2-TC.labels
730149656,"Name_Calling,Labeling",7,20,train-task2-TC.labels
730149656,Causal_Oversimplification,306,398,train-task2-TC.labels
730149656,Causal_Oversimplification,1493,1574,train-task2-TC.labels
730149656,Slogans,3070,3104,train-task2-TC.labels
730149656,Slogans,3832,3846,train-task2-TC.labels
730149656,Slogans,3851,3868,train-task2-TC.labels
730149656,Flag-Waving,5049,5068,train-task2-TC.labels
730149656,Appeal_to_fear-prejudice,5147,5185,train-task2-TC.labels
730222442,Loaded_Language,170,230,train-task2-TC.labels
730222442,Repetition,2349,2369,train-task2-TC.labels
730237078,Loaded_Language,188,196,train-task2-TC.labels
730237078,Thought-terminating_Cliches,657,681,train-task2-TC.labels
730237078,"Exaggeration,Minimisation",33,50,train-task2-TC.labels
730237078,Loaded_Language,106,136,train-task2-TC.labels
730237078,"Exaggeration,Minimisation",516,581,train-task2-TC.labels
730237078,"Exaggeration,Minimisation",1030,1062,train-task2-TC.labels
730237078,"Exaggeration,Minimisation",1234,1283,train-task2-TC.labels
730237078,Loaded_Language,35,50,train-task2-TC.labels
730237078,Loaded_Language,312,341,train-task2-TC.labels
730268758,Repetition,2346,2365,train-task2-TC.labels
730268758,"Name_Calling,Labeling",34,58,train-task2-TC.labels
730268758,Loaded_Language,259,282,train-task2-TC.labels
730268758,"Name_Calling,Labeling",320,336,train-task2-TC.labels
730268758,"Name_Calling,Labeling",517,535,train-task2-TC.labels
730268758,"Name_Calling,Labeling",686,703,train-task2-TC.labels
730268758,"Name_Calling,Labeling",1414,1439,train-task2-TC.labels
730268758,"Name_Calling,Labeling",2006,2036,train-task2-TC.labels
730268758,Loaded_Language,2088,2117,train-task2-TC.labels
730268758,Loaded_Language,5051,5097,train-task2-TC.labels
730268758,Loaded_Language,6052,6068,train-task2-TC.labels
730268758,"Exaggeration,Minimisation",6213,6298,train-task2-TC.labels
730268758,"Exaggeration,Minimisation",6587,6706,train-task2-TC.labels
730268758,Repetition,6748,6765,train-task2-TC.labels
730268758,"Name_Calling,Labeling",7129,7163,train-task2-TC.labels
730268758,Loaded_Language,7654,7680,train-task2-TC.labels
730268758,Loaded_Language,320,336,train-task2-TC.labels
730268758,Loaded_Language,728,737,train-task2-TC.labels
730268758,"Bandwagon,Reductio_ad_hitlerum",2539,2621,train-task2-TC.labels
730268758,"Name_Calling,Labeling",3350,3357,train-task2-TC.labels
730268758,Loaded_Language,3527,3534,train-task2-TC.labels
730268758,Loaded_Language,4818,4839,train-task2-TC.labels
730268758,Loaded_Language,7131,7163,train-task2-TC.labels
730268758,Loaded_Language,7186,7193,train-task2-TC.labels
730389374,Loaded_Language,1684,1706,train-task2-TC.labels
730389374,Loaded_Language,1801,1821,train-task2-TC.labels
730389374,Doubt,3517,3611,train-task2-TC.labels
730389374,Flag-Waving,1530,1634,train-task2-TC.labels
730389374,"Name_Calling,Labeling",2955,2970,train-task2-TC.labels
730389374,Loaded_Language,3239,3255,train-task2-TC.labels
730389374,Black-and-White_Fallacy,4016,4053,train-task2-TC.labels
730389374,Flag-Waving,4439,4598,train-task2-TC.labels
730389374,Loaded_Language,4552,4598,train-task2-TC.labels
730389374,Flag-Waving,4400,4438,train-task2-TC.labels
730389374,Doubt,4599,4659,train-task2-TC.labels
730559808,Appeal_to_fear-prejudice,5353,5419,train-task2-TC.labels
730559808,Black-and-White_Fallacy,955,993,train-task2-TC.labels
730559808,Loaded_Language,998,1088,train-task2-TC.labels
730559808,"Exaggeration,Minimisation",1251,1341,train-task2-TC.labels
730559808,Black-and-White_Fallacy,2544,2640,train-task2-TC.labels
730559808,Black-and-White_Fallacy,3006,3186,train-task2-TC.labels
730559808,"Bandwagon,Reductio_ad_hitlerum",3215,3490,train-task2-TC.labels
730559808,Causal_Oversimplification,3492,3611,train-task2-TC.labels
730559808,Thought-terminating_Cliches,3953,4017,train-task2-TC.labels
730559808,"Bandwagon,Reductio_ad_hitlerum",4279,4361,train-task2-TC.labels
730559808,Black-and-White_Fallacy,4404,4442,train-task2-TC.labels
730559808,"Exaggeration,Minimisation",5659,5889,train-task2-TC.labels
730559808,Appeal_to_Authority,5891,5970,train-task2-TC.labels
730559808,Loaded_Language,5353,5419,train-task2-TC.labels
730559808,"Bandwagon,Reductio_ad_hitlerum",1251,1341,train-task2-TC.labels
730559808,Causal_Oversimplification,2483,2640,train-task2-TC.labels
730559808,Repetition,4357,4537,train-task2-TC.labels
730559808,Appeal_to_fear-prejudice,5891,5969,train-task2-TC.labels
730573740,Appeal_to_Authority,834,846,train-task2-TC.labels
730573740,Loaded_Language,45,67,train-task2-TC.labels
730573740,Black-and-White_Fallacy,983,1127,train-task2-TC.labels
730573740,Loaded_Language,1029,1063,train-task2-TC.labels
730573740,Loaded_Language,1338,1505,train-task2-TC.labels
730573740,Black-and-White_Fallacy,2177,2229,train-task2-TC.labels
730573740,Black-and-White_Fallacy,2240,2345,train-task2-TC.labels
730573740,Appeal_to_Authority,2479,2572,train-task2-TC.labels
730573740,Black-and-White_Fallacy,2682,2753,train-task2-TC.labels
730573740,Black-and-White_Fallacy,4118,4224,train-task2-TC.labels
730573740,"Name_Calling,Labeling",1302,1322,train-task2-TC.labels
730573740,"Name_Calling,Labeling",1445,1467,train-task2-TC.labels
730865684,Loaded_Language,105,113,train-task2-TC.labels
730865684,Loaded_Language,2509,2520,train-task2-TC.labels
730865684,Loaded_Language,2563,2570,train-task2-TC.labels
731063195,Loaded_Language,592,599,train-task2-TC.labels
731063195,Loaded_Language,119,127,train-task2-TC.labels
731178960,Appeal_to_fear-prejudice,1943,2078,train-task2-TC.labels
731511020,Loaded_Language,949,972,train-task2-TC.labels
731513824,Appeal_to_Authority,1616,1905,train-task2-TC.labels
731513824,Appeal_to_Authority,2022,2251,train-task2-TC.labels
731513824,Loaded_Language,2537,2564,train-task2-TC.labels
731762731,Causal_Oversimplification,2388,2502,train-task2-TC.labels
731762731,"Name_Calling,Labeling",2683,2717,train-task2-TC.labels
731762731,Loaded_Language,1184,1208,train-task2-TC.labels
731762731,Doubt,2262,2295,train-task2-TC.labels
731762731,Loaded_Language,2311,2353,train-task2-TC.labels
731762731,Loaded_Language,3701,3752,train-task2-TC.labels
731762731,Loaded_Language,2751,2758,train-task2-TC.labels
731762731,Doubt,3552,3585,train-task2-TC.labels
731927633,Loaded_Language,2063,2092,train-task2-TC.labels
731927633,Slogans,2434,2444,train-task2-TC.labels
731927633,"Name_Calling,Labeling",2784,2797,train-task2-TC.labels
731927633,"Bandwagon,Reductio_ad_hitlerum",3450,3514,train-task2-TC.labels
731927633,Flag-Waving,962,1016,train-task2-TC.labels
731927633,Flag-Waving,1019,1053,train-task2-TC.labels
731927633,Appeal_to_fear-prejudice,1190,1224,train-task2-TC.labels
731927633,Appeal_to_fear-prejudice,1226,1280,train-task2-TC.labels
731927633,Flag-Waving,1973,2004,train-task2-TC.labels
731927633,Appeal_to_fear-prejudice,2237,2323,train-task2-TC.labels
731927633,Loaded_Language,2798,2832,train-task2-TC.labels
732154721,Appeal_to_fear-prejudice,1172,1283,train-task2-TC.labels
732154721,"Bandwagon,Reductio_ad_hitlerum",2755,2819,train-task2-TC.labels
732154721,Flag-Waving,281,318,train-task2-TC.labels
732154721,Flag-Waving,397,530,train-task2-TC.labels
732154721,"Name_Calling,Labeling",1930,1965,train-task2-TC.labels
732154721,"Name_Calling,Labeling",2607,2666,train-task2-TC.labels
732154721,Slogans,27,61,train-task2-TC.labels
732154721,Slogans,281,318,train-task2-TC.labels
732154721,Appeal_to_fear-prejudice,987,1153,train-task2-TC.labels
732154721,"Name_Calling,Labeling",2384,2427,train-task2-TC.labels
732610971,"Name_Calling,Labeling",1703,1715,train-task2-TC.labels
732610971,Slogans,434,471,train-task2-TC.labels
732610971,Slogans,2014,2024,train-task2-TC.labels
732610971,"Name_Calling,Labeling",2167,2179,train-task2-TC.labels
732610971,"Bandwagon,Reductio_ad_hitlerum",2297,2360,train-task2-TC.labels
732610971,Repetition,200,223,train-task2-TC.labels
732610971,Repetition,295,311,train-task2-TC.labels
732610971,Flag-Waving,434,471,train-task2-TC.labels
732610971,Flag-Waving,1386,1457,train-task2-TC.labels
732610971,Repetition,1774,1789,train-task2-TC.labels
732610971,Black-and-White_Fallacy,3359,3444,train-task2-TC.labels
732610971,Appeal_to_fear-prejudice,543,636,train-task2-TC.labels
732610971,Flag-Waving,1317,1358,train-task2-TC.labels
732610971,Flag-Waving,1649,1678,train-task2-TC.labels
732610971,Loaded_Language,2211,2217,train-task2-TC.labels
732610971,"Name_Calling,Labeling",2246,2259,train-task2-TC.labels
732708002,"Name_Calling,Labeling",3040,3055,train-task2-TC.labels
732708002,Repetition,3646,3662,train-task2-TC.labels
732708002,Loaded_Language,3716,3750,train-task2-TC.labels
732708002,"Name_Calling,Labeling",4228,4263,train-task2-TC.labels
732708002,Loaded_Language,5483,5517,train-task2-TC.labels
732708002,Loaded_Language,4228,4263,train-task2-TC.labels
732708002,"Name_Calling,Labeling",5204,5211,train-task2-TC.labels
732708002,Doubt,5519,5604,train-task2-TC.labels
733754480,Appeal_to_Authority,91,149,train-task2-TC.labels
733754480,Appeal_to_Authority,719,792,train-task2-TC.labels
734265267,Repetition,3861,3897,train-task2-TC.labels
734265267,Repetition,3186,3261,train-task2-TC.labels
734265267,Repetition,4118,4257,train-task2-TC.labels
734265267,Flag-Waving,4135,4164,train-task2-TC.labels
734265267,Flag-Waving,4192,4257,train-task2-TC.labels
735090638,"Exaggeration,Minimisation",2486,2532,train-task2-TC.labels
735090638,"Name_Calling,Labeling",122,142,train-task2-TC.labels
735090638,Loaded_Language,912,934,train-task2-TC.labels
735090638,Appeal_to_Authority,893,970,train-task2-TC.labels
735090638,Appeal_to_Authority,1087,1168,train-task2-TC.labels
735090638,Loaded_Language,1144,1166,train-task2-TC.labels
735090638,"Whataboutism,Straw_Men,Red_Herring",1877,1887,train-task2-TC.labels
735090638,Appeal_to_Authority,2415,2466,train-task2-TC.labels
735090638,"Exaggeration,Minimisation",256,269,train-task2-TC.labels
735090638,"Name_Calling,Labeling",2138,2169,train-task2-TC.labels
735265649,"Exaggeration,Minimisation",2028,2040,train-task2-TC.labels
735265649,"Whataboutism,Straw_Men,Red_Herring",169,177,train-task2-TC.labels
735265649,"Whataboutism,Straw_Men,Red_Herring",905,915,train-task2-TC.labels
735265649,Appeal_to_Authority,1169,1383,train-task2-TC.labels
735265649,Loaded_Language,1332,1349,train-task2-TC.labels
735265649,Appeal_to_Authority,1385,1536,train-task2-TC.labels
735265649,Appeal_to_Authority,1538,1599,train-task2-TC.labels
735265649,Appeal_to_Authority,1865,2088,train-task2-TC.labels
735265649,Appeal_to_fear-prejudice,1235,1306,train-task2-TC.labels
735265649,Flag-Waving,1457,1536,train-task2-TC.labels
735265649,Loaded_Language,1919,1934,train-task2-TC.labels
735265649,Loaded_Language,2028,2040,train-task2-TC.labels
735815173,Repetition,3467,3476,train-task2-TC.labels
735815173,Loaded_Language,914,942,train-task2-TC.labels
735815173,"Bandwagon,Reductio_ad_hitlerum",1250,1437,train-task2-TC.labels
735815173,Thought-terminating_Cliches,2926,3030,train-task2-TC.labels
735815173,Black-and-White_Fallacy,3489,3540,train-task2-TC.labels
735815173,Repetition,1440,1526,train-task2-TC.labels
735815173,Black-and-White_Fallacy,2015,2054,train-task2-TC.labels
735815173,"Bandwagon,Reductio_ad_hitlerum",2334,2446,train-task2-TC.labels
735815173,Causal_Oversimplification,3109,3183,train-task2-TC.labels
735815503,Loaded_Language,60,176,train-task2-TC.labels
735815503,"Name_Calling,Labeling",29,38,train-task2-TC.labels
735855251,Repetition,2216,2270,train-task2-TC.labels
735855251,Repetition,2357,2453,train-task2-TC.labels
735855251,"Exaggeration,Minimisation",2455,2565,train-task2-TC.labels
736231219,"Bandwagon,Reductio_ad_hitlerum",1713,1752,train-task2-TC.labels
736231219,"Name_Calling,Labeling",415,449,train-task2-TC.labels
736231219,"Name_Calling,Labeling",485,532,train-task2-TC.labels
736231219,"Name_Calling,Labeling",575,599,train-task2-TC.labels
736231219,Loaded_Language,846,875,train-task2-TC.labels
736231219,Loaded_Language,990,1041,train-task2-TC.labels
736231219,"Name_Calling,Labeling",1105,1116,train-task2-TC.labels
736231219,"Exaggeration,Minimisation",1138,1178,train-task2-TC.labels
736231219,"Bandwagon,Reductio_ad_hitlerum",1383,1459,train-task2-TC.labels
736231219,Loaded_Language,1614,1631,train-task2-TC.labels
736231219,"Name_Calling,Labeling",40,51,train-task2-TC.labels
736231219,Slogans,18,38,train-task2-TC.labels
736231219,Slogans,285,313,train-task2-TC.labels
736231219,"Name_Calling,Labeling",319,330,train-task2-TC.labels
736231219,"Name_Calling,Labeling",78,91,train-task2-TC.labels
736231219,"Whataboutism,Straw_Men,Red_Herring",720,805,train-task2-TC.labels
736231219,"Name_Calling,Labeling",1504,1544,train-task2-TC.labels
736231219,"Name_Calling,Labeling",1553,1573,train-task2-TC.labels
736231219,"Whataboutism,Straw_Men,Red_Herring",1659,1752,train-task2-TC.labels
736231219,"Name_Calling,Labeling",1356,1374,train-task2-TC.labels
736757214,"Exaggeration,Minimisation",0,59,train-task2-TC.labels
736757214,"Whataboutism,Straw_Men,Red_Herring",171,181,train-task2-TC.labels
736757214,"Name_Calling,Labeling",0,9,train-task2-TC.labels
736757214,Loaded_Language,115,167,train-task2-TC.labels
736757214,Loaded_Language,740,759,train-task2-TC.labels
737194975,Loaded_Language,93,115,train-task2-TC.labels
737194975,Loaded_Language,1763,1775,train-task2-TC.labels
737194975,Loaded_Language,6010,6034,train-task2-TC.labels
737194975,Thought-terminating_Cliches,6015,6034,train-task2-TC.labels
737194975,Loaded_Language,12531,12562,train-task2-TC.labels
737194975,"Name_Calling,Labeling",28,48,train-task2-TC.labels
737194975,Loaded_Language,339,355,train-task2-TC.labels
737194975,"Exaggeration,Minimisation",600,675,train-task2-TC.labels
737194975,Slogans,1142,1192,train-task2-TC.labels
737194975,Loaded_Language,1431,1439,train-task2-TC.labels
737194975,Loaded_Language,4915,4917,train-task2-TC.labels
737194975,Loaded_Language,5413,5416,train-task2-TC.labels
737194975,"Exaggeration,Minimisation",5409,5449,train-task2-TC.labels
737194975,Loaded_Language,5540,5546,train-task2-TC.labels
737194975,Loaded_Language,5816,5818,train-task2-TC.labels
737194975,Loaded_Language,6077,6085,train-task2-TC.labels
737194975,Flag-Waving,6035,6319,train-task2-TC.labels
737194975,Doubt,7007,7014,train-task2-TC.labels
737194975,Loaded_Language,7504,7507,train-task2-TC.labels
737194975,Loaded_Language,7944,7967,train-task2-TC.labels
737194975,Loaded_Language,9260,9276,train-task2-TC.labels
737194975,"Exaggeration,Minimisation",11088,11127,train-task2-TC.labels
737194975,Loaded_Language,11129,11152,train-task2-TC.labels
737194975,"Exaggeration,Minimisation",12052,12201,train-task2-TC.labels
737194975,Loaded_Language,12580,12606,train-task2-TC.labels
737194975,Loaded_Language,12782,12797,train-task2-TC.labels
737194975,Loaded_Language,13117,13120,train-task2-TC.labels
737194975,Loaded_Language,12967,12970,train-task2-TC.labels
737194975,Loaded_Language,12065,12084,train-task2-TC.labels
737194975,Repetition,13289,13308,train-task2-TC.labels
737194975,Loaded_Language,10,25,train-task2-TC.labels
737194975,Loaded_Language,14080,14082,train-task2-TC.labels
737194975,Loaded_Language,14486,14493,train-task2-TC.labels
737194975,Flag-Waving,7210,7364,train-task2-TC.labels
737194975,Loaded_Language,616,625,train-task2-TC.labels
737194975,"Bandwagon,Reductio_ad_hitlerum",2409,2429,train-task2-TC.labels
737194975,Doubt,4807,4937,train-task2-TC.labels
737194975,Doubt,5451,5630,train-task2-TC.labels
737194975,Doubt,6035,6253,train-task2-TC.labels
737194975,"Whataboutism,Straw_Men,Red_Herring",6321,6456,train-task2-TC.labels
737194975,Flag-Waving,6670,6817,train-task2-TC.labels
737194975,"Bandwagon,Reductio_ad_hitlerum",7712,7855,train-task2-TC.labels
737194975,Loaded_Language,9871,9883,train-task2-TC.labels
737194975,Causal_Oversimplification,10692,10784,train-task2-TC.labels
737194975,Loaded_Language,11347,11359,train-task2-TC.labels
737194975,Loaded_Language,11525,11529,train-task2-TC.labels
737194975,"Bandwagon,Reductio_ad_hitlerum",11763,11862,train-task2-TC.labels
737194975,Loaded_Language,11983,11995,train-task2-TC.labels
737194975,Flag-Waving,12851,12891,train-task2-TC.labels
737194975,Repetition,14288,14313,train-task2-TC.labels
737255982,Slogans,46,61,train-task2-TC.labels
737255982,"Name_Calling,Labeling",528,569,train-task2-TC.labels
737255982,Slogans,606,621,train-task2-TC.labels
737255982,Loaded_Language,775,800,train-task2-TC.labels
737255982,Slogans,860,888,train-task2-TC.labels
737255982,Loaded_Language,894,936,train-task2-TC.labels
737255982,Loaded_Language,2166,2189,train-task2-TC.labels
737255982,"Name_Calling,Labeling",154,160,train-task2-TC.labels
737255982,Doubt,2678,2717,train-task2-TC.labels
737255982,Loaded_Language,100,117,train-task2-TC.labels
737255982,"Exaggeration,Minimisation",1538,1642,train-task2-TC.labels
737255982,Black-and-White_Fallacy,2412,2457,train-task2-TC.labels
737255982,"Name_Calling,Labeling",2760,2774,train-task2-TC.labels
737457870,"Name_Calling,Labeling",1730,1747,train-task2-TC.labels
737457870,Doubt,1093,1129,train-task2-TC.labels
737457870,Loaded_Language,1024,1054,train-task2-TC.labels
737457870,Causal_Oversimplification,1606,1713,train-task2-TC.labels
737457870,Doubt,1410,1478,train-task2-TC.labels
737457870,"Whataboutism,Straw_Men,Red_Herring",2196,2464,train-task2-TC.labels
737457870,Doubt,2850,2879,train-task2-TC.labels
737457870,"Whataboutism,Straw_Men,Red_Herring",2928,3027,train-task2-TC.labels
738060046,"Whataboutism,Straw_Men,Red_Herring",241,316,train-task2-TC.labels
738060046,"Whataboutism,Straw_Men,Red_Herring",0,82,train-task2-TC.labels
738060046,Causal_Oversimplification,935,976,train-task2-TC.labels
738060046,"Whataboutism,Straw_Men,Red_Herring",978,1090,train-task2-TC.labels
738060046,Loaded_Language,1119,1157,train-task2-TC.labels
738060046,Black-and-White_Fallacy,1379,1669,train-task2-TC.labels
738060046,"Name_Calling,Labeling",1684,1726,train-task2-TC.labels
738060046,"Whataboutism,Straw_Men,Red_Herring",2150,2275,train-task2-TC.labels
738060046,Appeal_to_Authority,553,662,train-task2-TC.labels
738060046,Appeal_to_Authority,665,789,train-task2-TC.labels
738060046,Appeal_to_fear-prejudice,1444,1667,train-task2-TC.labels
738060046,Loaded_Language,1684,1715,train-task2-TC.labels
738207834,Loaded_Language,559,572,train-task2-TC.labels
738207834,Loaded_Language,891,910,train-task2-TC.labels
738207834,Loaded_Language,1224,1239,train-task2-TC.labels
738207834,Loaded_Language,1320,1338,train-task2-TC.labels
738207834,Loaded_Language,1873,1936,train-task2-TC.labels
738207834,Loaded_Language,1972,2031,train-task2-TC.labels
738207834,Loaded_Language,2039,2092,train-task2-TC.labels
738207834,Thought-terminating_Cliches,2462,2473,train-task2-TC.labels
738207834,Loaded_Language,2709,2725,train-task2-TC.labels
738207834,Loaded_Language,2983,2996,train-task2-TC.labels
738207834,Loaded_Language,3268,3308,train-task2-TC.labels
738207834,Loaded_Language,3609,3627,train-task2-TC.labels
738207834,Loaded_Language,5143,5169,train-task2-TC.labels
738207834,Loaded_Language,5692,5708,train-task2-TC.labels
738207834,Loaded_Language,6324,6347,train-task2-TC.labels
738207834,Loaded_Language,6870,6912,train-task2-TC.labels
738207834,"Name_Calling,Labeling",7385,7413,train-task2-TC.labels
738207834,"Name_Calling,Labeling",7594,7623,train-task2-TC.labels
738207834,Loaded_Language,8294,8311,train-task2-TC.labels
738207834,"Name_Calling,Labeling",8599,8638,train-task2-TC.labels
738207834,"Name_Calling,Labeling",9328,9350,train-task2-TC.labels
738207834,Loaded_Language,10874,10950,train-task2-TC.labels
738207834,"Name_Calling,Labeling",11332,11350,train-task2-TC.labels
738207834,"Name_Calling,Labeling",11495,11536,train-task2-TC.labels
738207834,Loaded_Language,11650,11713,train-task2-TC.labels
738207834,"Name_Calling,Labeling",11821,11851,train-task2-TC.labels
738207834,"Name_Calling,Labeling",12432,12450,train-task2-TC.labels
738207834,"Name_Calling,Labeling",12473,12497,train-task2-TC.labels
738207834,"Name_Calling,Labeling",12801,12836,train-task2-TC.labels
738207834,"Name_Calling,Labeling",12876,12895,train-task2-TC.labels
738207834,"Name_Calling,Labeling",13347,13373,train-task2-TC.labels
738207834,Repetition,13361,13373,train-task2-TC.labels
738207834,"Name_Calling,Labeling",13819,13870,train-task2-TC.labels
738207834,Loaded_Language,14960,14987,train-task2-TC.labels
738207834,"Name_Calling,Labeling",15231,15271,train-task2-TC.labels
738207834,"Name_Calling,Labeling",15622,15639,train-task2-TC.labels
738207834,"Name_Calling,Labeling",15645,15696,train-task2-TC.labels
738207834,"Name_Calling,Labeling",16385,16414,train-task2-TC.labels
738207834,Loaded_Language,16520,16552,train-task2-TC.labels
738207834,Loaded_Language,16889,16956,train-task2-TC.labels
738207834,Loaded_Language,17728,17750,train-task2-TC.labels
738207834,Loaded_Language,17844,17880,train-task2-TC.labels
738207834,Loaded_Language,18762,18796,train-task2-TC.labels
738207834,"Name_Calling,Labeling",18962,18983,train-task2-TC.labels
738207834,"Name_Calling,Labeling",19301,19318,train-task2-TC.labels
738207834,"Name_Calling,Labeling",19752,19776,train-task2-TC.labels
738207834,Loaded_Language,19959,20019,train-task2-TC.labels
738207834,"Name_Calling,Labeling",20251,20279,train-task2-TC.labels
738207834,Loaded_Language,21073,21095,train-task2-TC.labels
738207834,Loaded_Language,21313,21350,train-task2-TC.labels
738207834,Loaded_Language,21604,21652,train-task2-TC.labels
738207834,"Name_Calling,Labeling",22078,22114,train-task2-TC.labels
738207834,Loaded_Language,22676,22703,train-task2-TC.labels
738207834,Loaded_Language,22803,22834,train-task2-TC.labels
738207834,Loaded_Language,23402,23448,train-task2-TC.labels
738207834,Loaded_Language,23536,23584,train-task2-TC.labels
738207834,Loaded_Language,1634,1639,train-task2-TC.labels
738207834,Doubt,2327,2361,train-task2-TC.labels
738207834,Doubt,2363,2403,train-task2-TC.labels
738207834,"Name_Calling,Labeling",3113,3134,train-task2-TC.labels
738207834,Loaded_Language,3174,3194,train-task2-TC.labels
738207834,"Name_Calling,Labeling",4716,4739,train-task2-TC.labels
738207834,Appeal_to_fear-prejudice,5912,6033,train-task2-TC.labels
738207834,"Name_Calling,Labeling",6843,6861,train-task2-TC.labels
738207834,"Name_Calling,Labeling",8398,8410,train-task2-TC.labels
738207834,"Name_Calling,Labeling",9452,9463,train-task2-TC.labels
738207834,Loaded_Language,12146,12179,train-task2-TC.labels
738207834,"Name_Calling,Labeling",14348,14409,train-task2-TC.labels
738207834,"Name_Calling,Labeling",16817,16831,train-task2-TC.labels
738207834,Doubt,18650,18713,train-task2-TC.labels
738207834,Doubt,18859,19112,train-task2-TC.labels
738207834,Doubt,19841,20018,train-task2-TC.labels
738207834,"Name_Calling,Labeling",20737,20803,train-task2-TC.labels
738207834,Loaded_Language,21927,21940,train-task2-TC.labels
739091070,Appeal_to_Authority,569,644,train-task2-TC.labels
739091070,Loaded_Language,1745,1763,train-task2-TC.labels
739091070,Loaded_Language,192,216,train-task2-TC.labels
739091070,Loaded_Language,245,252,train-task2-TC.labels
739091070,Loaded_Language,1395,1476,train-task2-TC.labels
739140767,Loaded_Language,758,802,train-task2-TC.labels
740356006,Loaded_Language,2410,2465,train-task2-TC.labels
740356006,"Name_Calling,Labeling",2428,2434,train-task2-TC.labels
740356006,"Name_Calling,Labeling",2458,2465,train-task2-TC.labels
740356006,"Name_Calling,Labeling",2682,2705,train-task2-TC.labels
740356006,"Name_Calling,Labeling",2953,2959,train-task2-TC.labels
740356006,"Name_Calling,Labeling",2972,2979,train-task2-TC.labels
740356006,"Name_Calling,Labeling",3120,3133,train-task2-TC.labels
740356006,Slogans,374,389,train-task2-TC.labels
740356006,"Exaggeration,Minimisation",744,800,train-task2-TC.labels
740356006,"Exaggeration,Minimisation",642,665,train-task2-TC.labels
740356006,"Exaggeration,Minimisation",422,438,train-task2-TC.labels
740356006,"Exaggeration,Minimisation",216,240,train-task2-TC.labels
740356006,"Exaggeration,Minimisation",2342,2359,train-task2-TC.labels
740356006,Doubt,2710,2754,train-task2-TC.labels
740356006,Appeal_to_Authority,440,860,train-task2-TC.labels
740356006,Thought-terminating_Cliches,1854,1958,train-task2-TC.labels
740356006,"Name_Calling,Labeling",2300,2334,train-task2-TC.labels
740356006,"Whataboutism,Straw_Men,Red_Herring",2477,2707,train-task2-TC.labels
740356006,"Whataboutism,Straw_Men,Red_Herring",2708,2847,train-task2-TC.labels
740356006,"Name_Calling,Labeling",3174,3262,train-task2-TC.labels
740808926,"Name_Calling,Labeling",0,26,train-task2-TC.labels
740808926,Loaded_Language,616,630,train-task2-TC.labels
740808926,Appeal_to_Authority,713,831,train-task2-TC.labels
740808926,Loaded_Language,713,725,train-task2-TC.labels
740808926,Appeal_to_Authority,938,997,train-task2-TC.labels
740808926,Loaded_Language,94,111,train-task2-TC.labels
741655444,Repetition,351,361,train-task2-TC.labels
741655444,Appeal_to_fear-prejudice,354,381,train-task2-TC.labels
741655444,"Exaggeration,Minimisation",459,522,train-task2-TC.labels
741655444,"Name_Calling,Labeling",802,829,train-task2-TC.labels
741655444,"Exaggeration,Minimisation",1648,1670,train-task2-TC.labels
741655444,Loaded_Language,1924,1933,train-task2-TC.labels
741655444,Loaded_Language,2277,2320,train-task2-TC.labels
741655444,Doubt,383,522,train-task2-TC.labels
741802985,"Bandwagon,Reductio_ad_hitlerum",1786,1816,train-task2-TC.labels
741802985,Doubt,0,116,train-task2-TC.labels
741802985,Doubt,369,512,train-task2-TC.labels
741802985,Loaded_Language,354,366,train-task2-TC.labels
741802985,Appeal_to_fear-prejudice,604,765,train-task2-TC.labels
741802985,Appeal_to_fear-prejudice,514,602,train-task2-TC.labels
741802985,Loaded_Language,1902,1931,train-task2-TC.labels
741896049,Repetition,996,1068,train-task2-TC.labels
741896049,Appeal_to_Authority,972,1068,train-task2-TC.labels
741896049,"Exaggeration,Minimisation",1131,1210,train-task2-TC.labels
741896049,Repetition,1141,1237,train-task2-TC.labels
741896049,Flag-Waving,1131,1237,train-task2-TC.labels
741923579,"Bandwagon,Reductio_ad_hitlerum",3083,3111,train-task2-TC.labels
741923579,"Bandwagon,Reductio_ad_hitlerum",3460,3527,train-task2-TC.labels
741923579,Loaded_Language,1641,1653,train-task2-TC.labels
741923579,Causal_Oversimplification,2426,2763,train-task2-TC.labels
741923579,Doubt,2765,2862,train-task2-TC.labels
741923579,Causal_Oversimplification,1441,1653,train-task2-TC.labels
741923579,Appeal_to_fear-prejudice,1902,2063,train-task2-TC.labels
741923579,Loaded_Language,3292,3313,train-task2-TC.labels
741923579,Loaded_Language,3345,3354,train-task2-TC.labels
741923579,Slogans,3356,3368,train-task2-TC.labels
741923579,Loaded_Language,3662,3691,train-task2-TC.labels
741923579,Loaded_Language,3877,3924,train-task2-TC.labels
752287274,Loaded_Language,327,341,train-task2-TC.labels
752287274,"Name_Calling,Labeling",1508,1566,train-task2-TC.labels
752287274,"Name_Calling,Labeling",1569,1590,train-task2-TC.labels
752287274,"Name_Calling,Labeling",0,34,train-task2-TC.labels
752287274,Loaded_Language,1488,1494,train-task2-TC.labels
752287274,Doubt,1833,1884,train-task2-TC.labels
752287274,"Name_Calling,Labeling",2818,2838,train-task2-TC.labels
752287274,"Exaggeration,Minimisation",5207,5218,train-task2-TC.labels
752287274,Doubt,5865,6089,train-task2-TC.labels
752287274,Doubt,6563,6604,train-task2-TC.labels
752287274,Thought-terminating_Cliches,6882,6904,train-task2-TC.labels
752287274,Doubt,7141,7216,train-task2-TC.labels
752287274,"Exaggeration,Minimisation",7512,7547,train-task2-TC.labels
752287274,Appeal_to_fear-prejudice,7552,7607,train-task2-TC.labels
752287274,Doubt,1938,2026,train-task2-TC.labels
752287274,Doubt,3360,3385,train-task2-TC.labels
752287274,Loaded_Language,6619,6636,train-task2-TC.labels
752287274,Doubt,6798,6835,train-task2-TC.labels
754111899,Loaded_Language,972,978,train-task2-TC.labels
754131438,Appeal_to_fear-prejudice,332,338,train-task2-TC.labels
754179642,Appeal_to_fear-prejudice,214,263,train-task2-TC.labels
754179642,Appeal_to_fear-prejudice,1928,1966,train-task2-TC.labels
754231597,Appeal_to_fear-prejudice,171,231,train-task2-TC.labels
754402671,Appeal_to_fear-prejudice,2645,2735,train-task2-TC.labels
755170235,"Name_Calling,Labeling",359,368,train-task2-TC.labels
755170235,Appeal_to_fear-prejudice,2778,2810,train-task2-TC.labels
755170235,Loaded_Language,4302,4319,train-task2-TC.labels
755170235,Loaded_Language,4575,4587,train-task2-TC.labels
755170235,Black-and-White_Fallacy,5775,5900,train-task2-TC.labels
755393220,"Name_Calling,Labeling",3964,3977,train-task2-TC.labels
755393220,Loaded_Language,4439,4447,train-task2-TC.labels
755393220,Loaded_Language,4244,4259,train-task2-TC.labels
755393220,Loaded_Language,4464,4485,train-task2-TC.labels
755393220,Loaded_Language,730,745,train-task2-TC.labels
755393220,Slogans,2380,2389,train-task2-TC.labels
755393220,Doubt,3047,3068,train-task2-TC.labels
755459860,Loaded_Language,345,352,train-task2-TC.labels
755459860,Repetition,365,372,train-task2-TC.labels
755459860,Loaded_Language,652,661,train-task2-TC.labels
755459860,Black-and-White_Fallacy,4451,4468,train-task2-TC.labels
755459860,Loaded_Language,7056,7068,train-task2-TC.labels
755459860,Appeal_to_Authority,7222,7241,train-task2-TC.labels
755459860,"Name_Calling,Labeling",7384,7390,train-task2-TC.labels
755459860,Flag-Waving,112,119,train-task2-TC.labels
755459860,Appeal_to_fear-prejudice,81,110,train-task2-TC.labels
755459860,Loaded_Language,772,786,train-task2-TC.labels
755459860,Flag-Waving,6123,6139,train-task2-TC.labels
755459860,Black-and-White_Fallacy,8032,8157,train-task2-TC.labels
755814432,Loaded_Language,3304,3321,train-task2-TC.labels
755814432,Loaded_Language,3178,3201,train-task2-TC.labels
755814432,Loaded_Language,1728,1735,train-task2-TC.labels
755814432,Doubt,2538,2565,train-task2-TC.labels
755814432,Flag-Waving,1978,2004,train-task2-TC.labels
755814432,Doubt,2418,2537,train-task2-TC.labels
755814432,Appeal_to_fear-prejudice,3846,3937,train-task2-TC.labels
755814432,Appeal_to_fear-prejudice,3938,3961,train-task2-TC.labels
756114837,Loaded_Language,3936,3945,train-task2-TC.labels
757171650,Repetition,976,994,train-task2-TC.labels
757171650,Loaded_Language,62,71,train-task2-TC.labels
757171650,Repetition,176,194,train-task2-TC.labels
757171650,Repetition,788,806,train-task2-TC.labels
757171650,Appeal_to_fear-prejudice,50,80,train-task2-TC.labels
757171650,Appeal_to_fear-prejudice,955,1003,train-task2-TC.labels
757243988,Loaded_Language,339,350,train-task2-TC.labels
757243988,Loaded_Language,461,467,train-task2-TC.labels
757243988,"Exaggeration,Minimisation",1447,1457,train-task2-TC.labels
757243988,"Exaggeration,Minimisation",1658,1671,train-task2-TC.labels
757243988,Repetition,2267,2276,train-task2-TC.labels
757243988,Repetition,2635,2644,train-task2-TC.labels
757611486,Loaded_Language,3830,3838,train-task2-TC.labels
757611486,Loaded_Language,976,984,train-task2-TC.labels
757611486,Loaded_Language,1068,1077,train-task2-TC.labels
757611486,Loaded_Language,2319,2336,train-task2-TC.labels
757611486,Repetition,993,1006,train-task2-TC.labels
757611486,Repetition,3523,3536,train-task2-TC.labels
757611486,Repetition,3696,3708,train-task2-TC.labels
757611486,"Name_Calling,Labeling",3793,3803,train-task2-TC.labels
757611486,Loaded_Language,3850,3862,train-task2-TC.labels
757611486,"Whataboutism,Straw_Men,Red_Herring",5830,5846,train-task2-TC.labels
757611486,Loaded_Language,6078,6084,train-task2-TC.labels
757611486,Loaded_Language,6390,6402,train-task2-TC.labels
757611486,Repetition,7167,7179,train-task2-TC.labels
757611486,Repetition,7332,7346,train-task2-TC.labels
757611486,Repetition,5212,5224,train-task2-TC.labels
757611486,Loaded_Language,583,598,train-task2-TC.labels
757611486,Loaded_Language,603,623,train-task2-TC.labels
757611486,Loaded_Language,3961,3971,train-task2-TC.labels
757713354,"Name_Calling,Labeling",3626,3633,train-task2-TC.labels
757713354,"Name_Calling,Labeling",3638,3649,train-task2-TC.labels
757713354,"Name_Calling,Labeling",1317,1330,train-task2-TC.labels
757713354,"Exaggeration,Minimisation",46,55,train-task2-TC.labels
757713354,Loaded_Language,84,95,train-task2-TC.labels
757713354,"Name_Calling,Labeling",192,203,train-task2-TC.labels
757713354,"Name_Calling,Labeling",212,227,train-task2-TC.labels
757713354,"Name_Calling,Labeling",304,311,train-task2-TC.labels
757713354,Loaded_Language,495,502,train-task2-TC.labels
757713354,Loaded_Language,522,537,train-task2-TC.labels
757713354,Loaded_Language,762,769,train-task2-TC.labels
757713354,"Name_Calling,Labeling",959,970,train-task2-TC.labels
757713354,"Name_Calling,Labeling",1050,1059,train-task2-TC.labels
757713354,Loaded_Language,1658,1679,train-task2-TC.labels
757713354,Loaded_Language,1751,1766,train-task2-TC.labels
757713354,Loaded_Language,1409,1428,train-task2-TC.labels
757713354,Loaded_Language,2446,2457,train-task2-TC.labels
757713354,Loaded_Language,3053,3065,train-task2-TC.labels
757713354,Loaded_Language,3141,3148,train-task2-TC.labels
757713354,Doubt,3306,3354,train-task2-TC.labels
757713354,Loaded_Language,3513,3530,train-task2-TC.labels
757713354,Doubt,3548,3584,train-task2-TC.labels
757713354,Loaded_Language,1073,1079,train-task2-TC.labels
757713354,Thought-terminating_Cliches,3954,3973,train-task2-TC.labels
757843275,"Whataboutism,Straw_Men,Red_Herring",3263,3286,train-task2-TC.labels
757843275,Black-and-White_Fallacy,640,653,train-task2-TC.labels
757843275,Loaded_Language,1240,1250,train-task2-TC.labels
757843275,Appeal_to_fear-prejudice,147,208,train-task2-TC.labels
757843275,Appeal_to_fear-prejudice,1049,1081,train-task2-TC.labels
757843275,Appeal_to_fear-prejudice,2032,2087,train-task2-TC.labels
757843275,Appeal_to_fear-prejudice,2666,2675,train-task2-TC.labels
757843275,Appeal_to_fear-prejudice,2708,2767,train-task2-TC.labels
757964238,Loaded_Language,1726,1731,train-task2-TC.labels
757964238,Causal_Oversimplification,497,514,train-task2-TC.labels
757964238,Repetition,1732,1754,train-task2-TC.labels
757964238,Loaded_Language,988,996,train-task2-TC.labels
757964238,Repetition,997,1019,train-task2-TC.labels
757964238,Loaded_Language,1778,1784,train-task2-TC.labels
757964238,Loaded_Language,1887,1894,train-task2-TC.labels
757964238,Appeal_to_Authority,2071,2089,train-task2-TC.labels
757964238,Appeal_to_Authority,2115,2128,train-task2-TC.labels
757964238,"Exaggeration,Minimisation",2175,2193,train-task2-TC.labels
757964238,"Name_Calling,Labeling",2220,2232,train-task2-TC.labels
757964238,Loaded_Language,1028,1043,train-task2-TC.labels
758386255,Loaded_Language,1495,1500,train-task2-TC.labels
758386255,Repetition,5097,5105,train-task2-TC.labels
758386255,Repetition,5358,5366,train-task2-TC.labels
758386255,Repetition,5826,5834,train-task2-TC.labels
758386255,Loaded_Language,28609,28626,train-task2-TC.labels
758386255,"Exaggeration,Minimisation",1142,1150,train-task2-TC.labels
758386255,"Exaggeration,Minimisation",1989,2006,train-task2-TC.labels
758386255,"Bandwagon,Reductio_ad_hitlerum",3706,3741,train-task2-TC.labels
758386255,"Whataboutism,Straw_Men,Red_Herring",5290,5304,train-task2-TC.labels
758386255,"Exaggeration,Minimisation",5453,5484,train-task2-TC.labels
758386255,"Exaggeration,Minimisation",5615,5635,train-task2-TC.labels
758386255,"Exaggeration,Minimisation",5793,5802,train-task2-TC.labels
758386255,Black-and-White_Fallacy,6137,6178,train-task2-TC.labels
758386255,Loaded_Language,6525,6554,train-task2-TC.labels
758386255,"Exaggeration,Minimisation",7833,7925,train-task2-TC.labels
758386255,Loaded_Language,8445,8450,train-task2-TC.labels
758386255,Loaded_Language,8371,8378,train-task2-TC.labels
758386255,"Exaggeration,Minimisation",8386,8406,train-task2-TC.labels
758386255,Repetition,8536,8544,train-task2-TC.labels
758386255,Repetition,8642,8650,train-task2-TC.labels
758386255,Repetition,8722,8730,train-task2-TC.labels
758386255,Repetition,8915,8925,train-task2-TC.labels
758386255,Repetition,8818,8826,train-task2-TC.labels
758386255,Repetition,8947,8955,train-task2-TC.labels
758386255,Repetition,9428,9436,train-task2-TC.labels
758386255,Repetition,9484,9492,train-task2-TC.labels
758386255,Repetition,9348,9356,train-task2-TC.labels
758386255,Repetition,9544,9552,train-task2-TC.labels
758386255,Repetition,9735,9745,train-task2-TC.labels
758386255,Repetition,9779,9787,train-task2-TC.labels
758386255,Repetition,9847,9855,train-task2-TC.labels
758386255,Repetition,9954,9962,train-task2-TC.labels
758386255,Repetition,10366,10374,train-task2-TC.labels
758386255,Repetition,10166,10174,train-task2-TC.labels
758386255,Repetition,27083,27093,train-task2-TC.labels
758386255,Repetition,26689,26697,train-task2-TC.labels
758386255,Repetition,26295,26303,train-task2-TC.labels
758386255,Repetition,26487,26497,train-task2-TC.labels
758386255,Repetition,17050,17060,train-task2-TC.labels
758386255,Repetition,15781,15789,train-task2-TC.labels
758386255,Repetition,14415,14425,train-task2-TC.labels
758386255,Repetition,13799,13807,train-task2-TC.labels
758386255,Repetition,13741,13749,train-task2-TC.labels
758386255,Repetition,12732,12740,train-task2-TC.labels
758386255,Repetition,12171,12179,train-task2-TC.labels
758386255,Repetition,12607,12615,train-task2-TC.labels
758386255,Repetition,10819,10827,train-task2-TC.labels
758386255,Repetition,10607,10617,train-task2-TC.labels
758386255,Loaded_Language,15128,15143,train-task2-TC.labels
758386255,Repetition,16657,16665,train-task2-TC.labels
758386255,Loaded_Language,28048,28053,train-task2-TC.labels
758386255,"Name_Calling,Labeling",30476,30484,train-task2-TC.labels
758386255,Loaded_Language,30762,30777,train-task2-TC.labels
758386255,Loaded_Language,2021,2034,train-task2-TC.labels
758386255,"Name_Calling,Labeling",6170,6178,train-task2-TC.labels
758386255,Loaded_Language,6980,6990,train-task2-TC.labels
758386255,Repetition,9143,9151,train-task2-TC.labels
758386255,Loaded_Language,16089,16101,train-task2-TC.labels
758386255,"Name_Calling,Labeling",27716,27727,train-task2-TC.labels
758386255,Repetition,31973,31989,train-task2-TC.labels
758472954,Appeal_to_fear-prejudice,0,6,train-task2-TC.labels
758477392,Repetition,193,207,train-task2-TC.labels
758477392,Repetition,684,698,train-task2-TC.labels
758477392,Repetition,2393,2406,train-task2-TC.labels
758477392,Repetition,2475,2482,train-task2-TC.labels
758477392,Repetition,2697,2703,train-task2-TC.labels
758477392,Repetition,2922,2928,train-task2-TC.labels
758477392,Repetition,2866,2879,train-task2-TC.labels
758477392,Repetition,3172,3178,train-task2-TC.labels
758477392,Repetition,3557,3573,train-task2-TC.labels
758477392,Repetition,1017,1029,train-task2-TC.labels
758477392,Repetition,2312,2325,train-task2-TC.labels
758477392,Repetition,1481,1494,train-task2-TC.labels
758477392,Repetition,3206,3219,train-task2-TC.labels
758512204,"Name_Calling,Labeling",1490,1505,train-task2-TC.labels
758512204,Loaded_Language,430,468,train-task2-TC.labels
758512204,Loaded_Language,513,567,train-task2-TC.labels
758512204,"Name_Calling,Labeling",1971,1982,train-task2-TC.labels
758512204,Loaded_Language,2441,2458,train-task2-TC.labels
758512204,Doubt,5043,5076,train-task2-TC.labels
758512204,Loaded_Language,5223,5239,train-task2-TC.labels
758512204,Repetition,5078,5131,train-task2-TC.labels
758512204,"Name_Calling,Labeling",5106,5119,train-task2-TC.labels
758512204,Doubt,5078,5104,train-task2-TC.labels
758512204,Repetition,1490,1500,train-task2-TC.labels
758512204,"Name_Calling,Labeling",264,276,train-task2-TC.labels
758512204,"Exaggeration,Minimisation",280,343,train-task2-TC.labels
758512204,Loaded_Language,631,649,train-task2-TC.labels
758512204,"Name_Calling,Labeling",655,675,train-task2-TC.labels
758512204,"Name_Calling,Labeling",1450,1470,train-task2-TC.labels
758512204,Loaded_Language,1947,1964,train-task2-TC.labels
758512204,Appeal_to_fear-prejudice,2003,2036,train-task2-TC.labels
758512204,Doubt,2461,2486,train-task2-TC.labels
758512204,Thought-terminating_Cliches,5157,5178,train-task2-TC.labels
758512204,"Name_Calling,Labeling",2461,2474,train-task2-TC.labels
758756657,Repetition,5024,5036,train-task2-TC.labels
758756657,Repetition,5302,5314,train-task2-TC.labels
758756657,Loaded_Language,62,69,train-task2-TC.labels
758756657,Causal_Oversimplification,606,746,train-task2-TC.labels
758756657,Loaded_Language,4352,4361,train-task2-TC.labels
758756657,"Exaggeration,Minimisation",4376,4437,train-task2-TC.labels
758756657,Loaded_Language,4719,4725,train-task2-TC.labels
758756657,Loaded_Language,5295,5301,train-task2-TC.labels
758756657,Appeal_to_fear-prejudice,5639,5649,train-task2-TC.labels
758756657,Repetition,5811,5821,train-task2-TC.labels
758756657,Repetition,6359,6369,train-task2-TC.labels
758756657,Appeal_to_fear-prejudice,5870,5874,train-task2-TC.labels
758756657,Appeal_to_fear-prejudice,5910,5931,train-task2-TC.labels
758756657,Repetition,5989,5993,train-task2-TC.labels
758756657,Repetition,6281,6285,train-task2-TC.labels
758756657,Loaded_Language,6301,6308,train-task2-TC.labels
758756657,Repetition,6330,6347,train-task2-TC.labels
758756657,Appeal_to_fear-prejudice,6373,6432,train-task2-TC.labels
758756657,Slogans,481,513,train-task2-TC.labels
758756657,Flag-Waving,506,513,train-task2-TC.labels
758756657,Flag-Waving,1243,1261,train-task2-TC.labels
758756657,Loaded_Language,4380,4392,train-task2-TC.labels
758756657,Loaded_Language,4397,4412,train-task2-TC.labels
758756657,Doubt,6670,6702,train-task2-TC.labels
758756657,Doubt,6703,6747,train-task2-TC.labels
758756657,Doubt,6748,6781,train-task2-TC.labels
758812201,Loaded_Language,1473,1482,train-task2-TC.labels
759337941,"Name_Calling,Labeling",133,182,train-task2-TC.labels
759337941,"Name_Calling,Labeling",194,205,train-task2-TC.labels
759337941,Loaded_Language,1184,1219,train-task2-TC.labels
759337941,Loaded_Language,1226,1278,train-task2-TC.labels
759337941,Loaded_Language,35,61,train-task2-TC.labels
759337941,"Name_Calling,Labeling",65,97,train-task2-TC.labels
759337941,Loaded_Language,113,131,train-task2-TC.labels
759337941,"Exaggeration,Minimisation",304,327,train-task2-TC.labels
759337941,Loaded_Language,348,361,train-task2-TC.labels
759337941,"Name_Calling,Labeling",402,414,train-task2-TC.labels
759337941,"Exaggeration,Minimisation",418,481,train-task2-TC.labels
759337941,"Exaggeration,Minimisation",528,557,train-task2-TC.labels
759337941,Loaded_Language,1342,1360,train-task2-TC.labels
759337941,"Name_Calling,Labeling",1369,1389,train-task2-TC.labels
759337941,"Name_Calling,Labeling",1606,1621,train-task2-TC.labels
759337941,Repetition,1606,1616,train-task2-TC.labels
759337941,"Name_Calling,Labeling",1777,1817,train-task2-TC.labels
759337941,Loaded_Language,2042,2063,train-task2-TC.labels
759337941,Loaded_Language,2380,2397,train-task2-TC.labels
759337941,"Exaggeration,Minimisation",2987,3010,train-task2-TC.labels
759337941,Doubt,2064,2224,train-task2-TC.labels
759337941,Doubt,99,111,train-task2-TC.labels
759468687,"Name_Calling,Labeling",602,643,train-task2-TC.labels
759468687,Appeal_to_fear-prejudice,724,800,train-task2-TC.labels
759468687,Appeal_to_fear-prejudice,4492,4664,train-task2-TC.labels
759468687,"Name_Calling,Labeling",435,456,train-task2-TC.labels
759468687,Loaded_Language,3122,3141,train-task2-TC.labels
759468687,"Name_Calling,Labeling",0,13,train-task2-TC.labels
759468687,Causal_Oversimplification,192,238,train-task2-TC.labels
759468687,Loaded_Language,317,345,train-task2-TC.labels
759468687,Loaded_Language,557,571,train-task2-TC.labels
759468687,Loaded_Language,916,955,train-task2-TC.labels
759468687,Loaded_Language,1638,1677,train-task2-TC.labels
759468687,Causal_Oversimplification,1745,1828,train-task2-TC.labels
759468687,Loaded_Language,2107,2121,train-task2-TC.labels
759468687,Loaded_Language,2368,2387,train-task2-TC.labels
759468687,Causal_Oversimplification,2405,2485,train-task2-TC.labels
759468687,"Name_Calling,Labeling",2528,2545,train-task2-TC.labels
759468687,Repetition,2630,2638,train-task2-TC.labels
759468687,"Name_Calling,Labeling",2856,2894,train-task2-TC.labels
759468687,Repetition,3069,3111,train-task2-TC.labels
759468687,Flag-Waving,3122,3161,train-task2-TC.labels
759468687,Loaded_Language,3640,3645,train-task2-TC.labels
759468687,"Whataboutism,Straw_Men,Red_Herring",3509,3638,train-task2-TC.labels
759468687,Loaded_Language,4028,4047,train-task2-TC.labels
759468687,Loaded_Language,3698,3718,train-task2-TC.labels
759468687,"Whataboutism,Straw_Men,Red_Herring",4050,4209,train-task2-TC.labels
759468687,"Whataboutism,Straw_Men,Red_Herring",4331,4479,train-task2-TC.labels
759468687,Loaded_Language,4504,4542,train-task2-TC.labels
759468687,Loaded_Language,4613,4630,train-task2-TC.labels
759468687,"Name_Calling,Labeling",2415,2423,train-task2-TC.labels
759468687,"Name_Calling,Labeling",4647,4655,train-task2-TC.labels
759468687,"Name_Calling,Labeling",4534,4542,train-task2-TC.labels
759468687,"Name_Calling,Labeling",119,127,train-task2-TC.labels
759478604,Loaded_Language,35,46,train-task2-TC.labels
759478604,Loaded_Language,1312,1323,train-task2-TC.labels
759478604,Loaded_Language,1696,1704,train-task2-TC.labels
759478604,Loaded_Language,8701,8707,train-task2-TC.labels
759478604,"Name_Calling,Labeling",12527,12534,train-task2-TC.labels
759478604,Loaded_Language,14664,14676,train-task2-TC.labels
759478604,Loaded_Language,12783,12825,train-task2-TC.labels
759478604,Black-and-White_Fallacy,244,264,train-task2-TC.labels
759478604,Loaded_Language,1407,1414,train-task2-TC.labels
759478604,Loaded_Language,1746,1757,train-task2-TC.labels
759478604,Black-and-White_Fallacy,2451,2548,train-task2-TC.labels
759478604,"Exaggeration,Minimisation",4303,4386,train-task2-TC.labels
759478604,Black-and-White_Fallacy,5052,5083,train-task2-TC.labels
759478604,Loaded_Language,9407,9420,train-task2-TC.labels
759478604,Loaded_Language,9832,9859,train-task2-TC.labels
759478604,Loaded_Language,10856,10866,train-task2-TC.labels
759478604,Loaded_Language,10752,10759,train-task2-TC.labels
759478604,Loaded_Language,12559,12579,train-task2-TC.labels
759478604,Loaded_Language,13700,13717,train-task2-TC.labels
759478604,Appeal_to_fear-prejudice,2551,2581,train-task2-TC.labels
759478604,Appeal_to_fear-prejudice,2609,2640,train-task2-TC.labels
759478604,Loaded_Language,8430,8438,train-task2-TC.labels
759478604,Repetition,11614,11639,train-task2-TC.labels
759478604,Repetition,12165,12190,train-task2-TC.labels
759478604,Repetition,14704,14729,train-task2-TC.labels
761334950,Loaded_Language,726,736,train-task2-TC.labels
761334950,Loaded_Language,1154,1164,train-task2-TC.labels
761334950,"Exaggeration,Minimisation",2207,2221,train-task2-TC.labels
761334950,"Exaggeration,Minimisation",2343,2353,train-task2-TC.labels
761334950,Loaded_Language,2899,2916,train-task2-TC.labels
761334950,Loaded_Language,5837,5872,train-task2-TC.labels
761334950,Loaded_Language,14078,14088,train-task2-TC.labels
761334950,Loaded_Language,14144,14156,train-task2-TC.labels
761334950,Loaded_Language,15508,15534,train-task2-TC.labels
761334950,Doubt,16086,16116,train-task2-TC.labels
761334950,Loaded_Language,1306,1325,train-task2-TC.labels
761334950,Loaded_Language,16086,16116,train-task2-TC.labels
761334950,Repetition,16377,16385,train-task2-TC.labels
761334950,Loaded_Language,17133,17143,train-task2-TC.labels
761334950,Loaded_Language,21111,21119,train-task2-TC.labels
761546223,Loaded_Language,37,45,train-task2-TC.labels
761546223,Loaded_Language,269,280,train-task2-TC.labels
761546223,Loaded_Language,1583,1595,train-task2-TC.labels
761546223,Loaded_Language,3450,3457,train-task2-TC.labels
761546223,Loaded_Language,207,215,train-task2-TC.labels
761546223,"Name_Calling,Labeling",203,246,train-task2-TC.labels
761546223,Repetition,607,614,train-task2-TC.labels
761546223,Repetition,716,726,train-task2-TC.labels
761546223,Repetition,839,846,train-task2-TC.labels
761546223,Repetition,1788,1797,train-task2-TC.labels
761546223,Repetition,158,171,train-task2-TC.labels
761546223,Repetition,513,526,train-task2-TC.labels
761546223,Repetition,483,496,train-task2-TC.labels
761546223,Repetition,688,701,train-task2-TC.labels
761546223,Repetition,1989,1999,train-task2-TC.labels
761546223,Repetition,2556,2569,train-task2-TC.labels
761546223,Repetition,4012,4025,train-task2-TC.labels
761546223,Repetition,4627,4640,train-task2-TC.labels
761546223,Repetition,2949,2962,train-task2-TC.labels
761546223,Repetition,3235,3248,train-task2-TC.labels
761546223,Repetition,3422,3435,train-task2-TC.labels
761546223,Repetition,2631,2653,train-task2-TC.labels
761546223,Repetition,4484,4506,train-task2-TC.labels
761546223,Repetition,388,397,train-task2-TC.labels
761546223,Repetition,406,415,train-task2-TC.labels
761546223,Repetition,441,449,train-task2-TC.labels
761546223,Repetition,4169,4180,train-task2-TC.labels
761546223,Repetition,3272,3286,train-task2-TC.labels
761546223,Repetition,4271,4284,train-task2-TC.labels
761546223,Slogans,225,241,train-task2-TC.labels
761546223,Appeal_to_fear-prejudice,72,85,train-task2-TC.labels
761564397,Causal_Oversimplification,2749,2825,train-task2-TC.labels
761564397,Flag-Waving,4178,4192,train-task2-TC.labels
761610997,Loaded_Language,513,521,train-task2-TC.labels
761610997,Loaded_Language,1157,1161,train-task2-TC.labels
761610997,Slogans,1977,1992,train-task2-TC.labels
761610997,"Exaggeration,Minimisation",1886,1891,train-task2-TC.labels
761610997,Black-and-White_Fallacy,190,244,train-task2-TC.labels
761610997,"Name_Calling,Labeling",1225,1233,train-task2-TC.labels
761610997,Black-and-White_Fallacy,1222,1325,train-task2-TC.labels
761610997,"Exaggeration,Minimisation",1843,1856,train-task2-TC.labels
761610997,"Name_Calling,Labeling",2045,2049,train-task2-TC.labels
761610997,"Name_Calling,Labeling",2202,2209,train-task2-TC.labels
761610997,Flag-Waving,2381,2413,train-task2-TC.labels
761610997,Causal_Oversimplification,2604,2827,train-task2-TC.labels
761610997,Causal_Oversimplification,3663,3719,train-task2-TC.labels
761610997,"Exaggeration,Minimisation",4112,4184,train-task2-TC.labels
761610997,Black-and-White_Fallacy,5045,5071,train-task2-TC.labels
761610997,Loaded_Language,617,634,train-task2-TC.labels
761610997,Slogans,640,664,train-task2-TC.labels
761610997,Loaded_Language,4604,4614,train-task2-TC.labels
761674108,Loaded_Language,2560,2574,train-task2-TC.labels
761674108,Loaded_Language,3771,3781,train-task2-TC.labels
761674108,Loaded_Language,3803,3812,train-task2-TC.labels
761674108,Slogans,539,585,train-task2-TC.labels
761674108,"Name_Calling,Labeling",698,716,train-task2-TC.labels
761674108,Slogans,906,947,train-task2-TC.labels
761674108,"Name_Calling,Labeling",975,993,train-task2-TC.labels
761674108,"Whataboutism,Straw_Men,Red_Herring",1041,1070,train-task2-TC.labels
761674108,Loaded_Language,1125,1133,train-task2-TC.labels
761674108,"Name_Calling,Labeling",1153,1182,train-task2-TC.labels
761674108,Loaded_Language,1396,1404,train-task2-TC.labels
761674108,"Exaggeration,Minimisation",1527,1543,train-task2-TC.labels
761674108,Causal_Oversimplification,1549,1615,train-task2-TC.labels
761674108,Doubt,1690,1723,train-task2-TC.labels
761674108,Doubt,1902,1960,train-task2-TC.labels
761674108,Doubt,2267,2292,train-task2-TC.labels
761674108,Flag-Waving,2478,2487,train-task2-TC.labels
761674108,Loaded_Language,2880,2888,train-task2-TC.labels
761674108,Loaded_Language,2892,2899,train-task2-TC.labels
761674108,Flag-Waving,3038,3047,train-task2-TC.labels
761674108,"Name_Calling,Labeling",3286,3295,train-task2-TC.labels
761674108,Loaded_Language,3300,3306,train-task2-TC.labels
761674108,"Exaggeration,Minimisation",3319,3330,train-task2-TC.labels
761674108,"Name_Calling,Labeling",3465,3473,train-task2-TC.labels
761674108,"Exaggeration,Minimisation",3479,3513,train-task2-TC.labels
761674108,Loaded_Language,3674,3681,train-task2-TC.labels
761674108,Repetition,4236,4244,train-task2-TC.labels
761674108,Flag-Waving,4212,4219,train-task2-TC.labels
761674108,Black-and-White_Fallacy,4529,4664,train-task2-TC.labels
761674108,Black-and-White_Fallacy,4666,4715,train-task2-TC.labels
761674108,"Exaggeration,Minimisation",4725,4749,train-task2-TC.labels
761674108,Flag-Waving,4725,4738,train-task2-TC.labels
761674108,Flag-Waving,1167,1180,train-task2-TC.labels
761674108,Flag-Waving,2138,2148,train-task2-TC.labels
761674108,Slogans,2424,2451,train-task2-TC.labels
761674108,Loaded_Language,2489,2517,train-task2-TC.labels
761674108,Loaded_Language,2519,2544,train-task2-TC.labels
761674108,Loaded_Language,2630,2660,train-task2-TC.labels
761674108,Doubt,3578,3626,train-task2-TC.labels
761674108,Loaded_Language,3522,3530,train-task2-TC.labels
761674108,"Name_Calling,Labeling",4083,4095,train-task2-TC.labels
761674108,Doubt,4097,4235,train-task2-TC.labels
761674108,Thought-terminating_Cliches,4693,4715,train-task2-TC.labels
761780613,Loaded_Language,783,834,train-task2-TC.labels
761780613,Slogans,887,899,train-task2-TC.labels
761874505,Causal_Oversimplification,2312,2388,train-task2-TC.labels
761874505,"Whataboutism,Straw_Men,Red_Herring",1831,1872,train-task2-TC.labels
761874505,"Whataboutism,Straw_Men,Red_Herring",1905,1976,train-task2-TC.labels
761874505,"Exaggeration,Minimisation",2725,2782,train-task2-TC.labels
761874505,Repetition,2858,2862,train-task2-TC.labels
761874505,Loaded_Language,2921,2937,train-task2-TC.labels
761897089,Flag-Waving,4638,4650,train-task2-TC.labels
761897089,Flag-Waving,4692,4711,train-task2-TC.labels
761897089,Flag-Waving,4565,4576,train-task2-TC.labels
761897089,Flag-Waving,4475,4484,train-task2-TC.labels
761897089,"Name_Calling,Labeling",3490,3506,train-task2-TC.labels
761897089,"Name_Calling,Labeling",4511,4529,train-task2-TC.labels
761897089,Causal_Oversimplification,3636,3712,train-task2-TC.labels
761897089,Loaded_Language,4629,4637,train-task2-TC.labels
761897089,Loaded_Language,4586,4593,train-task2-TC.labels
761897089,Loaded_Language,4138,4148,train-task2-TC.labels
761897089,Loaded_Language,3364,3371,train-task2-TC.labels
761897089,"Whataboutism,Straw_Men,Red_Herring",1775,1816,train-task2-TC.labels
761897089,"Whataboutism,Straw_Men,Red_Herring",1849,1920,train-task2-TC.labels
761968851,Causal_Oversimplification,3843,3984,train-task2-TC.labels
761968851,Flag-Waving,5797,5816,train-task2-TC.labels
761968851,Loaded_Language,149,172,train-task2-TC.labels
761968851,Causal_Oversimplification,993,1069,train-task2-TC.labels
761968851,Loaded_Language,1641,1660,train-task2-TC.labels
761968851,Loaded_Language,5243,5254,train-task2-TC.labels
761968851,Loaded_Language,5950,5969,train-task2-TC.labels
761968851,Loaded_Language,6237,6257,train-task2-TC.labels
761968851,Repetition,6389,6408,train-task2-TC.labels
761968851,Loaded_Language,7163,7170,train-task2-TC.labels
761968851,Loaded_Language,755,774,train-task2-TC.labels
761968851,Loaded_Language,787,804,train-task2-TC.labels
761968851,Loaded_Language,4199,4205,train-task2-TC.labels
761968851,"Name_Calling,Labeling",5258,5274,train-task2-TC.labels
761969038,Thought-terminating_Cliches,5552,5571,train-task2-TC.labels
761969038,Loaded_Language,119,141,train-task2-TC.labels
761969038,Loaded_Language,305,321,train-task2-TC.labels
761969038,Loaded_Language,1755,1783,train-task2-TC.labels
761969038,Loaded_Language,4048,4053,train-task2-TC.labels
761969038,Loaded_Language,4149,4170,train-task2-TC.labels
761969038,Loaded_Language,4271,4292,train-task2-TC.labels
761969038,Loaded_Language,4521,4541,train-task2-TC.labels
761969038,Doubt,5614,5663,train-task2-TC.labels
761969038,Causal_Oversimplification,1971,2046,train-task2-TC.labels
761969038,Repetition,4391,4412,train-task2-TC.labels
761969692,Black-and-White_Fallacy,601,725,train-task2-TC.labels
761969692,Flag-Waving,1894,1907,train-task2-TC.labels
761969692,Black-and-White_Fallacy,2291,2489,train-task2-TC.labels
761969692,Flag-Waving,6522,6541,train-task2-TC.labels
761969692,"Name_Calling,Labeling",393,404,train-task2-TC.labels
761969692,"Name_Calling,Labeling",482,492,train-task2-TC.labels
761969692,Loaded_Language,2057,2089,train-task2-TC.labels
761969692,Loaded_Language,2993,3013,train-task2-TC.labels
761969692,"Name_Calling,Labeling",3017,3033,train-task2-TC.labels
761969692,"Exaggeration,Minimisation",4010,4090,train-task2-TC.labels
761969692,Loaded_Language,5796,5816,train-task2-TC.labels
761969692,Loaded_Language,5915,5935,train-task2-TC.labels
761969692,Loaded_Language,6064,6084,train-task2-TC.labels
761969692,Loaded_Language,6636,6662,train-task2-TC.labels
761969692,"Name_Calling,Labeling",1557,1574,train-task2-TC.labels
761969692,"Name_Calling,Labeling",2005,2043,train-task2-TC.labels
761969692,Loaded_Language,2276,2289,train-task2-TC.labels
761969692,Loaded_Language,2858,2885,train-task2-TC.labels
762147609,Flag-Waving,531,546,train-task2-TC.labels
762147609,Flag-Waving,8629,8648,train-task2-TC.labels
762147609,"Name_Calling,Labeling",648,660,train-task2-TC.labels
762147609,Loaded_Language,3287,3292,train-task2-TC.labels
762147609,Loaded_Language,4034,4046,train-task2-TC.labels
762147609,"Name_Calling,Labeling",2113,2122,train-task2-TC.labels
762147609,Repetition,3108,3117,train-task2-TC.labels
762147609,Repetition,3930,3939,train-task2-TC.labels
762147609,"Exaggeration,Minimisation",1298,1314,train-task2-TC.labels
762147609,Appeal_to_fear-prejudice,2160,2290,train-task2-TC.labels
762147609,Appeal_to_fear-prejudice,3800,3836,train-task2-TC.labels
762152527,Loaded_Language,1412,1423,train-task2-TC.labels
762152527,Loaded_Language,2017,2026,train-task2-TC.labels
762152527,Flag-Waving,1121,1166,train-task2-TC.labels
762152527,Doubt,863,897,train-task2-TC.labels
762152527,Loaded_Language,1502,1535,train-task2-TC.labels
762152527,Loaded_Language,1802,1827,train-task2-TC.labels
762152527,"Whataboutism,Straw_Men,Red_Herring",1870,1912,train-task2-TC.labels
762152527,"Whataboutism,Straw_Men,Red_Herring",1914,1953,train-task2-TC.labels
762152527,Doubt,898,975,train-task2-TC.labels
762160164,Loaded_Language,522,532,train-task2-TC.labels
762160164,Doubt,595,618,train-task2-TC.labels
762160164,"Exaggeration,Minimisation",2414,2435,train-task2-TC.labels
762160164,"Exaggeration,Minimisation",2470,2493,train-task2-TC.labels
762160164,Loaded_Language,2572,2581,train-task2-TC.labels
762160164,Repetition,3115,3122,train-task2-TC.labels
762160164,Repetition,3164,3171,train-task2-TC.labels
762160164,"Exaggeration,Minimisation",3185,3194,train-task2-TC.labels
762160164,"Name_Calling,Labeling",1540,1543,train-task2-TC.labels
762160164,Loaded_Language,2520,2529,train-task2-TC.labels
762200179,Repetition,6609,6625,train-task2-TC.labels
762200179,Repetition,6715,6731,train-task2-TC.labels
762200179,Repetition,6804,6820,train-task2-TC.labels
762200179,Repetition,6884,6900,train-task2-TC.labels
762200179,Flag-Waving,663,678,train-task2-TC.labels
762200179,"Exaggeration,Minimisation",1300,1306,train-task2-TC.labels
762200179,"Exaggeration,Minimisation",6376,6386,train-task2-TC.labels
762200179,"Exaggeration,Minimisation",6417,6424,train-task2-TC.labels
762200179,Loaded_Language,3915,3920,train-task2-TC.labels
762200179,Flag-Waving,6074,6077,train-task2-TC.labels
762200179,Flag-Waving,6195,6198,train-task2-TC.labels
762206044,"Name_Calling,Labeling",2378,2397,train-task2-TC.labels
762206044,"Name_Calling,Labeling",2791,2808,train-task2-TC.labels
762206044,Loaded_Language,4136,4157,train-task2-TC.labels
762206044,"Name_Calling,Labeling",7183,7194,train-task2-TC.labels
762206044,Loaded_Language,9251,9263,train-task2-TC.labels
762206044,Loaded_Language,8127,8143,train-task2-TC.labels
762206044,"Name_Calling,Labeling",35,48,train-task2-TC.labels
762206044,"Exaggeration,Minimisation",62,105,train-task2-TC.labels
762206044,"Exaggeration,Minimisation",246,287,train-task2-TC.labels
762206044,"Name_Calling,Labeling",291,304,train-task2-TC.labels
762206044,Loaded_Language,1864,1879,train-task2-TC.labels
762206044,Loaded_Language,1947,1972,train-task2-TC.labels
762206044,"Whataboutism,Straw_Men,Red_Herring",2107,2120,train-task2-TC.labels
762206044,Loaded_Language,3175,3197,train-task2-TC.labels
762206044,Loaded_Language,4046,4083,train-task2-TC.labels
762206044,Loaded_Language,4330,4352,train-task2-TC.labels
762206044,"Exaggeration,Minimisation",5051,5127,train-task2-TC.labels
762206044,Loaded_Language,6682,6692,train-task2-TC.labels
762206044,"Name_Calling,Labeling",7412,7426,train-task2-TC.labels
762206044,Doubt,7945,8168,train-task2-TC.labels
762206044,Loaded_Language,9136,9185,train-task2-TC.labels
762206044,Loaded_Language,10685,10700,train-task2-TC.labels
762206044,Loaded_Language,2378,2385,train-task2-TC.labels
762340819,Loaded_Language,8,15,train-task2-TC.labels
762340819,"Exaggeration,Minimisation",17,27,train-task2-TC.labels
762340819,"Exaggeration,Minimisation",1604,1613,train-task2-TC.labels
762340819,"Name_Calling,Labeling",1861,1893,train-task2-TC.labels
762340819,"Name_Calling,Labeling",2258,2287,train-task2-TC.labels
762340819,Repetition,1184,1191,train-task2-TC.labels
762340819,Repetition,1454,1461,train-task2-TC.labels
762340819,Repetition,2515,2522,train-task2-TC.labels
762340819,Repetition,3164,3171,train-task2-TC.labels
762340819,Repetition,3532,3539,train-task2-TC.labels
762340819,Repetition,3625,3632,train-task2-TC.labels
762340819,Repetition,3657,3664,train-task2-TC.labels
762340819,"Exaggeration,Minimisation",1536,1567,train-task2-TC.labels
762340819,"Exaggeration,Minimisation",2377,2389,train-task2-TC.labels
762340819,Slogans,3284,3302,train-task2-TC.labels
762340819,Loaded_Language,3892,3901,train-task2-TC.labels
762340819,Loaded_Language,3934,3944,train-task2-TC.labels
762340819,"Exaggeration,Minimisation",336,346,train-task2-TC.labels
762340819,"Name_Calling,Labeling",1763,1782,train-task2-TC.labels
762340819,Loaded_Language,3568,3579,train-task2-TC.labels
762340819,Loaded_Language,3581,3588,train-task2-TC.labels
762340819,Loaded_Language,3590,3599,train-task2-TC.labels
762340819,Appeal_to_fear-prejudice,3875,3901,train-task2-TC.labels
762340819,Flag-Waving,3902,3914,train-task2-TC.labels
762340819,Loaded_Language,4639,4650,train-task2-TC.labels
762546428,Loaded_Language,371,383,train-task2-TC.labels
762546428,Loaded_Language,965,981,train-task2-TC.labels
762546428,Loaded_Language,3326,3341,train-task2-TC.labels
762546428,Loaded_Language,76,84,train-task2-TC.labels
762546428,Loaded_Language,110,122,train-task2-TC.labels
762546428,Loaded_Language,274,280,train-task2-TC.labels
762546428,Loaded_Language,1172,1180,train-task2-TC.labels
762546428,Loaded_Language,1391,1398,train-task2-TC.labels
762546428,Loaded_Language,3091,3099,train-task2-TC.labels
762546428,Loaded_Language,3238,3251,train-task2-TC.labels
762546428,Loaded_Language,3273,3284,train-task2-TC.labels
762546428,Loaded_Language,1230,1239,train-task2-TC.labels
762546428,Repetition,1284,1296,train-task2-TC.labels
762546428,Repetition,2153,2161,train-task2-TC.labels
762546428,Repetition,2420,2427,train-task2-TC.labels
762546428,Repetition,1727,1734,train-task2-TC.labels
762546428,Repetition,309,318,train-task2-TC.labels
762546428,Repetition,248,262,train-task2-TC.labels
762546428,Repetition,1301,1315,train-task2-TC.labels
762546428,Repetition,2580,2594,train-task2-TC.labels
762546428,Repetition,333,341,train-task2-TC.labels
762546428,Repetition,973,981,train-task2-TC.labels
762546428,Repetition,1158,1166,train-task2-TC.labels
762546428,Repetition,1247,1265,train-task2-TC.labels
762546428,Causal_Oversimplification,2652,2713,train-task2-TC.labels
762546428,"Exaggeration,Minimisation",2890,2943,train-task2-TC.labels
762546428,"Exaggeration,Minimisation",692,700,train-task2-TC.labels
762546428,Flag-Waving,3288,3299,train-task2-TC.labels
762546428,"Name_Calling,Labeling",185,211,train-task2-TC.labels
762956953,"Exaggeration,Minimisation",630,669,train-task2-TC.labels
763260610,Loaded_Language,970,981,train-task2-TC.labels
763260610,Loaded_Language,1284,1363,train-task2-TC.labels
763260610,"Name_Calling,Labeling",2205,2238,train-task2-TC.labels
763260610,Loaded_Language,3031,3086,train-task2-TC.labels
763260610,Loaded_Language,4166,4190,train-task2-TC.labels
763260610,Flag-Waving,4192,4309,train-task2-TC.labels
763260610,"Name_Calling,Labeling",4724,4742,train-task2-TC.labels
763260610,Loaded_Language,6409,6450,train-task2-TC.labels
763260610,Loaded_Language,9302,9329,train-task2-TC.labels
763260610,"Name_Calling,Labeling",9405,9459,train-task2-TC.labels
763260610,Loaded_Language,9460,9471,train-task2-TC.labels
763260610,Repetition,10436,10444,train-task2-TC.labels
763260610,"Whataboutism,Straw_Men,Red_Herring",14328,14403,train-task2-TC.labels
763260610,"Exaggeration,Minimisation",2812,2868,train-task2-TC.labels
763260610,"Exaggeration,Minimisation",3956,3996,train-task2-TC.labels
763260610,"Exaggeration,Minimisation",4819,4851,train-task2-TC.labels
763260610,Loaded_Language,8129,8166,train-task2-TC.labels
763260610,"Exaggeration,Minimisation",8247,8265,train-task2-TC.labels
763260610,"Name_Calling,Labeling",9160,9176,train-task2-TC.labels
763260610,Loaded_Language,10585,10616,train-task2-TC.labels
763260610,Loaded_Language,0,17,train-task2-TC.labels
763260610,"Name_Calling,Labeling",254,290,train-task2-TC.labels
763260610,"Name_Calling,Labeling",705,719,train-task2-TC.labels
763260610,"Exaggeration,Minimisation",1053,1105,train-task2-TC.labels
763260610,Loaded_Language,1365,1375,train-task2-TC.labels
763260610,"Name_Calling,Labeling",1411,1424,train-task2-TC.labels
763260610,"Name_Calling,Labeling",1470,1483,train-task2-TC.labels
763260610,Loaded_Language,1516,1529,train-task2-TC.labels
763260610,Loaded_Language,1593,1619,train-task2-TC.labels
763260610,Appeal_to_fear-prejudice,1621,1675,train-task2-TC.labels
763260610,Loaded_Language,2132,2150,train-task2-TC.labels
763260610,Loaded_Language,2311,2359,train-task2-TC.labels
763260610,Loaded_Language,2430,2443,train-task2-TC.labels
763260610,"Exaggeration,Minimisation",3559,3589,train-task2-TC.labels
763260610,"Exaggeration,Minimisation",3782,3801,train-task2-TC.labels
763260610,"Exaggeration,Minimisation",3911,3931,train-task2-TC.labels
763260610,Loaded_Language,4015,4037,train-task2-TC.labels
763260610,"Name_Calling,Labeling",4369,4390,train-task2-TC.labels
763260610,"Name_Calling,Labeling",3134,3156,train-task2-TC.labels
763260610,Loaded_Language,4500,4518,train-task2-TC.labels
763260610,"Name_Calling,Labeling",4639,4664,train-task2-TC.labels
763260610,"Exaggeration,Minimisation",5066,5120,train-task2-TC.labels
763260610,Loaded_Language,5391,5423,train-task2-TC.labels
763260610,"Exaggeration,Minimisation",5495,5554,train-task2-TC.labels
763260610,Loaded_Language,5881,5892,train-task2-TC.labels
763260610,Loaded_Language,6160,6182,train-task2-TC.labels
763260610,"Exaggeration,Minimisation",6230,6271,train-task2-TC.labels
763260610,"Exaggeration,Minimisation",6660,6740,train-task2-TC.labels
763260610,"Name_Calling,Labeling",6845,6907,train-task2-TC.labels
763260610,Loaded_Language,7459,7495,train-task2-TC.labels
763260610,"Name_Calling,Labeling",7661,7680,train-task2-TC.labels
763260610,"Name_Calling,Labeling",7606,7639,train-task2-TC.labels
763260610,Loaded_Language,7890,7931,train-task2-TC.labels
763260610,Loaded_Language,8032,8048,train-task2-TC.labels
763260610,Loaded_Language,8777,8790,train-task2-TC.labels
763260610,Loaded_Language,8957,8999,train-task2-TC.labels
763260610,"Name_Calling,Labeling",8957,8978,train-task2-TC.labels
763260610,Loaded_Language,9186,9203,train-task2-TC.labels
763260610,Loaded_Language,9362,9378,train-task2-TC.labels
763260610,Loaded_Language,9689,9714,train-task2-TC.labels
763260610,Loaded_Language,9818,9846,train-task2-TC.labels
763260610,Loaded_Language,9916,9946,train-task2-TC.labels
763260610,Loaded_Language,9967,10009,train-task2-TC.labels
763260610,"Exaggeration,Minimisation",10201,10274,train-task2-TC.labels
763260610,Loaded_Language,10457,10469,train-task2-TC.labels
763260610,"Exaggeration,Minimisation",10568,10629,train-task2-TC.labels
763260610,"Whataboutism,Straw_Men,Red_Herring",11055,11168,train-task2-TC.labels
763260610,Loaded_Language,11280,11303,train-task2-TC.labels
763260610,"Exaggeration,Minimisation",12230,12261,train-task2-TC.labels
763260610,Loaded_Language,12529,12547,train-task2-TC.labels
763260610,Repetition,13164,13180,train-task2-TC.labels
763260610,Loaded_Language,13644,13675,train-task2-TC.labels
763260610,"Whataboutism,Straw_Men,Red_Herring",13771,13837,train-task2-TC.labels
763260610,Loaded_Language,14075,14095,train-task2-TC.labels
763260610,Loaded_Language,14289,14314,train-task2-TC.labels
763260610,Loaded_Language,14424,14441,train-task2-TC.labels
763260610,Appeal_to_Authority,3811,3868,train-task2-TC.labels
763260610,Repetition,10177,10186,train-task2-TC.labels
763440871,Loaded_Language,843,866,train-task2-TC.labels
763440871,Loaded_Language,45,60,train-task2-TC.labels
763440871,Loaded_Language,1705,1713,train-task2-TC.labels
763440871,Loaded_Language,1719,1727,train-task2-TC.labels
763440871,Loaded_Language,1859,1868,train-task2-TC.labels
763440871,Loaded_Language,727,734,train-task2-TC.labels
763440871,Loaded_Language,1371,1381,train-task2-TC.labels
763440871,Repetition,478,493,train-task2-TC.labels
763440871,Repetition,934,942,train-task2-TC.labels
763440871,Repetition,1536,1545,train-task2-TC.labels
763440871,Repetition,3309,3317,train-task2-TC.labels
763440871,Repetition,3339,3347,train-task2-TC.labels
763440871,Black-and-White_Fallacy,3228,3359,train-task2-TC.labels
763440871,"Name_Calling,Labeling",1825,1853,train-task2-TC.labels
763440871,Slogans,3254,3287,train-task2-TC.labels
763440871,"Exaggeration,Minimisation",980,988,train-task2-TC.labels
763440871,"Exaggeration,Minimisation",2472,2491,train-task2-TC.labels
763761219,Flag-Waving,1875,1890,train-task2-TC.labels
763761219,Slogans,116,140,train-task2-TC.labels
763761219,Repetition,1452,1465,train-task2-TC.labels
763761219,Repetition,1645,1658,train-task2-TC.labels
763761219,Flag-Waving,2295,2306,train-task2-TC.labels
764518567,Repetition,6123,6139,train-task2-TC.labels
764518567,Repetition,6460,6476,train-task2-TC.labels
764518567,Repetition,6669,6685,train-task2-TC.labels
764518567,Repetition,6919,6935,train-task2-TC.labels
764518567,Loaded_Language,1113,1133,train-task2-TC.labels
764518567,Repetition,5809,5826,train-task2-TC.labels
764518567,Loaded_Language,7942,7961,train-task2-TC.labels
764518567,Loaded_Language,2954,2972,train-task2-TC.labels
764518567,Repetition,5832,5850,train-task2-TC.labels
764518567,Loaded_Language,1924,1933,train-task2-TC.labels
764518567,Doubt,2303,2349,train-task2-TC.labels
764518567,Loaded_Language,5191,5208,train-task2-TC.labels
764518567,Repetition,5887,5903,train-task2-TC.labels
764518567,Doubt,8001,8054,train-task2-TC.labels
764518567,"Exaggeration,Minimisation",9804,9833,train-task2-TC.labels
764518567,Loaded_Language,11690,11756,train-task2-TC.labels
764518567,Loaded_Language,1258,1266,train-task2-TC.labels
764518567,Loaded_Language,2316,2331,train-task2-TC.labels
764518567,Loaded_Language,4804,4852,train-task2-TC.labels
764518567,Repetition,6093,6111,train-task2-TC.labels
764518567,Loaded_Language,8365,8402,train-task2-TC.labels
764518567,Repetition,9264,9272,train-task2-TC.labels
764518567,Doubt,10680,10702,train-task2-TC.labels
764609985,Loaded_Language,7112,7118,train-task2-TC.labels
764609985,"Name_Calling,Labeling",7224,7235,train-task2-TC.labels
764609985,Flag-Waving,675,694,train-task2-TC.labels
764609985,Doubt,6332,6366,train-task2-TC.labels
764609985,Loaded_Language,5497,5509,train-task2-TC.labels
764609985,Loaded_Language,5513,5522,train-task2-TC.labels
764609985,Loaded_Language,8747,8765,train-task2-TC.labels
764609985,Loaded_Language,10403,10413,train-task2-TC.labels
764609985,Loaded_Language,288,296,train-task2-TC.labels
764609985,Loaded_Language,500,507,train-task2-TC.labels
764609985,Loaded_Language,1681,1685,train-task2-TC.labels
764609985,Loaded_Language,2352,2362,train-task2-TC.labels
764609985,Loaded_Language,2463,2471,train-task2-TC.labels
764609985,Doubt,2550,2764,train-task2-TC.labels
764609985,Loaded_Language,2992,3003,train-task2-TC.labels
764609985,Loaded_Language,3574,3578,train-task2-TC.labels
764609985,Loaded_Language,3701,3707,train-task2-TC.labels
764609985,Loaded_Language,4675,4681,train-task2-TC.labels
764609985,Loaded_Language,4924,4933,train-task2-TC.labels
764609985,Doubt,5891,6090,train-task2-TC.labels
764609985,Doubt,5496,5541,train-task2-TC.labels
764609985,Loaded_Language,8497,8514,train-task2-TC.labels
764609985,Appeal_to_Authority,10188,10225,train-task2-TC.labels
764609985,Loaded_Language,7247,7251,train-task2-TC.labels
764609985,Repetition,8701,8718,train-task2-TC.labels
764609985,Loaded_Language,11038,11048,train-task2-TC.labels
764664283,Loaded_Language,3743,3755,train-task2-TC.labels
764664283,Loaded_Language,3925,3946,train-task2-TC.labels
764664283,Loaded_Language,5615,5622,train-task2-TC.labels
764664283,Loaded_Language,6383,6393,train-task2-TC.labels
764664283,Loaded_Language,7391,7405,train-task2-TC.labels
764664283,Loaded_Language,1394,1405,train-task2-TC.labels
764664283,Loaded_Language,3760,3770,train-task2-TC.labels
764664283,Loaded_Language,7045,7053,train-task2-TC.labels
764664283,Loaded_Language,7236,7278,train-task2-TC.labels
764664283,Loaded_Language,7255,7278,train-task2-TC.labels
764664283,Loaded_Language,451,476,train-task2-TC.labels
764664283,Loaded_Language,1184,1205,train-task2-TC.labels
764664283,Loaded_Language,4110,4131,train-task2-TC.labels
764664283,Loaded_Language,5538,5571,train-task2-TC.labels
764664283,Loaded_Language,5580,5596,train-task2-TC.labels
764664283,Loaded_Language,6058,6108,train-task2-TC.labels
764664283,Loaded_Language,7568,7635,train-task2-TC.labels
764664283,Causal_Oversimplification,125,303,train-task2-TC.labels
764664283,Causal_Oversimplification,7720,7854,train-task2-TC.labels
764664283,Causal_Oversimplification,2529,2664,train-task2-TC.labels
764664283,"Name_Calling,Labeling",0,34,train-task2-TC.labels
764664283,"Name_Calling,Labeling",3496,3521,train-task2-TC.labels
764664283,"Name_Calling,Labeling",7337,7367,train-task2-TC.labels
764664283,"Name_Calling,Labeling",1364,1383,train-task2-TC.labels
764664283,"Name_Calling,Labeling",468,476,train-task2-TC.labels
764664283,Appeal_to_fear-prejudice,463,476,train-task2-TC.labels
764664283,Appeal_to_fear-prejudice,1546,1577,train-task2-TC.labels
764664283,Appeal_to_fear-prejudice,5196,5228,train-task2-TC.labels
764664283,"Exaggeration,Minimisation",1092,1128,train-task2-TC.labels
764664283,"Exaggeration,Minimisation",2413,2426,train-task2-TC.labels
764664283,"Exaggeration,Minimisation",2250,2287,train-task2-TC.labels
764664283,"Exaggeration,Minimisation",4063,4098,train-task2-TC.labels
764664283,"Exaggeration,Minimisation",5611,5631,train-task2-TC.labels
764664283,"Exaggeration,Minimisation",5776,5806,train-task2-TC.labels
764664283,Black-and-White_Fallacy,2529,2664,train-task2-TC.labels
764664283,Black-and-White_Fallacy,5285,5372,train-task2-TC.labels
764664283,Repetition,5502,5537,train-task2-TC.labels
764664283,Doubt,5538,5571,train-task2-TC.labels
764664283,Doubt,6960,7008,train-task2-TC.labels
764664283,Doubt,1636,1722,train-task2-TC.labels
764664283,Doubt,2666,2747,train-task2-TC.labels
764664283,Doubt,2749,2895,train-task2-TC.labels
764664283,Doubt,3624,3714,train-task2-TC.labels
764664283,Doubt,591,698,train-task2-TC.labels
764664283,Doubt,872,960,train-task2-TC.labels
764664283,Doubt,2150,2287,train-task2-TC.labels
764664283,Doubt,4314,4389,train-task2-TC.labels
764664283,Doubt,7229,7292,train-task2-TC.labels
764664283,Doubt,1481,1634,train-task2-TC.labels
764664283,Doubt,1928,1964,train-task2-TC.labels
764664283,Doubt,5676,5823,train-task2-TC.labels
764664283,"Whataboutism,Straw_Men,Red_Herring",3535,3591,train-task2-TC.labels
764664283,"Bandwagon,Reductio_ad_hitlerum",5825,5894,train-task2-TC.labels
764715911,Loaded_Language,4380,4391,train-task2-TC.labels
764715911,Repetition,4015,4028,train-task2-TC.labels
764715911,Black-and-White_Fallacy,2859,2916,train-task2-TC.labels
764715911,Flag-Waving,132,142,train-task2-TC.labels
764715911,Black-and-White_Fallacy,254,348,train-task2-TC.labels
764715911,Doubt,937,1001,train-task2-TC.labels
764715911,Black-and-White_Fallacy,1667,1713,train-task2-TC.labels
764715911,Repetition,3722,3734,train-task2-TC.labels
764715911,Black-and-White_Fallacy,6379,6427,train-task2-TC.labels
764715911,Loaded_Language,6958,6981,train-task2-TC.labels
764715911,Loaded_Language,6832,6852,train-task2-TC.labels
764715911,"Whataboutism,Straw_Men,Red_Herring",7265,7459,train-task2-TC.labels
764715911,Causal_Oversimplification,7652,7700,train-task2-TC.labels
764715911,Flag-Waving,272,285,train-task2-TC.labels
764715911,"Name_Calling,Labeling",573,584,train-task2-TC.labels
764715911,Loaded_Language,1728,1734,train-task2-TC.labels
764715911,Flag-Waving,2558,2561,train-task2-TC.labels
764715911,Repetition,5779,5788,train-task2-TC.labels
764715911,Flag-Waving,6646,6649,train-task2-TC.labels
764715911,Doubt,7479,7513,train-task2-TC.labels
764715911,Doubt,7514,7597,train-task2-TC.labels
765029945,Loaded_Language,1412,1423,train-task2-TC.labels
765029945,Appeal_to_fear-prejudice,1618,1642,train-task2-TC.labels
765029945,"Bandwagon,Reductio_ad_hitlerum",334,400,train-task2-TC.labels
765029945,"Bandwagon,Reductio_ad_hitlerum",424,470,train-task2-TC.labels
765029945,Appeal_to_fear-prejudice,677,687,train-task2-TC.labels
765029945,Loaded_Language,746,765,train-task2-TC.labels
765029945,Black-and-White_Fallacy,251,329,train-task2-TC.labels
765029945,Appeal_to_fear-prejudice,1114,1129,train-task2-TC.labels
765029945,Appeal_to_fear-prejudice,1326,1339,train-task2-TC.labels
765029945,Causal_Oversimplification,1502,1561,train-task2-TC.labels
765029945,"Exaggeration,Minimisation",1643,1650,train-task2-TC.labels
765029945,Loaded_Language,1590,1603,train-task2-TC.labels
765029945,"Name_Calling,Labeling",256,265,train-task2-TC.labels
765029945,Repetition,873,877,train-task2-TC.labels
765029945,Repetition,951,955,train-task2-TC.labels
765029945,Repetition,1043,1047,train-task2-TC.labels
765029945,Repetition,1375,1379,train-task2-TC.labels
765197039,Loaded_Language,2154,2185,train-task2-TC.labels
765197039,Loaded_Language,4397,4404,train-task2-TC.labels
765197039,Loaded_Language,907,911,train-task2-TC.labels
765197039,Loaded_Language,3370,3381,train-task2-TC.labels
765197039,Loaded_Language,3835,3855,train-task2-TC.labels
765197039,Loaded_Language,3846,3855,train-task2-TC.labels
765197039,Loaded_Language,4223,4259,train-task2-TC.labels
765197039,Loaded_Language,403,435,train-task2-TC.labels
765197039,Loaded_Language,3004,3031,train-task2-TC.labels
765197039,Loaded_Language,3897,3904,train-task2-TC.labels
765197039,"Name_Calling,Labeling",4290,4351,train-task2-TC.labels
765197039,"Name_Calling,Labeling",4750,4789,train-task2-TC.labels
765197039,"Name_Calling,Labeling",446,469,train-task2-TC.labels
765197039,"Name_Calling,Labeling",1245,1252,train-task2-TC.labels
765197039,"Name_Calling,Labeling",1338,1352,train-task2-TC.labels
765197039,"Name_Calling,Labeling",2270,2282,train-task2-TC.labels
765197039,"Name_Calling,Labeling",3019,3031,train-task2-TC.labels
765197039,"Name_Calling,Labeling",3208,3230,train-task2-TC.labels
765197039,"Name_Calling,Labeling",3385,3397,train-task2-TC.labels
765197039,"Name_Calling,Labeling",3725,3740,train-task2-TC.labels
765197039,"Name_Calling,Labeling",3909,3929,train-task2-TC.labels
765197039,Appeal_to_fear-prejudice,568,904,train-task2-TC.labels
765197039,Appeal_to_fear-prejudice,3007,3031,train-task2-TC.labels
765197039,Appeal_to_fear-prejudice,1961,2088,train-task2-TC.labels
765197039,"Exaggeration,Minimisation",615,658,train-task2-TC.labels
765197039,"Exaggeration,Minimisation",2609,2629,train-task2-TC.labels
765197039,"Exaggeration,Minimisation",2777,2796,train-task2-TC.labels
765197039,"Exaggeration,Minimisation",4243,4259,train-task2-TC.labels
765197039,"Exaggeration,Minimisation",4310,4351,train-task2-TC.labels
765197039,"Exaggeration,Minimisation",235,256,train-task2-TC.labels
765197039,"Exaggeration,Minimisation",1004,1048,train-task2-TC.labels
765197039,"Exaggeration,Minimisation",1114,1143,train-task2-TC.labels
765197039,"Exaggeration,Minimisation",2306,2342,train-task2-TC.labels
765197039,"Exaggeration,Minimisation",2444,2505,train-task2-TC.labels
765197039,"Exaggeration,Minimisation",4353,4404,train-task2-TC.labels
765197039,"Exaggeration,Minimisation",4572,4603,train-task2-TC.labels
765197039,Repetition,1033,1048,train-task2-TC.labels
765197039,Repetition,2306,2343,train-task2-TC.labels
765197039,Repetition,2444,2459,train-task2-TC.labels
765197039,Repetition,4588,4603,train-task2-TC.labels
765197039,Repetition,698,717,train-task2-TC.labels
765197039,Repetition,3921,3929,train-task2-TC.labels
765197039,Doubt,187,289,train-task2-TC.labels
765197039,Doubt,1058,1143,train-task2-TC.labels
765197039,Doubt,2091,2505,train-task2-TC.labels
765197039,Doubt,4726,4789,train-task2-TC.labels
765197039,Thought-terminating_Cliches,330,368,train-task2-TC.labels
765197039,Appeal_to_Authority,2507,2591,train-task2-TC.labels
765197039,Appeal_to_Authority,2631,2879,train-task2-TC.labels
765197039,Appeal_to_Authority,2881,2962,train-task2-TC.labels
765197039,Appeal_to_Authority,3299,4011,train-task2-TC.labels
765197039,Appeal_to_Authority,4094,4541,train-task2-TC.labels
765197039,Causal_Oversimplification,3489,3644,train-task2-TC.labels
765197039,"Whataboutism,Straw_Men,Red_Herring",4605,4724,train-task2-TC.labels
765385479,Appeal_to_fear-prejudice,16,85,train-task2-TC.labels
765385479,Loaded_Language,522,537,train-task2-TC.labels
765385479,Loaded_Language,982,1059,train-task2-TC.labels
765385479,"Name_Calling,Labeling",2100,2117,train-task2-TC.labels
765385479,Loaded_Language,2422,2440,train-task2-TC.labels
765385479,Loaded_Language,2690,2722,train-task2-TC.labels
765385479,Loaded_Language,3435,3495,train-task2-TC.labels
765385479,"Name_Calling,Labeling",3790,3820,train-task2-TC.labels
765385479,"Name_Calling,Labeling",3827,3886,train-task2-TC.labels
765385479,Loaded_Language,4225,4243,train-task2-TC.labels
765385479,"Name_Calling,Labeling",4246,4270,train-task2-TC.labels
765385479,"Name_Calling,Labeling",5347,5383,train-task2-TC.labels
765385479,Loaded_Language,5932,5950,train-task2-TC.labels
765385479,Loaded_Language,6924,6977,train-task2-TC.labels
765385479,"Name_Calling,Labeling",7005,7052,train-task2-TC.labels
765385479,Loaded_Language,9479,9499,train-task2-TC.labels
765385479,Loaded_Language,4441,4461,train-task2-TC.labels
765385479,Loaded_Language,6478,6496,train-task2-TC.labels
765385479,Loaded_Language,6559,6573,train-task2-TC.labels
765385479,"Name_Calling,Labeling",6930,6943,train-task2-TC.labels
765385479,"Exaggeration,Minimisation",8431,8458,train-task2-TC.labels
765385479,Appeal_to_fear-prejudice,206,375,train-task2-TC.labels
765385479,"Exaggeration,Minimisation",564,630,train-task2-TC.labels
765385479,"Name_Calling,Labeling",917,965,train-task2-TC.labels
765385479,"Exaggeration,Minimisation",982,1031,train-task2-TC.labels
765385479,Loaded_Language,1081,1086,train-task2-TC.labels
765385479,Loaded_Language,1630,1651,train-task2-TC.labels
765385479,"Exaggeration,Minimisation",1759,1848,train-task2-TC.labels
765385479,Loaded_Language,1889,1903,train-task2-TC.labels
765385479,"Name_Calling,Labeling",1905,1923,train-task2-TC.labels
765385479,Loaded_Language,2321,2341,train-task2-TC.labels
765385479,"Name_Calling,Labeling",2346,2374,train-task2-TC.labels
765385479,"Name_Calling,Labeling",2497,2578,train-task2-TC.labels
765385479,Doubt,2611,2658,train-task2-TC.labels
765385479,Loaded_Language,2756,2777,train-task2-TC.labels
765385479,"Name_Calling,Labeling",2815,2861,train-task2-TC.labels
765385479,Doubt,2779,2972,train-task2-TC.labels
765385479,"Exaggeration,Minimisation",3279,3305,train-task2-TC.labels
765385479,"Name_Calling,Labeling",3522,3544,train-task2-TC.labels
765385479,Loaded_Language,3725,3748,train-task2-TC.labels
765385479,Flag-Waving,3750,3771,train-task2-TC.labels
765385479,Doubt,3889,3968,train-task2-TC.labels
765385479,Loaded_Language,3951,3968,train-task2-TC.labels
765385479,Loaded_Language,4028,4046,train-task2-TC.labels
765385479,"Exaggeration,Minimisation",4272,4286,train-task2-TC.labels
765385479,"Name_Calling,Labeling",4322,4338,train-task2-TC.labels
765385479,"Whataboutism,Straw_Men,Red_Herring",4354,4394,train-task2-TC.labels
765385479,Loaded_Language,4396,4416,train-task2-TC.labels
765385479,Loaded_Language,4486,4529,train-task2-TC.labels
765385479,"Whataboutism,Straw_Men,Red_Herring",4476,4585,train-task2-TC.labels
765385479,"Exaggeration,Minimisation",4809,4869,train-task2-TC.labels
765385479,Loaded_Language,5144,5164,train-task2-TC.labels
765385479,"Exaggeration,Minimisation",5171,5201,train-task2-TC.labels
765385479,Loaded_Language,5316,5335,train-task2-TC.labels
765385479,Loaded_Language,5743,5762,train-task2-TC.labels
765385479,Loaded_Language,6160,6180,train-task2-TC.labels
765385479,Loaded_Language,6205,6225,train-task2-TC.labels
765385479,Loaded_Language,6286,6335,train-task2-TC.labels
765385479,Causal_Oversimplification,6337,6442,train-task2-TC.labels
765385479,"Exaggeration,Minimisation",6686,6700,train-task2-TC.labels
765385479,"Name_Calling,Labeling",6818,6840,train-task2-TC.labels
765385479,"Name_Calling,Labeling",6900,6922,train-task2-TC.labels
765385479,"Exaggeration,Minimisation",7352,7484,train-task2-TC.labels
765385479,Loaded_Language,7498,7590,train-task2-TC.labels
765385479,Loaded_Language,7634,7678,train-task2-TC.labels
765385479,"Exaggeration,Minimisation",7610,7625,train-task2-TC.labels
765385479,Loaded_Language,7793,7836,train-task2-TC.labels
765385479,Loaded_Language,7857,7953,train-task2-TC.labels
765385479,"Whataboutism,Straw_Men,Red_Herring",7853,8050,train-task2-TC.labels
765385479,Loaded_Language,8233,8248,train-task2-TC.labels
765385479,Loaded_Language,8277,8307,train-task2-TC.labels
765385479,Flag-Waving,341,370,train-task2-TC.labels
765385479,Repetition,9397,9418,train-task2-TC.labels
765385479,"Name_Calling,Labeling",9784,9804,train-task2-TC.labels
765385479,Doubt,9119,9372,train-task2-TC.labels
765385479,Appeal_to_fear-prejudice,10444,10686,train-task2-TC.labels
765385479,Flag-Waving,10562,10602,train-task2-TC.labels
765385479,"Exaggeration,Minimisation",10636,10686,train-task2-TC.labels
765385479,Loaded_Language,564,592,train-task2-TC.labels
765385479,"Bandwagon,Reductio_ad_hitlerum",2120,2210,train-task2-TC.labels
765385479,Loaded_Language,4265,4270,train-task2-TC.labels
765385479,Loaded_Language,9856,9902,train-task2-TC.labels
765913191,Loaded_Language,361,370,train-task2-TC.labels
765913191,Repetition,3844,3864,train-task2-TC.labels
765913191,Slogans,5077,5119,train-task2-TC.labels
765913191,Flag-Waving,6575,6584,train-task2-TC.labels
765913191,Loaded_Language,4502,4536,train-task2-TC.labels
765913191,Slogans,601,612,train-task2-TC.labels
765913191,Black-and-White_Fallacy,255,347,train-task2-TC.labels
765913191,Loaded_Language,710,722,train-task2-TC.labels
765913191,Black-and-White_Fallacy,3587,3621,train-task2-TC.labels
765913191,"Name_Calling,Labeling",4244,4252,train-task2-TC.labels
765913191,Black-and-White_Fallacy,5827,5905,train-task2-TC.labels
765913191,Repetition,6357,6376,train-task2-TC.labels
765913191,Repetition,6957,6974,train-task2-TC.labels
765913191,"Exaggeration,Minimisation",6999,7038,train-task2-TC.labels
765913191,Black-and-White_Fallacy,6739,6882,train-task2-TC.labels
765913191,Repetition,777,787,train-task2-TC.labels
765913191,Repetition,3422,3432,train-task2-TC.labels
765913191,Repetition,6979,6989,train-task2-TC.labels
765913191,Doubt,1461,1513,train-task2-TC.labels
765913191,Repetition,3730,3750,train-task2-TC.labels
765913191,Repetition,4891,4911,train-task2-TC.labels
765913191,Flag-Waving,5596,5599,train-task2-TC.labels
765913191,Flag-Waving,5800,5803,train-task2-TC.labels
765913191,Flag-Waving,6527,6530,train-task2-TC.labels
765953146,Loaded_Language,2168,2186,train-task2-TC.labels
765953146,Loaded_Language,787,816,train-task2-TC.labels
765953146,Repetition,982,1011,train-task2-TC.labels
765953146,Loaded_Language,1099,1110,train-task2-TC.labels
765953146,Loaded_Language,2193,2209,train-task2-TC.labels
765953146,Loaded_Language,5320,5335,train-task2-TC.labels
765953146,Repetition,2497,2507,train-task2-TC.labels
765982381,Loaded_Language,2063,2106,train-task2-TC.labels
765982381,Loaded_Language,3369,3469,train-task2-TC.labels
765982381,Slogans,6856,6882,train-task2-TC.labels
765982381,"Bandwagon,Reductio_ad_hitlerum",2851,2932,train-task2-TC.labels
765982381,Doubt,4183,4248,train-task2-TC.labels
765982381,"Name_Calling,Labeling",4494,4523,train-task2-TC.labels
765982381,"Name_Calling,Labeling",5207,5240,train-task2-TC.labels
765982381,Loaded_Language,5379,5391,train-task2-TC.labels
765982381,"Name_Calling,Labeling",398,410,train-task2-TC.labels
765982381,"Exaggeration,Minimisation",416,448,train-task2-TC.labels
765982381,Repetition,955,963,train-task2-TC.labels
765982381,Loaded_Language,1025,1044,train-task2-TC.labels
765982381,Loaded_Language,1367,1376,train-task2-TC.labels
765982381,"Exaggeration,Minimisation",2200,2230,train-task2-TC.labels
765982381,Causal_Oversimplification,2422,2462,train-task2-TC.labels
765982381,Loaded_Language,2324,2346,train-task2-TC.labels
765982381,Loaded_Language,2511,2530,train-task2-TC.labels
765982381,"Name_Calling,Labeling",2588,2622,train-task2-TC.labels
765982381,Loaded_Language,2626,2635,train-task2-TC.labels
765982381,"Name_Calling,Labeling",2831,2848,train-task2-TC.labels
765982381,"Exaggeration,Minimisation",2949,3043,train-task2-TC.labels
765982381,Loaded_Language,3095,3187,train-task2-TC.labels
765982381,"Exaggeration,Minimisation",3207,3222,train-task2-TC.labels
765982381,Loaded_Language,3309,3352,train-task2-TC.labels
765982381,"Whataboutism,Straw_Men,Red_Herring",3364,3566,train-task2-TC.labels
765982381,"Name_Calling,Labeling",3888,3916,train-task2-TC.labels
765982381,Loaded_Language,4110,4131,train-task2-TC.labels
765982381,"Exaggeration,Minimisation",4947,4995,train-task2-TC.labels
765982381,Repetition,5207,5220,train-task2-TC.labels
765982381,Loaded_Language,5976,6023,train-task2-TC.labels
765982381,"Name_Calling,Labeling",6039,6057,train-task2-TC.labels
765982381,"Name_Calling,Labeling",6063,6090,train-task2-TC.labels
765982381,Thought-terminating_Cliches,6197,6250,train-task2-TC.labels
765982381,Loaded_Language,6262,6295,train-task2-TC.labels
765982381,"Name_Calling,Labeling",6415,6438,train-task2-TC.labels
765982381,Doubt,770,1044,train-task2-TC.labels
765982381,Doubt,1600,1817,train-task2-TC.labels
765982381,Doubt,2492,2555,train-task2-TC.labels
766084411,Loaded_Language,2018,2024,train-task2-TC.labels
766084411,Doubt,1793,1799,train-task2-TC.labels
766084411,Doubt,3958,3991,train-task2-TC.labels
766084411,"Name_Calling,Labeling",4170,4174,train-task2-TC.labels
766084411,Repetition,1914,1924,train-task2-TC.labels
766084411,Repetition,2131,2140,train-task2-TC.labels
766084411,Repetition,2437,2447,train-task2-TC.labels
766084411,Repetition,4062,4072,train-task2-TC.labels
766084411,Repetition,4529,4539,train-task2-TC.labels
766084411,Repetition,4688,4697,train-task2-TC.labels
766084411,Repetition,5224,5234,train-task2-TC.labels
766084411,Loaded_Language,4035,4040,train-task2-TC.labels
766084411,Loaded_Language,4045,4056,train-task2-TC.labels
766632016,Doubt,114,247,train-task2-TC.labels
766632016,Doubt,3742,3775,train-task2-TC.labels
766632016,Doubt,3858,4015,train-task2-TC.labels
766632016,Appeal_to_fear-prejudice,488,515,train-task2-TC.labels
766632016,Appeal_to_fear-prejudice,4525,4596,train-task2-TC.labels
766632016,"Exaggeration,Minimisation",3594,3609,train-task2-TC.labels
766632016,"Exaggeration,Minimisation",5319,5340,train-task2-TC.labels
766632016,Repetition,3475,3482,train-task2-TC.labels
766632016,Repetition,3695,3702,train-task2-TC.labels
766632016,Repetition,3655,3670,train-task2-TC.labels
766632016,Repetition,4062,4076,train-task2-TC.labels
766632016,Repetition,3796,3808,train-task2-TC.labels
766632016,Repetition,2663,2674,train-task2-TC.labels
766632016,Repetition,4196,4208,train-task2-TC.labels
766632016,Repetition,4238,4248,train-task2-TC.labels
766632016,Repetition,4253,4264,train-task2-TC.labels
766632016,Repetition,4332,4343,train-task2-TC.labels
766632016,Repetition,4431,4441,train-task2-TC.labels
766632016,Repetition,4546,4558,train-task2-TC.labels
766632016,Repetition,4641,4653,train-task2-TC.labels
766632016,Repetition,4718,4729,train-task2-TC.labels
766632016,Repetition,4777,4788,train-task2-TC.labels
766632016,Repetition,4859,4871,train-task2-TC.labels
766632016,Repetition,4894,4905,train-task2-TC.labels
766632016,Repetition,5133,5144,train-task2-TC.labels
766632016,Repetition,5569,5583,train-task2-TC.labels
766632016,Repetition,5863,5872,train-task2-TC.labels
766632016,"Whataboutism,Straw_Men,Red_Herring",3858,3903,train-task2-TC.labels
766632016,Loaded_Language,4972,4983,train-task2-TC.labels
766632016,Loaded_Language,1925,1969,train-task2-TC.labels
766632016,Loaded_Language,455,470,train-task2-TC.labels
766632016,Loaded_Language,486,507,train-task2-TC.labels
766632016,Loaded_Language,2640,2674,train-task2-TC.labels
766632016,Loaded_Language,3586,3670,train-task2-TC.labels
766632016,Loaded_Language,4626,4653,train-task2-TC.labels
766632016,Loaded_Language,3796,3808,train-task2-TC.labels
766632016,Loaded_Language,564,590,train-task2-TC.labels
766632016,Loaded_Language,1679,1711,train-task2-TC.labels
766632016,Loaded_Language,2584,2601,train-task2-TC.labels
766632016,Loaded_Language,3535,3553,train-task2-TC.labels
766632016,Loaded_Language,4332,4343,train-task2-TC.labels
766632016,Loaded_Language,4431,4441,train-task2-TC.labels
766632016,Loaded_Language,4525,4558,train-task2-TC.labels
766632016,Loaded_Language,4718,4729,train-task2-TC.labels
766632016,Loaded_Language,4777,4788,train-task2-TC.labels
766632016,Loaded_Language,5109,5144,train-task2-TC.labels
766632016,Loaded_Language,5425,5456,train-task2-TC.labels
766632016,Appeal_to_Authority,2060,2180,train-task2-TC.labels
766632016,Appeal_to_Authority,249,366,train-task2-TC.labels
766632016,Appeal_to_Authority,1294,1402,train-task2-TC.labels
766632016,"Whataboutism,Straw_Men,Red_Herring",4756,4842,train-task2-TC.labels
766632016,"Whataboutism,Straw_Men,Red_Herring",4091,4184,train-task2-TC.labels
766632016,"Whataboutism,Straw_Men,Red_Herring",4462,4596,train-task2-TC.labels
766632016,"Whataboutism,Straw_Men,Red_Herring",4655,4754,train-task2-TC.labels
766632016,"Whataboutism,Straw_Men,Red_Herring",5602,5736,train-task2-TC.labels
766632016,Causal_Oversimplification,5743,5861,train-task2-TC.labels
766942310,"Name_Calling,Labeling",545,564,train-task2-TC.labels
766942310,"Name_Calling,Labeling",569,577,train-task2-TC.labels
766942310,"Name_Calling,Labeling",1823,1829,train-task2-TC.labels
766942310,Flag-Waving,2081,2090,train-task2-TC.labels
766942310,Loaded_Language,4373,4388,train-task2-TC.labels
766942310,Loaded_Language,1797,1806,train-task2-TC.labels
766942310,"Exaggeration,Minimisation",85,94,train-task2-TC.labels
766942310,"Name_Calling,Labeling",345,363,train-task2-TC.labels
766942310,"Name_Calling,Labeling",374,384,train-task2-TC.labels
766942310,Loaded_Language,621,635,train-task2-TC.labels
766942310,Loaded_Language,1234,1242,train-task2-TC.labels
766942310,"Name_Calling,Labeling",1385,1393,train-task2-TC.labels
766942310,"Name_Calling,Labeling",1410,1426,train-task2-TC.labels
766942310,"Exaggeration,Minimisation",1581,1611,train-task2-TC.labels
766942310,Loaded_Language,1439,1453,train-task2-TC.labels
766942310,Loaded_Language,1724,1739,train-task2-TC.labels
766942310,"Name_Calling,Labeling",1776,1785,train-task2-TC.labels
766942310,Loaded_Language,1838,1849,train-task2-TC.labels
766942310,Loaded_Language,1932,1939,train-task2-TC.labels
766942310,Loaded_Language,2061,2068,train-task2-TC.labels
766942310,Slogans,2081,2125,train-task2-TC.labels
766942310,Doubt,2161,2165,train-task2-TC.labels
766942310,"Exaggeration,Minimisation",2130,2159,train-task2-TC.labels
766942310,Appeal_to_fear-prejudice,2881,2899,train-task2-TC.labels
766942310,Loaded_Language,3330,3348,train-task2-TC.labels
766942310,"Exaggeration,Minimisation",3845,3862,train-task2-TC.labels
766942310,"Exaggeration,Minimisation",3864,3874,train-task2-TC.labels
766942310,Loaded_Language,3888,3892,train-task2-TC.labels
766942310,Loaded_Language,3960,3976,train-task2-TC.labels
766942310,"Name_Calling,Labeling",4188,4205,train-task2-TC.labels
766942310,"Name_Calling,Labeling",757,775,train-task2-TC.labels
766942310,Loaded_Language,1712,1720,train-task2-TC.labels
767129999,Loaded_Language,1943,1951,train-task2-TC.labels
767129999,"Whataboutism,Straw_Men,Red_Herring",1739,1805,train-task2-TC.labels
767129999,Flag-Waving,1498,1513,train-task2-TC.labels
767129999,Slogans,2058,2094,train-task2-TC.labels
767129999,Slogans,59,79,train-task2-TC.labels
767129999,Flag-Waving,2478,2499,train-task2-TC.labels
767129999,Loaded_Language,2522,2531,train-task2-TC.labels
769427494,Loaded_Language,8476,8487,train-task2-TC.labels
769427494,"Name_Calling,Labeling",5083,5102,train-task2-TC.labels
769427494,Loaded_Language,50,58,train-task2-TC.labels
769427494,"Name_Calling,Labeling",62,91,train-task2-TC.labels
769427494,Loaded_Language,217,236,train-task2-TC.labels
769427494,Flag-Waving,242,281,train-task2-TC.labels
769427494,Loaded_Language,1260,1268,train-task2-TC.labels
769427494,Doubt,5221,5426,train-task2-TC.labels
769427494,Loaded_Language,6542,6575,train-task2-TC.labels
769427494,Doubt,7254,7366,train-task2-TC.labels
769427494,Loaded_Language,9281,9297,train-task2-TC.labels
769427494,Doubt,93,281,train-task2-TC.labels
769427494,Doubt,5704,5794,train-task2-TC.labels
769682854,Slogans,253,279,train-task2-TC.labels
769682854,"Exaggeration,Minimisation",224,235,train-task2-TC.labels
769682854,Slogans,1004,1026,train-task2-TC.labels
769682854,Loaded_Language,1579,1586,train-task2-TC.labels
769682854,"Name_Calling,Labeling",1996,2016,train-task2-TC.labels
769752554,Slogans,45,49,train-task2-TC.labels
769752554,Repetition,153,157,train-task2-TC.labels
769752554,Slogans,159,183,train-task2-TC.labels
769752554,Loaded_Language,304,313,train-task2-TC.labels
769752554,Repetition,392,417,train-task2-TC.labels
769752554,Loaded_Language,626,637,train-task2-TC.labels
769752554,"Name_Calling,Labeling",797,817,train-task2-TC.labels
769752554,Flag-Waving,906,915,train-task2-TC.labels
769752554,"Name_Calling,Labeling",1047,1061,train-task2-TC.labels
769752554,Loaded_Language,1347,1357,train-task2-TC.labels
769752554,"Name_Calling,Labeling",1373,1388,train-task2-TC.labels
769752554,Repetition,1400,1404,train-task2-TC.labels
769752554,"Exaggeration,Minimisation",1448,1488,train-task2-TC.labels
769752554,"Name_Calling,Labeling",1656,1666,train-task2-TC.labels
769752554,Repetition,1734,1738,train-task2-TC.labels
769752554,Loaded_Language,1779,1801,train-task2-TC.labels
769752554,Slogans,1919,1941,train-task2-TC.labels
769752554,Repetition,2311,2327,train-task2-TC.labels
769752554,"Name_Calling,Labeling",2311,2326,train-task2-TC.labels
769962236,"Name_Calling,Labeling",0,9,train-task2-TC.labels
769962236,"Name_Calling,Labeling",32,47,train-task2-TC.labels
769962236,Loaded_Language,80,89,train-task2-TC.labels
769962236,Loaded_Language,94,101,train-task2-TC.labels
769962236,Loaded_Language,139,143,train-task2-TC.labels
769962236,"Exaggeration,Minimisation",163,168,train-task2-TC.labels
769962236,Loaded_Language,169,177,train-task2-TC.labels
769962236,Slogans,207,212,train-task2-TC.labels
769962236,"Name_Calling,Labeling",222,239,train-task2-TC.labels
769962236,"Exaggeration,Minimisation",241,244,train-task2-TC.labels
769962236,Flag-Waving,1033,1074,train-task2-TC.labels
769962236,Loaded_Language,1760,1771,train-task2-TC.labels
769962236,Loaded_Language,1857,1864,train-task2-TC.labels
769962236,Slogans,2200,2223,train-task2-TC.labels
769962236,Loaded_Language,2634,2637,train-task2-TC.labels
769962236,Flag-Waving,2921,2934,train-task2-TC.labels
769962236,"Name_Calling,Labeling",2964,2977,train-task2-TC.labels
769962236,Slogans,3260,3278,train-task2-TC.labels
769962236,Loaded_Language,3903,3912,train-task2-TC.labels
769962236,Loaded_Language,3917,3921,train-task2-TC.labels
769962328,Flag-Waving,2213,2316,train-task2-TC.labels
769962328,"Name_Calling,Labeling",3274,3311,train-task2-TC.labels
769962328,"Name_Calling,Labeling",4074,4086,train-task2-TC.labels
769962328,Doubt,1756,1825,train-task2-TC.labels
769962328,"Name_Calling,Labeling",3749,3790,train-task2-TC.labels
769962328,Loaded_Language,4203,4229,train-task2-TC.labels
769962328,Black-and-White_Fallacy,334,599,train-task2-TC.labels
769962328,"Name_Calling,Labeling",1336,1357,train-task2-TC.labels
769962328,"Name_Calling,Labeling",1978,2012,train-task2-TC.labels
769962328,Appeal_to_fear-prejudice,2086,2195,train-task2-TC.labels
769962328,Slogans,2086,2104,train-task2-TC.labels
769962328,Slogans,2338,2369,train-task2-TC.labels
769962328,"Name_Calling,Labeling",2666,2695,train-task2-TC.labels
769962328,Causal_Oversimplification,3160,3223,train-task2-TC.labels
769962328,Loaded_Language,3110,3157,train-task2-TC.labels
769962328,"Name_Calling,Labeling",3566,3594,train-task2-TC.labels
769962328,Causal_Oversimplification,3663,3706,train-task2-TC.labels
769962328,Loaded_Language,3877,3901,train-task2-TC.labels
769962328,Causal_Oversimplification,3985,4063,train-task2-TC.labels
769962328,Doubt,4088,4269,train-task2-TC.labels
769962328,Doubt,3323,3431,train-task2-TC.labels
769962328,"Name_Calling,Labeling",4301,4332,train-task2-TC.labels
769962328,Flag-Waving,4290,4332,train-task2-TC.labels
769962328,Loaded_Language,4559,4593,train-task2-TC.labels
769962328,Doubt,4650,4767,train-task2-TC.labels
769962328,Repetition,4811,4823,train-task2-TC.labels
769962328,Doubt,4805,4932,train-task2-TC.labels
769962328,Loaded_Language,5059,5103,train-task2-TC.labels
769962328,Causal_Oversimplification,5150,5259,train-task2-TC.labels
769962328,"Name_Calling,Labeling",5348,5370,train-task2-TC.labels
769962328,"Name_Calling,Labeling",5401,5427,train-task2-TC.labels
769962328,Loaded_Language,5463,5493,train-task2-TC.labels
769962328,Loaded_Language,6050,6080,train-task2-TC.labels
769962328,Loaded_Language,6086,6118,train-task2-TC.labels
769962328,Loaded_Language,5946,5975,train-task2-TC.labels
769962328,"Exaggeration,Minimisation",6343,6391,train-task2-TC.labels
769962328,"Name_Calling,Labeling",6411,6428,train-task2-TC.labels
769962328,Doubt,3596,3661,train-task2-TC.labels
769962328,Causal_Oversimplification,5608,5821,train-task2-TC.labels
769962328,Loaded_Language,6310,6391,train-task2-TC.labels
770156173,"Name_Calling,Labeling",4682,4692,train-task2-TC.labels
770156173,"Name_Calling,Labeling",4814,4832,train-task2-TC.labels
770156173,"Name_Calling,Labeling",6056,6072,train-task2-TC.labels
770156173,"Name_Calling,Labeling",2469,2498,train-task2-TC.labels
770156173,Loaded_Language,5920,5936,train-task2-TC.labels
770156173,Loaded_Language,34,47,train-task2-TC.labels
770156173,Repetition,1021,1029,train-task2-TC.labels
770156173,Repetition,2158,2164,train-task2-TC.labels
770156173,Repetition,4774,4781,train-task2-TC.labels
770156173,Repetition,5254,5261,train-task2-TC.labels
770156173,Repetition,5645,5652,train-task2-TC.labels
770156173,Loaded_Language,1586,1593,train-task2-TC.labels
770156173,Loaded_Language,1616,1623,train-task2-TC.labels
770156173,Loaded_Language,1919,1938,train-task2-TC.labels
770156173,"Exaggeration,Minimisation",2094,2117,train-task2-TC.labels
770156173,Loaded_Language,2330,2348,train-task2-TC.labels
770156173,Flag-Waving,2819,2827,train-task2-TC.labels
770156173,Repetition,3012,3018,train-task2-TC.labels
770156173,Loaded_Language,3266,3280,train-task2-TC.labels
770156173,"Whataboutism,Straw_Men,Red_Herring",3692,3737,train-task2-TC.labels
770156173,"Exaggeration,Minimisation",4523,4531,train-task2-TC.labels
770156173,"Exaggeration,Minimisation",4835,4929,train-task2-TC.labels
770156173,Loaded_Language,5330,5340,train-task2-TC.labels
770156173,Slogans,0,18,train-task2-TC.labels
770156173,Appeal_to_fear-prejudice,1106,1184,train-task2-TC.labels
770156173,Appeal_to_fear-prejudice,1556,1738,train-task2-TC.labels
770156173,Appeal_to_fear-prejudice,1740,1836,train-task2-TC.labels
770156173,Loaded_Language,2978,2989,train-task2-TC.labels
770156173,Appeal_to_fear-prejudice,2934,2989,train-task2-TC.labels
770156173,Loaded_Language,3970,3985,train-task2-TC.labels
770156173,"Name_Calling,Labeling",3991,4004,train-task2-TC.labels
770156173,Loaded_Language,4758,4781,train-task2-TC.labels
770156851,"Name_Calling,Labeling",4,18,train-task2-TC.labels
770156851,"Name_Calling,Labeling",78,89,train-task2-TC.labels
770156851,Loaded_Language,179,186,train-task2-TC.labels
770156851,Loaded_Language,2561,2583,train-task2-TC.labels
770156851,Loaded_Language,362,372,train-task2-TC.labels
770156851,Black-and-White_Fallacy,283,293,train-task2-TC.labels
770156851,Black-and-White_Fallacy,295,315,train-task2-TC.labels
770156851,Loaded_Language,569,575,train-task2-TC.labels
770156851,Repetition,600,606,train-task2-TC.labels
770156851,Loaded_Language,718,726,train-task2-TC.labels
770156851,Loaded_Language,1045,1051,train-task2-TC.labels
770156851,Loaded_Language,1031,1039,train-task2-TC.labels
770156851,Flag-Waving,1918,1931,train-task2-TC.labels
770156851,Loaded_Language,2194,2213,train-task2-TC.labels
770156851,Loaded_Language,2268,2275,train-task2-TC.labels
770156851,Doubt,2696,2765,train-task2-TC.labels
770156851,Loaded_Language,2861,2868,train-task2-TC.labels
770156851,Loaded_Language,3672,3679,train-task2-TC.labels
770156851,Loaded_Language,3650,3660,train-task2-TC.labels
770156851,Thought-terminating_Cliches,437,447,train-task2-TC.labels
770156851,Thought-terminating_Cliches,664,693,train-task2-TC.labels
770156851,Loaded_Language,3849,3869,train-task2-TC.labels
770156851,Loaded_Language,4851,4872,train-task2-TC.labels
770221823,"Name_Calling,Labeling",61,82,train-task2-TC.labels
770221823,Loaded_Language,1053,1367,train-task2-TC.labels
770221823,Appeal_to_fear-prejudice,1604,1724,train-task2-TC.labels
770221823,Loaded_Language,411,417,train-task2-TC.labels
770221823,"Name_Calling,Labeling",1493,1512,train-task2-TC.labels
770376380,"Name_Calling,Labeling",1583,1611,train-task2-TC.labels
770376380,Loaded_Language,24,47,train-task2-TC.labels
770376380,Repetition,1383,1405,train-task2-TC.labels
770376380,Loaded_Language,357,416,train-task2-TC.labels
770376380,Loaded_Language,599,623,train-task2-TC.labels
770376380,Loaded_Language,678,688,train-task2-TC.labels
770376380,Loaded_Language,1127,1152,train-task2-TC.labels
770376380,Loaded_Language,1305,1323,train-task2-TC.labels
770376380,Loaded_Language,1411,1500,train-task2-TC.labels
770376380,Doubt,1532,1745,train-task2-TC.labels
770376380,Loaded_Language,3926,3942,train-task2-TC.labels
770376380,Doubt,3864,3956,train-task2-TC.labels
770376380,Loaded_Language,4340,4357,train-task2-TC.labels
770376380,"Exaggeration,Minimisation",4460,4501,train-task2-TC.labels
770376380,Loaded_Language,4636,4656,train-task2-TC.labels
770376380,Causal_Oversimplification,4504,4782,train-task2-TC.labels
770376380,"Name_Calling,Labeling",4974,5056,train-task2-TC.labels
770376380,"Name_Calling,Labeling",5167,5181,train-task2-TC.labels
770376380,Appeal_to_fear-prejudice,4963,5181,train-task2-TC.labels
770376380,"Name_Calling,Labeling",5472,5484,train-task2-TC.labels
770376380,Doubt,1937,2253,train-task2-TC.labels
770376380,Repetition,2121,2138,train-task2-TC.labels
770376380,Doubt,3609,3676,train-task2-TC.labels
770581969,Repetition,78,93,train-task2-TC.labels
770581969,Repetition,1041,1054,train-task2-TC.labels
770581969,Repetition,1290,1305,train-task2-TC.labels
770581969,Loaded_Language,70,77,train-task2-TC.labels
770877978,"Name_Calling,Labeling",1000,1018,train-task2-TC.labels
770877978,"Name_Calling,Labeling",1020,1067,train-task2-TC.labels
770877978,Slogans,3117,3146,train-task2-TC.labels
770877978,Black-and-White_Fallacy,3244,3292,train-task2-TC.labels
770877978,Flag-Waving,3133,3146,train-task2-TC.labels
770938827,Loaded_Language,1129,1149,train-task2-TC.labels
770938827,Loaded_Language,1159,1199,train-task2-TC.labels
770938827,Loaded_Language,1329,1340,train-task2-TC.labels
770938827,Loaded_Language,2670,2680,train-task2-TC.labels
770938827,Loaded_Language,114,124,train-task2-TC.labels
770938827,Loaded_Language,163,169,train-task2-TC.labels
770938827,Loaded_Language,2048,2062,train-task2-TC.labels
770938827,Loaded_Language,64,81,train-task2-TC.labels
770938827,Flag-Waving,2642,2662,train-task2-TC.labels
770938827,"Name_Calling,Labeling",37,52,train-task2-TC.labels
770938827,"Name_Calling,Labeling",1428,1434,train-task2-TC.labels
770938827,"Name_Calling,Labeling",2400,2414,train-task2-TC.labels
770938827,"Name_Calling,Labeling",2504,2515,train-task2-TC.labels
770938827,"Exaggeration,Minimisation",770,775,train-task2-TC.labels
770938827,"Exaggeration,Minimisation",146,169,train-task2-TC.labels
770938827,"Exaggeration,Minimisation",208,228,train-task2-TC.labels
770938827,Repetition,2217,2223,train-task2-TC.labels
770938827,Causal_Oversimplification,365,409,train-task2-TC.labels
770938827,Black-and-White_Fallacy,1720,1826,train-task2-TC.labels
770945799,Loaded_Language,815,827,train-task2-TC.labels
770945799,Loaded_Language,1994,2001,train-task2-TC.labels
770945799,Loaded_Language,1017,1030,train-task2-TC.labels
770945799,Flag-Waving,2046,2055,train-task2-TC.labels
770956434,Loaded_Language,1360,1380,train-task2-TC.labels
770956434,Loaded_Language,1390,1430,train-task2-TC.labels
770956434,Loaded_Language,1560,1571,train-task2-TC.labels
770956434,Loaded_Language,2583,2592,train-task2-TC.labels
770956434,"Exaggeration,Minimisation",482,487,train-task2-TC.labels
770956434,"Name_Calling,Labeling",1659,1665,train-task2-TC.labels
770956434,"Name_Calling,Labeling",1925,1943,train-task2-TC.labels
770956434,"Name_Calling,Labeling",1945,1992,train-task2-TC.labels
770956434,"Name_Calling,Labeling",2176,2194,train-task2-TC.labels
770956434,"Name_Calling,Labeling",2884,2891,train-task2-TC.labels
771254016,"Name_Calling,Labeling",1806,1820,train-task2-TC.labels
771254016,Loaded_Language,1336,1343,train-task2-TC.labels
771254016,Loaded_Language,1166,1173,train-task2-TC.labels
771254016,Loaded_Language,1322,1331,train-task2-TC.labels
771254016,"Name_Calling,Labeling",1690,1695,train-task2-TC.labels
771254016,Loaded_Language,1707,1716,train-task2-TC.labels
771254016,Loaded_Language,1066,1072,train-task2-TC.labels
771254016,Loaded_Language,1110,1118,train-task2-TC.labels
771406408,Loaded_Language,708,731,train-task2-TC.labels
771406408,"Name_Calling,Labeling",1060,1069,train-task2-TC.labels
771406408,"Name_Calling,Labeling",1405,1412,train-task2-TC.labels
771406408,Repetition,1154,1166,train-task2-TC.labels
771406408,Loaded_Language,2670,2689,train-task2-TC.labels
771406408,Repetition,2989,2998,train-task2-TC.labels
771406408,Loaded_Language,3593,3598,train-task2-TC.labels
771406408,Loaded_Language,3519,3524,train-task2-TC.labels
771406408,"Name_Calling,Labeling",13,26,train-task2-TC.labels
771406408,"Exaggeration,Minimisation",59,87,train-task2-TC.labels
771406408,Repetition,350,363,train-task2-TC.labels
771406408,Loaded_Language,476,492,train-task2-TC.labels
771406408,"Exaggeration,Minimisation",737,793,train-task2-TC.labels
771406408,Repetition,1371,1385,train-task2-TC.labels
771406408,Loaded_Language,1840,1851,train-task2-TC.labels
771406408,Loaded_Language,1886,1889,train-task2-TC.labels
771406408,"Whataboutism,Straw_Men,Red_Herring",1940,1987,train-task2-TC.labels
771406408,Loaded_Language,1184,1195,train-task2-TC.labels
771546417,Slogans,13,17,train-task2-TC.labels
771546417,Loaded_Language,633,640,train-task2-TC.labels
771546417,Loaded_Language,652,657,train-task2-TC.labels
771546417,"Name_Calling,Labeling",688,693,train-task2-TC.labels
771546417,Slogans,1158,1163,train-task2-TC.labels
771546417,Repetition,1429,1434,train-task2-TC.labels
771546417,Slogans,114,140,train-task2-TC.labels
771546417,Loaded_Language,431,443,train-task2-TC.labels
771546417,Repetition,878,882,train-task2-TC.labels
771546417,Repetition,1625,1630,train-task2-TC.labels
771546417,Repetition,356,386,train-task2-TC.labels
771546417,Repetition,887,918,train-task2-TC.labels
771546417,Repetition,1517,1543,train-task2-TC.labels
771546417,Repetition,1713,1739,train-task2-TC.labels
771655795,"Exaggeration,Minimisation",0,35,train-task2-TC.labels
771655795,"Name_Calling,Labeling",71,115,train-task2-TC.labels
771655795,Causal_Oversimplification,123,258,train-task2-TC.labels
771655795,Causal_Oversimplification,260,382,train-task2-TC.labels
771655795,"Exaggeration,Minimisation",453,498,train-task2-TC.labels
771655795,"Name_Calling,Labeling",1045,1073,train-task2-TC.labels
771655795,Appeal_to_fear-prejudice,1090,1206,train-task2-TC.labels
771655795,Appeal_to_fear-prejudice,1564,1678,train-task2-TC.labels
771655795,"Exaggeration,Minimisation",2164,2190,train-task2-TC.labels
771655795,"Whataboutism,Straw_Men,Red_Herring",1780,1944,train-task2-TC.labels
771655795,Thought-terminating_Cliches,3044,3073,train-task2-TC.labels
771655795,"Exaggeration,Minimisation",3706,3807,train-task2-TC.labels
771655795,Loaded_Language,230,258,train-task2-TC.labels
771655795,"Name_Calling,Labeling",1689,1718,train-task2-TC.labels
771879020,"Exaggeration,Minimisation",1714,1740,train-task2-TC.labels
771879020,Loaded_Language,6650,6680,train-task2-TC.labels
771879020,"Name_Calling,Labeling",6710,6733,train-task2-TC.labels
771879020,Doubt,7546,7582,train-task2-TC.labels
771879020,Loaded_Language,5318,5336,train-task2-TC.labels
771879020,Loaded_Language,249,266,train-task2-TC.labels
771879020,Causal_Oversimplification,1647,1711,train-task2-TC.labels
771879020,"Name_Calling,Labeling",1987,1999,train-task2-TC.labels
771879020,"Exaggeration,Minimisation",2377,2445,train-task2-TC.labels
771879020,Thought-terminating_Cliches,3195,3224,train-task2-TC.labels
771879020,"Exaggeration,Minimisation",3857,3958,train-task2-TC.labels
771879020,Appeal_to_Authority,6516,6608,train-task2-TC.labels
771879020,Loaded_Language,6800,6820,train-task2-TC.labels
771879020,Loaded_Language,7354,7361,train-task2-TC.labels
771879020,"Exaggeration,Minimisation",7367,7413,train-task2-TC.labels
771879020,"Exaggeration,Minimisation",7416,7497,train-task2-TC.labels
771879020,Flag-Waving,8091,8213,train-task2-TC.labels
771879020,"Exaggeration,Minimisation",8216,8269,train-task2-TC.labels
771879020,"Name_Calling,Labeling",108,198,train-task2-TC.labels
771879020,"Name_Calling,Labeling",4547,4614,train-task2-TC.labels
772947654,Flag-Waving,683,720,train-task2-TC.labels
772947654,Loaded_Language,6314,6322,train-task2-TC.labels
772947654,"Name_Calling,Labeling",228,244,train-task2-TC.labels
772947654,Flag-Waving,5686,5713,train-task2-TC.labels
772947654,Loaded_Language,1606,1618,train-task2-TC.labels
772947654,"Exaggeration,Minimisation",148,157,train-task2-TC.labels
772947654,"Whataboutism,Straw_Men,Red_Herring",2050,2176,train-task2-TC.labels
772947654,Causal_Oversimplification,2339,2392,train-task2-TC.labels
772947654,Causal_Oversimplification,2780,2838,train-task2-TC.labels
772947654,Repetition,2944,2967,train-task2-TC.labels
772947654,Repetition,3010,3023,train-task2-TC.labels
772947654,"Exaggeration,Minimisation",4482,4510,train-task2-TC.labels
772947654,Repetition,5221,5225,train-task2-TC.labels
772947654,Slogans,5653,5668,train-task2-TC.labels
772947654,"Exaggeration,Minimisation",6229,6246,train-task2-TC.labels
772947654,Causal_Oversimplification,6327,6352,train-task2-TC.labels
772947654,Loaded_Language,319,322,train-task2-TC.labels
772947654,"Exaggeration,Minimisation",440,456,train-task2-TC.labels
772947654,Flag-Waving,1510,1513,train-task2-TC.labels
772947654,Repetition,1719,1722,train-task2-TC.labels
772947654,Repetition,1760,1763,train-task2-TC.labels
772947654,"Exaggeration,Minimisation",3153,3160,train-task2-TC.labels
772947654,"Exaggeration,Minimisation",3311,3319,train-task2-TC.labels
772947654,Loaded_Language,3334,3343,train-task2-TC.labels
772947654,Flag-Waving,3483,3501,train-task2-TC.labels
772947654,Loaded_Language,3766,3776,train-task2-TC.labels
772947654,Repetition,3662,3686,train-task2-TC.labels
772947654,Repetition,3787,3811,train-task2-TC.labels
772947654,Repetition,4833,4857,train-task2-TC.labels
772947654,Repetition,5180,5204,train-task2-TC.labels
772947654,Black-and-White_Fallacy,4196,4254,train-task2-TC.labels
772947654,Flag-Waving,4274,4277,train-task2-TC.labels
772947654,Flag-Waving,4722,4725,train-task2-TC.labels
772947654,Loaded_Language,5455,5462,train-task2-TC.labels
772947654,Loaded_Language,6577,6588,train-task2-TC.labels
773520636,Slogans,2131,2153,train-task2-TC.labels
773520636,Slogans,2194,2234,train-task2-TC.labels
773520636,Appeal_to_fear-prejudice,3850,3981,train-task2-TC.labels
773520636,Doubt,6376,6475,train-task2-TC.labels
773520636,Doubt,6523,6654,train-task2-TC.labels
773520636,Loaded_Language,152,169,train-task2-TC.labels
773520636,"Name_Calling,Labeling",302,342,train-task2-TC.labels
773520636,Loaded_Language,46,63,train-task2-TC.labels
773520636,Doubt,617,726,train-task2-TC.labels
773520636,Doubt,847,1053,train-task2-TC.labels
773520636,"Name_Calling,Labeling",1777,1799,train-task2-TC.labels
773520636,Repetition,1954,1965,train-task2-TC.labels
773520636,Slogans,2032,2073,train-task2-TC.labels
773520636,Appeal_to_Authority,2382,2453,train-task2-TC.labels
773520636,"Name_Calling,Labeling",2833,2855,train-task2-TC.labels
773520636,"Name_Calling,Labeling",3016,3032,train-task2-TC.labels
773520636,Doubt,3176,3248,train-task2-TC.labels
773520636,Slogans,3446,3498,train-task2-TC.labels
773520636,"Name_Calling,Labeling",4291,4364,train-task2-TC.labels
773520636,Loaded_Language,5036,5050,train-task2-TC.labels
773520636,Loaded_Language,5166,5179,train-task2-TC.labels
773520636,Loaded_Language,5528,5556,train-task2-TC.labels
773520636,Repetition,5764,5777,train-task2-TC.labels
773520636,Black-and-White_Fallacy,6047,6125,train-task2-TC.labels
773520636,"Name_Calling,Labeling",6248,6273,train-task2-TC.labels
773520636,"Name_Calling,Labeling",6311,6322,train-task2-TC.labels
773520636,Loaded_Language,6507,6521,train-task2-TC.labels
773520636,Loaded_Language,6692,6706,train-task2-TC.labels
773520636,"Name_Calling,Labeling",6411,6475,train-task2-TC.labels
773520636,"Name_Calling,Labeling",6551,6654,train-task2-TC.labels
773520636,"Name_Calling,Labeling",6718,6778,train-task2-TC.labels
773520636,Repetition,6718,6723,train-task2-TC.labels
773520636,"Name_Calling,Labeling",6843,6890,train-task2-TC.labels
773520636,"Name_Calling,Labeling",6904,6913,train-task2-TC.labels
773520636,"Name_Calling,Labeling",7104,7123,train-task2-TC.labels
773520636,Loaded_Language,7293,7303,train-task2-TC.labels
773520636,Loaded_Language,7361,7378,train-task2-TC.labels
773520636,"Name_Calling,Labeling",7438,7471,train-task2-TC.labels
773520636,"Name_Calling,Labeling",7570,7610,train-task2-TC.labels
773520636,Loaded_Language,7762,7776,train-task2-TC.labels
773520636,"Name_Calling,Labeling",7922,7945,train-task2-TC.labels
773520636,"Name_Calling,Labeling",8004,8028,train-task2-TC.labels
773520636,Loaded_Language,8340,8378,train-task2-TC.labels
773520636,Loaded_Language,8428,8467,train-task2-TC.labels
773520636,Doubt,8381,8516,train-task2-TC.labels
773520636,"Name_Calling,Labeling",8563,8583,train-task2-TC.labels
773520636,"Name_Calling,Labeling",8796,8823,train-task2-TC.labels
773520636,Appeal_to_fear-prejudice,9049,9076,train-task2-TC.labels
773520636,"Name_Calling,Labeling",8991,9012,train-task2-TC.labels
773520636,"Name_Calling,Labeling",9526,9548,train-task2-TC.labels
773520636,"Name_Calling,Labeling",9499,9509,train-task2-TC.labels
773520636,"Name_Calling,Labeling",9707,9715,train-task2-TC.labels
773520636,Repetition,9774,9803,train-task2-TC.labels
773520636,Loaded_Language,10767,10778,train-task2-TC.labels
773520636,Repetition,11198,11208,train-task2-TC.labels
773520636,"Name_Calling,Labeling",11459,11475,train-task2-TC.labels
773520636,Appeal_to_fear-prejudice,11044,11152,train-task2-TC.labels
773520636,"Name_Calling,Labeling",12645,12685,train-task2-TC.labels
773520636,Repetition,12649,12656,train-task2-TC.labels
773520636,Loaded_Language,12833,12849,train-task2-TC.labels
773520636,Loaded_Language,13214,13228,train-task2-TC.labels
773520636,"Name_Calling,Labeling",13230,13251,train-task2-TC.labels
773520636,"Name_Calling,Labeling",13263,13281,train-task2-TC.labels
773520636,"Name_Calling,Labeling",14096,14112,train-task2-TC.labels
773520636,"Name_Calling,Labeling",14660,14686,train-task2-TC.labels
773520636,"Name_Calling,Labeling",15678,15685,train-task2-TC.labels
773520636,"Name_Calling,Labeling",17418,17457,train-task2-TC.labels
773520636,"Name_Calling,Labeling",17503,17533,train-task2-TC.labels
773520636,"Name_Calling,Labeling",17544,17580,train-task2-TC.labels
773520636,Repetition,17519,17525,train-task2-TC.labels
773520636,Doubt,17874,18158,train-task2-TC.labels
773520636,Flag-Waving,1575,1723,train-task2-TC.labels
773520636,Repetition,6780,6794,train-task2-TC.labels
773520636,Doubt,6708,6778,train-task2-TC.labels
773520636,Repetition,17865,17872,train-task2-TC.labels
773748383,Loaded_Language,43,58,train-task2-TC.labels
773748383,Loaded_Language,651,667,train-task2-TC.labels
773748383,Doubt,4113,4228,train-task2-TC.labels
773748383,Loaded_Language,163,181,train-task2-TC.labels
773748383,"Exaggeration,Minimisation",1518,1578,train-task2-TC.labels
773748383,"Exaggeration,Minimisation",2569,2608,train-task2-TC.labels
773748383,"Exaggeration,Minimisation",3122,3215,train-task2-TC.labels
773748383,Loaded_Language,3320,3339,train-task2-TC.labels
773748383,Doubt,3521,3559,train-task2-TC.labels
773748383,Doubt,3561,3685,train-task2-TC.labels
773748383,Loaded_Language,3903,3930,train-task2-TC.labels
773748383,Loaded_Language,4034,4065,train-task2-TC.labels
773748383,Loaded_Language,4671,4685,train-task2-TC.labels
773748383,"Name_Calling,Labeling",4714,4724,train-task2-TC.labels
773937361,Loaded_Language,288,300,train-task2-TC.labels
773937361,Loaded_Language,2285,2290,train-task2-TC.labels
773937361,Appeal_to_fear-prejudice,8373,8390,train-task2-TC.labels
773937361,"Name_Calling,Labeling",3415,3434,train-task2-TC.labels
773937361,Flag-Waving,11237,11248,train-task2-TC.labels
773937361,"Name_Calling,Labeling",494,506,train-task2-TC.labels
773937361,Loaded_Language,918,925,train-task2-TC.labels
773937361,"Name_Calling,Labeling",1020,1069,train-task2-TC.labels
773937361,Loaded_Language,1482,1486,train-task2-TC.labels
773937361,Loaded_Language,1454,1463,train-task2-TC.labels
773937361,Loaded_Language,2360,2367,train-task2-TC.labels
773937361,"Name_Calling,Labeling",4128,4149,train-task2-TC.labels
773937361,Loaded_Language,5543,5571,train-task2-TC.labels
773937361,Loaded_Language,11090,11152,train-task2-TC.labels
773937361,"Name_Calling,Labeling",11158,11164,train-task2-TC.labels
773937361,"Name_Calling,Labeling",527,536,train-task2-TC.labels
773937361,Loaded_Language,1905,1916,train-task2-TC.labels
773937361,Loaded_Language,6959,6974,train-task2-TC.labels
773937361,Loaded_Language,10342,10374,train-task2-TC.labels
773937361,Slogans,16081,16099,train-task2-TC.labels
773937361,"Name_Calling,Labeling",18464,18468,train-task2-TC.labels
773937361,Thought-terminating_Cliches,19641,19654,train-task2-TC.labels
774007496,Repetition,3008,3022,train-task2-TC.labels
774007496,Slogans,493,528,train-task2-TC.labels
774007496,Repetition,1756,1770,train-task2-TC.labels
774007496,Repetition,2500,2512,train-task2-TC.labels
774007496,Repetition,2602,2614,train-task2-TC.labels
774007496,Repetition,478,491,train-task2-TC.labels
774007496,Loaded_Language,1498,1517,train-task2-TC.labels
774007496,"Name_Calling,Labeling",1857,1870,train-task2-TC.labels
774007496,Loaded_Language,1895,1918,train-task2-TC.labels
774007496,Loaded_Language,2161,2169,train-task2-TC.labels
774007496,Repetition,2242,2254,train-task2-TC.labels
774007496,Loaded_Language,1017,1031,train-task2-TC.labels
774007496,"Name_Calling,Labeling",1538,1543,train-task2-TC.labels
774007496,Thought-terminating_Cliches,1640,1667,train-task2-TC.labels
774007496,Loaded_Language,3289,3293,train-task2-TC.labels
774007496,Loaded_Language,3330,3336,train-task2-TC.labels
774007496,Doubt,3295,3336,train-task2-TC.labels
774007496,Repetition,2062,2076,train-task2-TC.labels
774007496,Repetition,2385,2399,train-task2-TC.labels
774007496,Repetition,2833,2847,train-task2-TC.labels
774145019,Repetition,191,196,train-task2-TC.labels
774145019,Loaded_Language,412,417,train-task2-TC.labels
774145019,Loaded_Language,1247,1255,train-task2-TC.labels
774145019,Loaded_Language,2825,2829,train-task2-TC.labels
774145019,Flag-Waving,2774,2789,train-task2-TC.labels
774145019,Repetition,1899,1904,train-task2-TC.labels
774145019,Repetition,2361,2366,train-task2-TC.labels
774145019,Repetition,3333,3338,train-task2-TC.labels
774145019,Repetition,3110,3117,train-task2-TC.labels
774145019,Repetition,5052,5059,train-task2-TC.labels
774145019,"Exaggeration,Minimisation",3992,4020,train-task2-TC.labels
774145019,Loaded_Language,58,63,train-task2-TC.labels
774145019,Doubt,441,517,train-task2-TC.labels
774145019,Doubt,518,551,train-task2-TC.labels
774145019,Doubt,552,615,train-task2-TC.labels
774145019,Doubt,616,700,train-task2-TC.labels
774145019,Loaded_Language,2844,2853,train-task2-TC.labels
774145019,Repetition,2996,3011,train-task2-TC.labels
774145019,Repetition,3172,3196,train-task2-TC.labels
774145019,Repetition,3297,3321,train-task2-TC.labels
774145019,Repetition,4343,4367,train-task2-TC.labels
774145019,Repetition,4690,4714,train-task2-TC.labels
774145019,Loaded_Language,3276,3286,train-task2-TC.labels
774145019,Flag-Waving,3621,3624,train-task2-TC.labels
774145019,Repetition,3784,3794,train-task2-TC.labels
774145019,Repetition,4232,4242,train-task2-TC.labels
774145019,Loaded_Language,4644,4652,train-task2-TC.labels
774637726,Loaded_Language,602,612,train-task2-TC.labels
774637726,Repetition,709,776,train-task2-TC.labels
774637726,Loaded_Language,1607,1613,train-task2-TC.labels
774637726,Loaded_Language,2635,2656,train-task2-TC.labels
774637726,"Name_Calling,Labeling",284,303,train-task2-TC.labels
774637726,Repetition,1867,1871,train-task2-TC.labels
774637726,Repetition,1905,1909,train-task2-TC.labels
774637726,"Name_Calling,Labeling",2098,2104,train-task2-TC.labels
774637726,Repetition,2567,2572,train-task2-TC.labels
774637726,Repetition,2614,2619,train-task2-TC.labels
774637726,Repetition,2687,2692,train-task2-TC.labels
774637726,"Name_Calling,Labeling",2708,2715,train-task2-TC.labels
774904810,Loaded_Language,6014,6022,train-task2-TC.labels
774904810,"Exaggeration,Minimisation",350,384,train-task2-TC.labels
774904810,"Exaggeration,Minimisation",3247,3264,train-task2-TC.labels
774904810,Flag-Waving,3268,3275,train-task2-TC.labels
774904810,Loaded_Language,3436,3444,train-task2-TC.labels
774904810,Loaded_Language,355,368,train-task2-TC.labels
774904810,"Exaggeration,Minimisation",743,749,train-task2-TC.labels
774904810,"Name_Calling,Labeling",2806,2821,train-task2-TC.labels
774904810,Loaded_Language,3626,3633,train-task2-TC.labels
774904810,Loaded_Language,5824,5839,train-task2-TC.labels
774904810,Loaded_Language,6039,6060,train-task2-TC.labels
775448623,Doubt,1743,1825,train-task2-TC.labels
775448623,"Name_Calling,Labeling",2451,2491,train-task2-TC.labels
775448623,Loaded_Language,2632,2644,train-task2-TC.labels
775448623,Doubt,2632,2753,train-task2-TC.labels
775448623,"Name_Calling,Labeling",1373,1476,train-task2-TC.labels
775448623,Appeal_to_fear-prejudice,2856,3300,train-task2-TC.labels
775448623,Loaded_Language,17,41,train-task2-TC.labels
775448623,Loaded_Language,334,342,train-task2-TC.labels
775448623,"Name_Calling,Labeling",343,417,train-task2-TC.labels
775448623,"Name_Calling,Labeling",722,732,train-task2-TC.labels
775448623,Doubt,813,1045,train-task2-TC.labels
775448623,Loaded_Language,1722,1740,train-task2-TC.labels
775448623,Loaded_Language,2168,2191,train-task2-TC.labels
775448623,Loaded_Language,3184,3203,train-task2-TC.labels
775448623,Loaded_Language,3229,3250,train-task2-TC.labels
775448623,"Bandwagon,Reductio_ad_hitlerum",2856,2965,train-task2-TC.labels
776049384,"Name_Calling,Labeling",618,632,train-task2-TC.labels
776049384,"Exaggeration,Minimisation",2199,2232,train-task2-TC.labels
776049384,Slogans,10722,10735,train-task2-TC.labels
776049384,Loaded_Language,9139,9151,train-task2-TC.labels
776049384,Loaded_Language,213,219,train-task2-TC.labels
776049384,Repetition,1069,1080,train-task2-TC.labels
776049384,Repetition,1158,1169,train-task2-TC.labels
776049384,Repetition,1302,1313,train-task2-TC.labels
776049384,Repetition,1401,1412,train-task2-TC.labels
776049384,Repetition,1510,1521,train-task2-TC.labels
776049384,Repetition,1648,1659,train-task2-TC.labels
776049384,Repetition,1730,1741,train-task2-TC.labels
776049384,Repetition,1968,1979,train-task2-TC.labels
776049384,Repetition,2047,2058,train-task2-TC.labels
776049384,Repetition,4242,4253,train-task2-TC.labels
776049384,"Name_Calling,Labeling",493,501,train-task2-TC.labels
776049384,Repetition,1442,1450,train-task2-TC.labels
776049384,Repetition,1552,1560,train-task2-TC.labels
776049384,Repetition,1692,1700,train-task2-TC.labels
776049384,Repetition,1928,1936,train-task2-TC.labels
776049384,Repetition,2014,2022,train-task2-TC.labels
776049384,Repetition,2079,2087,train-task2-TC.labels
776049384,Repetition,5626,5634,train-task2-TC.labels
776049384,Repetition,2165,2173,train-task2-TC.labels
776049384,Loaded_Language,2406,2416,train-task2-TC.labels
776049384,Loaded_Language,3569,3579,train-task2-TC.labels
776049384,Loaded_Language,3660,3666,train-task2-TC.labels
776049384,Loaded_Language,4068,4072,train-task2-TC.labels
776049384,Loaded_Language,4597,4608,train-task2-TC.labels
776049384,Loaded_Language,5708,5730,train-task2-TC.labels
776049384,Loaded_Language,10077,10084,train-task2-TC.labels
776049384,Slogans,10637,10672,train-task2-TC.labels
776049384,Slogans,10674,10720,train-task2-TC.labels
776049384,Loaded_Language,62,87,train-task2-TC.labels
776049384,"Name_Calling,Labeling",158,178,train-task2-TC.labels
776049384,Slogans,2292,2309,train-task2-TC.labels
776049384,Slogans,2330,2347,train-task2-TC.labels
776049384,Loaded_Language,3211,3235,train-task2-TC.labels
776049384,"Name_Calling,Labeling",3764,3772,train-task2-TC.labels
776049384,"Name_Calling,Labeling",4470,4486,train-task2-TC.labels
776049384,Loaded_Language,5003,5046,train-task2-TC.labels
776049384,Loaded_Language,6079,6086,train-task2-TC.labels
776049384,Slogans,7146,7169,train-task2-TC.labels
776049384,Loaded_Language,8954,8962,train-task2-TC.labels
776049384,Repetition,9089,9097,train-task2-TC.labels
776049384,Loaded_Language,10215,10228,train-task2-TC.labels
776049384,Appeal_to_fear-prejudice,10276,10313,train-task2-TC.labels
776345502,"Name_Calling,Labeling",379,398,train-task2-TC.labels
776345502,Loaded_Language,1551,1569,train-task2-TC.labels
776345502,Loaded_Language,1723,1748,train-task2-TC.labels
776345502,"Exaggeration,Minimisation",3002,3053,train-task2-TC.labels
776345502,Loaded_Language,3733,3744,train-task2-TC.labels
776345502,Loaded_Language,4147,4158,train-task2-TC.labels
776345502,Flag-Waving,53,119,train-task2-TC.labels
776345502,Flag-Waving,661,727,train-task2-TC.labels
776345502,Flag-Waving,1575,1649,train-task2-TC.labels
776345502,Loaded_Language,3780,3855,train-task2-TC.labels
776345502,"Name_Calling,Labeling",1575,1627,train-task2-TC.labels
776345502,Loaded_Language,82,92,train-task2-TC.labels
776345502,"Name_Calling,Labeling",97,119,train-task2-TC.labels
776345502,"Name_Calling,Labeling",520,534,train-task2-TC.labels
776345502,Causal_Oversimplification,374,513,train-task2-TC.labels
776345502,Loaded_Language,690,700,train-task2-TC.labels
776345502,"Name_Calling,Labeling",705,727,train-task2-TC.labels
776345502,"Name_Calling,Labeling",333,358,train-task2-TC.labels
776345502,"Name_Calling,Labeling",1477,1499,train-task2-TC.labels
776345502,Loaded_Language,1617,1627,train-task2-TC.labels
776345502,"Name_Calling,Labeling",1632,1649,train-task2-TC.labels
776345502,"Name_Calling,Labeling",2843,2866,train-task2-TC.labels
776345502,Loaded_Language,3612,3630,train-task2-TC.labels
776345502,"Exaggeration,Minimisation",3911,3965,train-task2-TC.labels
776345502,"Name_Calling,Labeling",4002,4035,train-task2-TC.labels
776345502,"Name_Calling,Labeling",4095,4115,train-task2-TC.labels
776345502,Repetition,4131,4145,train-task2-TC.labels
776345502,Appeal_to_Authority,1299,1432,train-task2-TC.labels
776345502,Appeal_to_Authority,1434,1509,train-task2-TC.labels
776345502,Loaded_Language,3953,3965,train-task2-TC.labels
776345502,Doubt,3979,4158,train-task2-TC.labels
776368676,Flag-Waving,314,343,train-task2-TC.labels
776368676,Loaded_Language,378,385,train-task2-TC.labels
776368676,Loaded_Language,447,457,train-task2-TC.labels
776368676,Loaded_Language,706,716,train-task2-TC.labels
776368676,Loaded_Language,1040,1050,train-task2-TC.labels
776368676,"Name_Calling,Labeling",386,408,train-task2-TC.labels
776368676,Flag-Waving,571,623,train-task2-TC.labels
776368676,Flag-Waving,664,738,train-task2-TC.labels
776368676,Flag-Waving,828,957,train-task2-TC.labels
776368676,Flag-Waving,998,1078,train-task2-TC.labels
776368676,Loaded_Language,314,319,train-task2-TC.labels
776368676,"Name_Calling,Labeling",424,457,train-task2-TC.labels
776368676,Loaded_Language,594,599,train-task2-TC.labels
776368676,"Name_Calling,Labeling",664,716,train-task2-TC.labels
776368676,Loaded_Language,928,933,train-task2-TC.labels
776368676,Loaded_Language,974,992,train-task2-TC.labels
776368676,"Exaggeration,Minimisation",974,992,train-task2-TC.labels
776368676,"Name_Calling,Labeling",998,1050,train-task2-TC.labels
776368676,"Name_Calling,Labeling",45,66,train-task2-TC.labels
776368676,Loaded_Language,67,70,train-task2-TC.labels
776368676,"Name_Calling,Labeling",276,297,train-task2-TC.labels
776368676,Repetition,542,559,train-task2-TC.labels
776368676,Loaded_Language,640,658,train-task2-TC.labels
776368676,"Name_Calling,Labeling",876,893,train-task2-TC.labels
776368676,"Name_Calling,Labeling",1164,1176,train-task2-TC.labels
776368676,Loaded_Language,1461,1494,train-task2-TC.labels
776368676,"Exaggeration,Minimisation",1596,1633,train-task2-TC.labels
776368676,Slogans,2017,2033,train-task2-TC.labels
776368676,"Name_Calling,Labeling",2050,2074,train-task2-TC.labels
776368676,Flag-Waving,2085,2118,train-task2-TC.labels
776368676,Loaded_Language,2132,2147,train-task2-TC.labels
776368676,"Name_Calling,Labeling",2164,2174,train-task2-TC.labels
776368676,Loaded_Language,2178,2210,train-task2-TC.labels
776368676,Loaded_Language,3795,3820,train-task2-TC.labels
776368676,"Exaggeration,Minimisation",640,658,train-task2-TC.labels
776373795,Flag-Waving,1044,1206,train-task2-TC.labels
776373795,"Exaggeration,Minimisation",557,612,train-task2-TC.labels
776373795,Flag-Waving,1208,1321,train-task2-TC.labels
776373795,"Name_Calling,Labeling",1247,1299,train-task2-TC.labels
776373795,Flag-Waving,1900,1990,train-task2-TC.labels
776373795,Appeal_to_Authority,2932,2997,train-task2-TC.labels
776373795,"Name_Calling,Labeling",184,206,train-task2-TC.labels
776373795,Loaded_Language,854,869,train-task2-TC.labels
776373795,"Name_Calling,Labeling",1120,1142,train-task2-TC.labels
776373795,Loaded_Language,1223,1241,train-task2-TC.labels
776373795,"Name_Calling,Labeling",1304,1321,train-task2-TC.labels
776373795,Doubt,1243,1321,train-task2-TC.labels
776373795,"Exaggeration,Minimisation",1388,1483,train-task2-TC.labels
776373795,Loaded_Language,1685,1706,train-task2-TC.labels
776373795,Loaded_Language,1939,1960,train-task2-TC.labels
776373795,Loaded_Language,3468,3482,train-task2-TC.labels
776373795,Doubt,4039,4203,train-task2-TC.labels
776373795,Loaded_Language,5130,5150,train-task2-TC.labels
776373795,Appeal_to_Authority,4205,4572,train-task2-TC.labels
776373795,"Name_Calling,Labeling",3723,3773,train-task2-TC.labels
776535164,Loaded_Language,485,500,train-task2-TC.labels
776535164,Loaded_Language,1688,1700,train-task2-TC.labels
776535164,Loaded_Language,16,32,train-task2-TC.labels
776616374,"Exaggeration,Minimisation",149,174,train-task2-TC.labels
776616374,"Exaggeration,Minimisation",751,785,train-task2-TC.labels
776616374,"Name_Calling,Labeling",831,849,train-task2-TC.labels
776616374,Flag-Waving,2641,2650,train-task2-TC.labels
776616374,Loaded_Language,2771,2782,train-task2-TC.labels
776616374,Loaded_Language,2804,2810,train-task2-TC.labels
776616374,Loaded_Language,3282,3292,train-task2-TC.labels
776616374,Loaded_Language,756,769,train-task2-TC.labels
776616374,Loaded_Language,2990,3007,train-task2-TC.labels
777488669,Doubt,8420,8479,train-task2-TC.labels
777488669,"Exaggeration,Minimisation",17648,17724,train-task2-TC.labels
777488669,Causal_Oversimplification,111,184,train-task2-TC.labels
777488669,"Exaggeration,Minimisation",1372,1390,train-task2-TC.labels
777488669,Slogans,2625,2698,train-task2-TC.labels
777488669,Loaded_Language,7981,8009,train-task2-TC.labels
777488669,"Exaggeration,Minimisation",13629,13645,train-task2-TC.labels
777488669,"Exaggeration,Minimisation",13779,13797,train-task2-TC.labels
777488669,"Exaggeration,Minimisation",13460,13476,train-task2-TC.labels
777488669,Loaded_Language,21934,21955,train-task2-TC.labels
777488669,"Exaggeration,Minimisation",278,389,train-task2-TC.labels
777488669,Loaded_Language,503,527,train-task2-TC.labels
777488669,Causal_Oversimplification,694,833,train-task2-TC.labels
777488669,Loaded_Language,1113,1127,train-task2-TC.labels
777488669,Loaded_Language,1151,1162,train-task2-TC.labels
777488669,"Name_Calling,Labeling",1234,1245,train-task2-TC.labels
777488669,Loaded_Language,1750,1759,train-task2-TC.labels
777488669,Causal_Oversimplification,2379,2485,train-task2-TC.labels
777488669,Loaded_Language,3108,3118,train-task2-TC.labels
777488669,Causal_Oversimplification,4583,4947,train-task2-TC.labels
777488669,Causal_Oversimplification,6374,6406,train-task2-TC.labels
777488669,"Name_Calling,Labeling",6788,6827,train-task2-TC.labels
777488669,"Name_Calling,Labeling",6922,6961,train-task2-TC.labels
777488669,"Name_Calling,Labeling",7592,7621,train-task2-TC.labels
777488669,Repetition,8903,8976,train-task2-TC.labels
777488669,Appeal_to_fear-prejudice,9024,9133,train-task2-TC.labels
777488669,"Name_Calling,Labeling",9590,9606,train-task2-TC.labels
777488669,Loaded_Language,9651,9660,train-task2-TC.labels
777488669,"Name_Calling,Labeling",9849,9867,train-task2-TC.labels
777488669,Loaded_Language,10681,10700,train-task2-TC.labels
777488669,Loaded_Language,10554,10580,train-task2-TC.labels
777488669,Thought-terminating_Cliches,10582,10639,train-task2-TC.labels
777488669,Doubt,10733,10815,train-task2-TC.labels
777488669,Loaded_Language,11201,11245,train-task2-TC.labels
777488669,Loaded_Language,11262,11280,train-task2-TC.labels
777488669,Loaded_Language,12262,12282,train-task2-TC.labels
777488669,Loaded_Language,12413,12427,train-task2-TC.labels
777488669,Loaded_Language,12557,12573,train-task2-TC.labels
777488669,Loaded_Language,12887,12920,train-task2-TC.labels
777488669,Loaded_Language,12952,12974,train-task2-TC.labels
777488669,"Exaggeration,Minimisation",13570,13592,train-task2-TC.labels
777488669,Black-and-White_Fallacy,14593,14726,train-task2-TC.labels
777488669,Loaded_Language,14771,14890,train-task2-TC.labels
777488669,Causal_Oversimplification,14892,15109,train-task2-TC.labels
777488669,Causal_Oversimplification,15401,15484,train-task2-TC.labels
777488669,Loaded_Language,15655,15688,train-task2-TC.labels
777488669,"Name_Calling,Labeling",15722,15748,train-task2-TC.labels
777488669,Loaded_Language,15762,15781,train-task2-TC.labels
777488669,"Exaggeration,Minimisation",15843,15905,train-task2-TC.labels
777488669,"Exaggeration,Minimisation",15990,16052,train-task2-TC.labels
777488669,Loaded_Language,16281,16322,train-task2-TC.labels
777488669,Repetition,16567,16576,train-task2-TC.labels
777488669,"Name_Calling,Labeling",16590,16658,train-task2-TC.labels
777488669,Loaded_Language,16977,17007,train-task2-TC.labels
777488669,Causal_Oversimplification,17289,17340,train-task2-TC.labels
777488669,Loaded_Language,17465,17488,train-task2-TC.labels
777488669,"Exaggeration,Minimisation",17543,17581,train-task2-TC.labels
777488669,"Name_Calling,Labeling",18269,18309,train-task2-TC.labels
777488669,Causal_Oversimplification,18451,18671,train-task2-TC.labels
777488669,"Name_Calling,Labeling",19644,19717,train-task2-TC.labels
777488669,Loaded_Language,19871,19878,train-task2-TC.labels
777488669,Loaded_Language,19920,19936,train-task2-TC.labels
777488669,"Exaggeration,Minimisation",20377,20446,train-task2-TC.labels
777488669,Loaded_Language,20595,20629,train-task2-TC.labels
777488669,Loaded_Language,20485,20533,train-task2-TC.labels
777488669,Causal_Oversimplification,21752,21843,train-task2-TC.labels
777488669,Loaded_Language,22330,22358,train-task2-TC.labels
777488669,Causal_Oversimplification,22360,22575,train-task2-TC.labels
777488669,Loaded_Language,9170,9177,train-task2-TC.labels
777488669,Doubt,9166,9295,train-task2-TC.labels
777488669,Appeal_to_fear-prejudice,10056,10226,train-task2-TC.labels
777488669,Loaded_Language,20399,20425,train-task2-TC.labels
778139122,Loaded_Language,2509,2516,train-task2-TC.labels
778139122,"Exaggeration,Minimisation",521,555,train-task2-TC.labels
778139122,Appeal_to_fear-prejudice,2417,2617,train-task2-TC.labels
778139122,Loaded_Language,2649,2669,train-task2-TC.labels
778139122,Loaded_Language,5764,5781,train-task2-TC.labels
778139122,Loaded_Language,6616,6637,train-task2-TC.labels
778139122,Loaded_Language,8016,8043,train-task2-TC.labels
778139122,Loaded_Language,9158,9198,train-task2-TC.labels
778139122,"Name_Calling,Labeling",9526,9542,train-task2-TC.labels
778139122,Flag-Waving,591,717,train-task2-TC.labels
778139122,Loaded_Language,7622,7650,train-task2-TC.labels
778139122,Loaded_Language,9213,9224,train-task2-TC.labels
778139122,"Bandwagon,Reductio_ad_hitlerum",9600,9695,train-task2-TC.labels
778139122,Appeal_to_fear-prejudice,11683,11779,train-task2-TC.labels
778139122,Doubt,719,765,train-task2-TC.labels
778139122,"Exaggeration,Minimisation",1614,1653,train-task2-TC.labels
778139122,"Name_Calling,Labeling",1695,1709,train-task2-TC.labels
778139122,Loaded_Language,1913,1984,train-task2-TC.labels
778139122,Loaded_Language,2315,2340,train-task2-TC.labels
778139122,"Name_Calling,Labeling",2784,2813,train-task2-TC.labels
778139122,"Name_Calling,Labeling",2939,2987,train-task2-TC.labels
778139122,"Exaggeration,Minimisation",2993,3104,train-task2-TC.labels
778139122,"Exaggeration,Minimisation",3121,3207,train-task2-TC.labels
778139122,Loaded_Language,4452,4468,train-task2-TC.labels
778139122,"Exaggeration,Minimisation",4606,4637,train-task2-TC.labels
778139122,"Name_Calling,Labeling",4918,4946,train-task2-TC.labels
778139122,"Name_Calling,Labeling",5293,5321,train-task2-TC.labels
778139122,Appeal_to_fear-prejudice,6012,6118,train-task2-TC.labels
778139122,"Name_Calling,Labeling",6572,6614,train-task2-TC.labels
778139122,"Name_Calling,Labeling",6901,6939,train-task2-TC.labels
778139122,Loaded_Language,7343,7379,train-task2-TC.labels
778139122,"Name_Calling,Labeling",8391,8411,train-task2-TC.labels
778139122,"Exaggeration,Minimisation",8413,8443,train-task2-TC.labels
778139122,"Exaggeration,Minimisation",8859,8883,train-task2-TC.labels
778139122,"Exaggeration,Minimisation",9158,9198,train-task2-TC.labels
778139122,"Whataboutism,Straw_Men,Red_Herring",9310,9385,train-task2-TC.labels
778139122,"Exaggeration,Minimisation",9340,9385,train-task2-TC.labels
778139122,"Name_Calling,Labeling",10195,10220,train-task2-TC.labels
778139122,Loaded_Language,10458,10479,train-task2-TC.labels
778139122,Causal_Oversimplification,10283,10382,train-task2-TC.labels
778139122,Slogans,10786,10806,train-task2-TC.labels
778139122,Appeal_to_fear-prejudice,11481,11572,train-task2-TC.labels
778139122,Loaded_Language,11634,11667,train-task2-TC.labels
778139122,Appeal_to_fear-prejudice,11960,12070,train-task2-TC.labels
778139122,Slogans,11820,11876,train-task2-TC.labels
778139122,Loaded_Language,6098,6118,train-task2-TC.labels
778139122,"Whataboutism,Straw_Men,Red_Herring",6643,6815,train-task2-TC.labels
778139122,Doubt,8137,8443,train-task2-TC.labels
778139122,Loaded_Language,11732,11750,train-task2-TC.labels
778139122,Appeal_to_fear-prejudice,11785,11876,train-task2-TC.labels
778664280,Loaded_Language,5485,5501,train-task2-TC.labels
778664280,Loaded_Language,9810,9822,train-task2-TC.labels
778664280,Loaded_Language,12232,12252,train-task2-TC.labels
778664280,Loaded_Language,12284,12302,train-task2-TC.labels
778664280,Loaded_Language,888,912,train-task2-TC.labels
778664280,Loaded_Language,3969,3990,train-task2-TC.labels
778664280,Loaded_Language,8734,8750,train-task2-TC.labels
778664280,Loaded_Language,9347,9368,train-task2-TC.labels
778664280,Loaded_Language,9542,9566,train-task2-TC.labels
778664280,Loaded_Language,11060,11085,train-task2-TC.labels
778664280,Loaded_Language,9600,9617,train-task2-TC.labels
778664280,Loaded_Language,11430,11441,train-task2-TC.labels
778664280,Loaded_Language,10838,10854,train-task2-TC.labels
778664280,Loaded_Language,7004,7014,train-task2-TC.labels
778664280,Loaded_Language,10174,10193,train-task2-TC.labels
778664280,Loaded_Language,402,430,train-task2-TC.labels
778664280,Loaded_Language,4569,4584,train-task2-TC.labels
778664280,Loaded_Language,5422,5440,train-task2-TC.labels
778664280,Loaded_Language,8088,8139,train-task2-TC.labels
778664280,Loaded_Language,8907,8921,train-task2-TC.labels
778664280,Loaded_Language,8949,8995,train-task2-TC.labels
778664280,Loaded_Language,9764,9785,train-task2-TC.labels
778664280,Loaded_Language,9878,9905,train-task2-TC.labels
778664280,Loaded_Language,9959,9974,train-task2-TC.labels
778664280,Loaded_Language,10114,10148,train-task2-TC.labels
778664280,Loaded_Language,10691,10720,train-task2-TC.labels
778664280,Flag-Waving,1196,1206,train-task2-TC.labels
778664280,Flag-Waving,11091,11282,train-task2-TC.labels
778664280,"Name_Calling,Labeling",3016,3042,train-task2-TC.labels
778664280,"Name_Calling,Labeling",4132,4158,train-task2-TC.labels
778664280,"Name_Calling,Labeling",4168,4211,train-task2-TC.labels
778664280,"Name_Calling,Labeling",8730,8750,train-task2-TC.labels
778664280,"Name_Calling,Labeling",9002,9026,train-task2-TC.labels
778664280,"Name_Calling,Labeling",9027,9050,train-task2-TC.labels
778664280,"Name_Calling,Labeling",11426,11450,train-task2-TC.labels
778664280,"Name_Calling,Labeling",2036,2050,train-task2-TC.labels
778664280,"Name_Calling,Labeling",5195,5210,train-task2-TC.labels
778664280,"Name_Calling,Labeling",5973,6034,train-task2-TC.labels
778664280,"Name_Calling,Labeling",5718,5731,train-task2-TC.labels
778664280,"Name_Calling,Labeling",7174,7201,train-task2-TC.labels
778664280,"Name_Calling,Labeling",7959,7973,train-task2-TC.labels
778664280,"Name_Calling,Labeling",8140,8241,train-task2-TC.labels
778664280,"Name_Calling,Labeling",8360,8382,train-task2-TC.labels
778664280,"Name_Calling,Labeling",8875,8897,train-task2-TC.labels
778664280,"Name_Calling,Labeling",9070,9100,train-task2-TC.labels
778664280,"Name_Calling,Labeling",10532,10550,train-task2-TC.labels
778664280,"Name_Calling,Labeling",10755,10775,train-task2-TC.labels
778664280,"Name_Calling,Labeling",11811,11875,train-task2-TC.labels
778664280,"Name_Calling,Labeling",12280,12302,train-task2-TC.labels
778664280,"Name_Calling,Labeling",660,744,train-task2-TC.labels
778664280,Doubt,9052,9178,train-task2-TC.labels
778664280,Doubt,9787,9822,train-task2-TC.labels
778664280,Doubt,10287,10453,train-task2-TC.labels
778664280,Doubt,6964,7167,train-task2-TC.labels
778664280,Doubt,9180,9436,train-task2-TC.labels
778664280,Doubt,10832,11050,train-task2-TC.labels
778664280,Doubt,10455,10720,train-task2-TC.labels
778664280,Causal_Oversimplification,9976,10029,train-task2-TC.labels
778664280,Causal_Oversimplification,6037,6169,train-task2-TC.labels
778664280,Causal_Oversimplification,6543,6921,train-task2-TC.labels
778664280,Causal_Oversimplification,7514,7815,train-task2-TC.labels
778664280,Causal_Oversimplification,9824,9974,train-task2-TC.labels
778664280,"Exaggeration,Minimisation",2737,2809,train-task2-TC.labels
778664280,"Exaggeration,Minimisation",10174,10260,train-task2-TC.labels
778664280,"Exaggeration,Minimisation",12227,12265,train-task2-TC.labels
778664280,"Exaggeration,Minimisation",865,912,train-task2-TC.labels
778664280,Appeal_to_fear-prejudice,1442,1720,train-task2-TC.labels
778664280,Appeal_to_fear-prejudice,9347,9436,train-task2-TC.labels
778664280,Appeal_to_fear-prejudice,10722,10830,train-task2-TC.labels
778664280,Appeal_to_fear-prejudice,11052,11282,train-task2-TC.labels
778664280,Appeal_to_fear-prejudice,11529,11693,train-task2-TC.labels
778664280,Appeal_to_fear-prejudice,11877,12098,train-task2-TC.labels
778664280,Appeal_to_fear-prejudice,5517,5839,train-task2-TC.labels
778664280,Slogans,4787,4847,train-task2-TC.labels
778664280,Thought-terminating_Cliches,9619,9647,train-task2-TC.labels
779394730,Loaded_Language,2965,2986,train-task2-TC.labels
779394730,Loaded_Language,3247,3274,train-task2-TC.labels
779394730,Loaded_Language,3728,3749,train-task2-TC.labels
779394730,Loaded_Language,4043,4118,train-task2-TC.labels
779394730,Loaded_Language,1222,1239,train-task2-TC.labels
779394730,Loaded_Language,1382,1407,train-task2-TC.labels
779394730,Loaded_Language,1479,1511,train-task2-TC.labels
779394730,Doubt,3715,4118,train-task2-TC.labels
779394730,Loaded_Language,4015,4030,train-task2-TC.labels
779394730,Doubt,4120,4323,train-task2-TC.labels
779394730,Loaded_Language,2710,2739,train-task2-TC.labels
779394730,Loaded_Language,4141,4162,train-task2-TC.labels
779394730,Loaded_Language,966,984,train-task2-TC.labels
779394730,Doubt,1419,1612,train-task2-TC.labels
779394730,Doubt,1615,1772,train-task2-TC.labels
779394730,Doubt,1774,1886,train-task2-TC.labels
779394730,"Name_Calling,Labeling",1926,1965,train-task2-TC.labels
779394730,"Exaggeration,Minimisation",2070,2106,train-task2-TC.labels
779394730,Doubt,2609,2739,train-task2-TC.labels
779394730,Loaded_Language,3306,3340,train-task2-TC.labels
779394730,"Name_Calling,Labeling",3476,3535,train-task2-TC.labels
779394730,Appeal_to_Authority,3554,3695,train-task2-TC.labels
779394730,Doubt,3343,3462,train-task2-TC.labels
779394730,Loaded_Language,3700,3713,train-task2-TC.labels
779394730,"Name_Calling,Labeling",4183,4206,train-task2-TC.labels
779394730,Loaded_Language,4172,4226,train-task2-TC.labels
780414700,Repetition,2944,2954,train-task2-TC.labels
780414700,Repetition,2964,2974,train-task2-TC.labels
780414700,Repetition,3011,3021,train-task2-TC.labels
780414700,Repetition,3051,3061,train-task2-TC.labels
780414700,Repetition,3177,3187,train-task2-TC.labels
780414700,Repetition,13333,13358,train-task2-TC.labels
780414700,Repetition,14442,14467,train-task2-TC.labels
780414700,Repetition,16466,16470,train-task2-TC.labels
780414700,Repetition,16519,16523,train-task2-TC.labels
780414700,Repetition,16549,16553,train-task2-TC.labels
780414700,Repetition,3591,3599,train-task2-TC.labels
780414700,Repetition,5135,5138,train-task2-TC.labels
780414700,Repetition,14834,14844,train-task2-TC.labels
780414700,Loaded_Language,8867,8878,train-task2-TC.labels
780414700,Loaded_Language,7243,7257,train-task2-TC.labels
780414700,Loaded_Language,1586,1596,train-task2-TC.labels
780414700,Loaded_Language,3254,3261,train-task2-TC.labels
780414700,Loaded_Language,2997,3009,train-task2-TC.labels
780414700,Loaded_Language,3485,3494,train-task2-TC.labels
780414700,Loaded_Language,4434,4438,train-task2-TC.labels
780414700,Loaded_Language,8883,8903,train-task2-TC.labels
780414700,Loaded_Language,8935,8952,train-task2-TC.labels
780414700,Loaded_Language,9663,9717,train-task2-TC.labels
780414700,Loaded_Language,9794,9804,train-task2-TC.labels
780414700,Loaded_Language,9815,9842,train-task2-TC.labels
780414700,Loaded_Language,13309,13331,train-task2-TC.labels
780414700,Loaded_Language,13520,13530,train-task2-TC.labels
780414700,Loaded_Language,14823,14844,train-task2-TC.labels
780414700,Loaded_Language,1370,1385,train-task2-TC.labels
780414700,Loaded_Language,1817,1846,train-task2-TC.labels
780414700,Loaded_Language,3373,3388,train-task2-TC.labels
780414700,Loaded_Language,9347,9401,train-task2-TC.labels
780414700,Loaded_Language,17788,17830,train-task2-TC.labels
780414700,Loaded_Language,1653,1691,train-task2-TC.labels
780414700,Loaded_Language,17440,17457,train-task2-TC.labels
780414700,Loaded_Language,483,504,train-task2-TC.labels
780414700,Loaded_Language,866,887,train-task2-TC.labels
780414700,Loaded_Language,926,961,train-task2-TC.labels
780414700,Loaded_Language,6315,6393,train-task2-TC.labels
780414700,Loaded_Language,6561,6601,train-task2-TC.labels
780414700,Loaded_Language,14986,15028,train-task2-TC.labels
780414700,Loaded_Language,16614,16639,train-task2-TC.labels
780414700,Loaded_Language,17980,18035,train-task2-TC.labels
780414700,Loaded_Language,601,654,train-task2-TC.labels
780414700,Loaded_Language,1711,1720,train-task2-TC.labels
780414700,Loaded_Language,1971,1981,train-task2-TC.labels
780414700,"Name_Calling,Labeling",726,735,train-task2-TC.labels
780414700,"Name_Calling,Labeling",1304,1325,train-task2-TC.labels
780414700,"Name_Calling,Labeling",2183,2225,train-task2-TC.labels
780414700,"Name_Calling,Labeling",7820,7867,train-task2-TC.labels
780414700,"Name_Calling,Labeling",7877,7917,train-task2-TC.labels
780414700,"Name_Calling,Labeling",300,319,train-task2-TC.labels
780414700,"Name_Calling,Labeling",572,654,train-task2-TC.labels
780414700,"Name_Calling,Labeling",1811,1846,train-task2-TC.labels
780414700,"Name_Calling,Labeling",3233,3317,train-task2-TC.labels
780414700,"Name_Calling,Labeling",4434,4471,train-task2-TC.labels
780414700,"Name_Calling,Labeling",5514,5522,train-task2-TC.labels
780414700,"Name_Calling,Labeling",7410,7450,train-task2-TC.labels
780414700,"Name_Calling,Labeling",10905,10959,train-task2-TC.labels
780414700,"Name_Calling,Labeling",10993,11030,train-task2-TC.labels
780414700,"Name_Calling,Labeling",11035,11072,train-task2-TC.labels
780414700,"Name_Calling,Labeling",13920,13988,train-task2-TC.labels
780414700,Slogans,866,887,train-task2-TC.labels
780414700,Slogans,2286,2330,train-task2-TC.labels
780414700,Slogans,2944,2962,train-task2-TC.labels
780414700,Slogans,18812,18834,train-task2-TC.labels
780414700,"Exaggeration,Minimisation",1361,1404,train-task2-TC.labels
780414700,"Exaggeration,Minimisation",9113,9135,train-task2-TC.labels
780414700,"Exaggeration,Minimisation",1698,1738,train-task2-TC.labels
780414700,"Exaggeration,Minimisation",1852,1943,train-task2-TC.labels
780414700,"Exaggeration,Minimisation",3534,3578,train-task2-TC.labels
780414700,"Exaggeration,Minimisation",8632,8678,train-task2-TC.labels
780414700,"Exaggeration,Minimisation",9347,9373,train-task2-TC.labels
780414700,"Exaggeration,Minimisation",9661,9717,train-task2-TC.labels
780414700,Appeal_to_fear-prejudice,4907,5047,train-task2-TC.labels
780414700,Appeal_to_fear-prejudice,1740,2022,train-task2-TC.labels
780414700,Appeal_to_fear-prejudice,5821,5941,train-task2-TC.labels
780414700,Appeal_to_fear-prejudice,15632,15697,train-task2-TC.labels
780414700,Causal_Oversimplification,1192,1265,train-task2-TC.labels
780414700,Causal_Oversimplification,5145,5206,train-task2-TC.labels
780414700,Causal_Oversimplification,6832,6905,train-task2-TC.labels
780414700,Causal_Oversimplification,7580,7638,train-task2-TC.labels
780414700,Causal_Oversimplification,10488,10673,train-task2-TC.labels
780414700,Causal_Oversimplification,4363,4517,train-task2-TC.labels
780414700,"Bandwagon,Reductio_ad_hitlerum",1338,1615,train-task2-TC.labels
780414700,"Bandwagon,Reductio_ad_hitlerum",17034,17229,train-task2-TC.labels
780414700,Black-and-White_Fallacy,2060,2284,train-task2-TC.labels
780414700,Doubt,5425,5738,train-task2-TC.labels
780619695,Repetition,1538,1554,train-task2-TC.labels
780619695,Repetition,1728,1744,train-task2-TC.labels
780619695,Repetition,2018,2034,train-task2-TC.labels
780619695,Repetition,2245,2261,train-task2-TC.labels
780619695,Repetition,2838,2854,train-task2-TC.labels
780619695,Repetition,3066,3082,train-task2-TC.labels
780619695,Slogans,44,62,train-task2-TC.labels
780619695,Loaded_Language,3735,3740,train-task2-TC.labels
780619695,Slogans,6301,6314,train-task2-TC.labels
780619695,Repetition,1321,1337,train-task2-TC.labels
780619695,Loaded_Language,1935,1959,train-task2-TC.labels
780619695,Loaded_Language,4123,4129,train-task2-TC.labels
780619695,"Exaggeration,Minimisation",137,148,train-task2-TC.labels
780619695,Loaded_Language,149,160,train-task2-TC.labels
780619695,Loaded_Language,162,168,train-task2-TC.labels
780619695,Loaded_Language,174,183,train-task2-TC.labels
780619695,"Name_Calling,Labeling",120,136,train-task2-TC.labels
780619695,"Name_Calling,Labeling",1245,1262,train-task2-TC.labels
780619695,Loaded_Language,1770,1794,train-task2-TC.labels
780619695,Loaded_Language,2318,2325,train-task2-TC.labels
780619695,Loaded_Language,2329,2338,train-task2-TC.labels
780619695,Loaded_Language,2343,2359,train-task2-TC.labels
780619695,Repetition,3207,3224,train-task2-TC.labels
780619695,Loaded_Language,3933,3941,train-task2-TC.labels
780619695,Repetition,4212,4229,train-task2-TC.labels
780619695,Loaded_Language,4298,4309,train-task2-TC.labels
780619695,Loaded_Language,4504,4513,train-task2-TC.labels
780619695,Appeal_to_fear-prejudice,4696,4736,train-task2-TC.labels
780619695,Repetition,4856,4874,train-task2-TC.labels
780619695,Loaded_Language,5547,5553,train-task2-TC.labels
780619695,Loaded_Language,5985,6015,train-task2-TC.labels
780619695,Slogans,6232,6251,train-task2-TC.labels
780619695,Repetition,6302,6314,train-task2-TC.labels
780786973,Loaded_Language,12,31,train-task2-TC.labels
780786973,Loaded_Language,104,111,train-task2-TC.labels
780786973,Loaded_Language,208,227,train-task2-TC.labels
780786973,"Name_Calling,Labeling",303,328,train-task2-TC.labels
780786973,Loaded_Language,1439,1458,train-task2-TC.labels
780786973,"Name_Calling,Labeling",379,411,train-task2-TC.labels
780786973,"Name_Calling,Labeling",503,510,train-task2-TC.labels
780786973,Doubt,1882,2009,train-task2-TC.labels
780786973,Loaded_Language,45,56,train-task2-TC.labels
780786973,Loaded_Language,158,176,train-task2-TC.labels
780786973,"Exaggeration,Minimisation",340,411,train-task2-TC.labels
780786973,"Whataboutism,Straw_Men,Red_Herring",1297,1341,train-task2-TC.labels
780786973,Causal_Oversimplification,1474,1513,train-task2-TC.labels
780786973,Loaded_Language,1957,1970,train-task2-TC.labels
780786973,Loaded_Language,2157,2170,train-task2-TC.labels
780786973,"Name_Calling,Labeling",2300,2314,train-task2-TC.labels
780786973,Loaded_Language,2398,2414,train-task2-TC.labels
780786973,Doubt,2546,2730,train-task2-TC.labels
780786973,Loaded_Language,2638,2648,train-task2-TC.labels
780786973,"Name_Calling,Labeling",2675,2696,train-task2-TC.labels
780786973,Doubt,2369,2544,train-task2-TC.labels
780786973,Loaded_Language,2303,2314,train-task2-TC.labels
780786973,Loaded_Language,2712,2730,train-task2-TC.labels
780787440,"Name_Calling,Labeling",822,856,train-task2-TC.labels
780787440,Loaded_Language,2059,2073,train-task2-TC.labels
780787440,Loaded_Language,473,497,train-task2-TC.labels
780787440,Doubt,2110,2395,train-task2-TC.labels
780787440,Doubt,3090,3262,train-task2-TC.labels
780787440,Loaded_Language,379,414,train-task2-TC.labels
780787440,Loaded_Language,516,541,train-task2-TC.labels
780787440,Loaded_Language,1227,1248,train-task2-TC.labels
780787440,Doubt,1703,1809,train-task2-TC.labels
780787440,Doubt,1845,1910,train-task2-TC.labels
780787440,Loaded_Language,2110,2135,train-task2-TC.labels
780787440,"Exaggeration,Minimisation",2439,2522,train-task2-TC.labels
780787440,Doubt,2951,3087,train-task2-TC.labels
780787440,Loaded_Language,3501,3507,train-task2-TC.labels
780787440,Appeal_to_Authority,3740,4317,train-task2-TC.labels
780787440,Doubt,4085,4285,train-task2-TC.labels
780787440,Appeal_to_fear-prejudice,1153,1404,train-task2-TC.labels
780787440,Doubt,3824,3919,train-task2-TC.labels
780787440,Loaded_Language,3959,3966,train-task2-TC.labels
781577820,Doubt,470,494,train-task2-TC.labels
781577820,Loaded_Language,554,561,train-task2-TC.labels
781577820,Loaded_Language,731,741,train-task2-TC.labels
781577820,Loaded_Language,14,25,train-task2-TC.labels
781577820,"Exaggeration,Minimisation",1642,1679,train-task2-TC.labels
781577820,Doubt,163,190,train-task2-TC.labels
781577820,"Name_Calling,Labeling",215,246,train-task2-TC.labels
781577820,Loaded_Language,274,302,train-task2-TC.labels
781577820,Doubt,589,661,train-task2-TC.labels
781577820,"Exaggeration,Minimisation",968,1028,train-task2-TC.labels
781577820,"Exaggeration,Minimisation",1485,1608,train-task2-TC.labels
781577820,Flag-Waving,1031,1218,train-task2-TC.labels
781577820,Flag-Waving,1476,1608,train-task2-TC.labels
781768042,Loaded_Language,460,471,train-task2-TC.labels
781768042,Loaded_Language,7029,7044,train-task2-TC.labels
781768042,Loaded_Language,7079,7098,train-task2-TC.labels
781768042,"Name_Calling,Labeling",10249,10311,train-task2-TC.labels
781768042,"Name_Calling,Labeling",4963,4971,train-task2-TC.labels
781768042,"Name_Calling,Labeling",5923,6076,train-task2-TC.labels
781768042,"Name_Calling,Labeling",6255,6266,train-task2-TC.labels
781768042,Doubt,11503,11705,train-task2-TC.labels
781768042,Causal_Oversimplification,0,108,train-task2-TC.labels
781768042,"Name_Calling,Labeling",98,108,train-task2-TC.labels
781768042,Loaded_Language,112,126,train-task2-TC.labels
781768042,Loaded_Language,173,210,train-task2-TC.labels
781768042,Doubt,238,360,train-task2-TC.labels
781768042,Appeal_to_fear-prejudice,727,770,train-task2-TC.labels
781768042,Doubt,382,597,train-task2-TC.labels
781768042,"Name_Calling,Labeling",2681,2691,train-task2-TC.labels
781768042,"Name_Calling,Labeling",2662,2675,train-task2-TC.labels
781768042,"Name_Calling,Labeling",2721,2730,train-task2-TC.labels
781768042,Repetition,2809,2818,train-task2-TC.labels
781768042,"Name_Calling,Labeling",2892,2905,train-task2-TC.labels
781768042,Repetition,2911,2921,train-task2-TC.labels
781768042,"Name_Calling,Labeling",2932,2945,train-task2-TC.labels
781768042,"Name_Calling,Labeling",2959,2969,train-task2-TC.labels
781768042,"Name_Calling,Labeling",3085,3094,train-task2-TC.labels
781768042,"Name_Calling,Labeling",3326,3335,train-task2-TC.labels
781768042,Loaded_Language,4699,4732,train-task2-TC.labels
781768042,Loaded_Language,4972,4998,train-task2-TC.labels
781768042,Loaded_Language,5533,5589,train-task2-TC.labels
781768042,Loaded_Language,6149,6167,train-task2-TC.labels
781768042,Loaded_Language,6346,6400,train-task2-TC.labels
781768042,Loaded_Language,6785,6854,train-task2-TC.labels
781768042,Causal_Oversimplification,7046,7169,train-task2-TC.labels
781768042,Causal_Oversimplification,7261,7377,train-task2-TC.labels
781768042,"Name_Calling,Labeling",7411,7420,train-task2-TC.labels
781768042,Repetition,8553,8562,train-task2-TC.labels
781768042,"Name_Calling,Labeling",9062,9099,train-task2-TC.labels
781768042,Loaded_Language,10840,10869,train-task2-TC.labels
781768042,"Name_Calling,Labeling",11255,11307,train-task2-TC.labels
781768042,Loaded_Language,11333,11353,train-task2-TC.labels
781768042,Loaded_Language,11802,11855,train-task2-TC.labels
781768042,Doubt,9062,9438,train-task2-TC.labels
781768042,Doubt,10346,10762,train-task2-TC.labels
781768042,Doubt,10765,10929,train-task2-TC.labels
781768042,Doubt,10931,11420,train-task2-TC.labels
781768042,Doubt,11423,11501,train-task2-TC.labels
781768042,Doubt,11707,11947,train-task2-TC.labels
781768042,Causal_Oversimplification,11987,12104,train-task2-TC.labels
781768042,"Name_Calling,Labeling",12069,12082,train-task2-TC.labels
781768042,"Name_Calling,Labeling",12131,12141,train-task2-TC.labels
781768042,Doubt,12322,12401,train-task2-TC.labels
781768042,Loaded_Language,12365,12401,train-task2-TC.labels
781768042,Causal_Oversimplification,12449,12526,train-task2-TC.labels
781768042,Doubt,7516,7650,train-task2-TC.labels
781768042,Flag-Waving,10346,10527,train-task2-TC.labels
781768042,Flag-Waving,11857,11947,train-task2-TC.labels
781847297,"Whataboutism,Straw_Men,Red_Herring",419,485,train-task2-TC.labels
781847297,Loaded_Language,835,850,train-task2-TC.labels
781847297,Loaded_Language,205,224,train-task2-TC.labels
781847297,"Name_Calling,Labeling",1057,1075,train-task2-TC.labels
781847297,"Exaggeration,Minimisation",1659,1675,train-task2-TC.labels
781847297,"Name_Calling,Labeling",1502,1520,train-task2-TC.labels
781847297,"Exaggeration,Minimisation",82,116,train-task2-TC.labels
781847297,Doubt,313,416,train-task2-TC.labels
781847297,Doubt,639,670,train-task2-TC.labels
781847297,Loaded_Language,1408,1426,train-task2-TC.labels
781847297,"Name_Calling,Labeling",1652,1656,train-task2-TC.labels
782017101,Loaded_Language,1282,1289,train-task2-TC.labels
782017101,Loaded_Language,1453,1461,train-task2-TC.labels
782017101,Loaded_Language,6893,6901,train-task2-TC.labels
782017101,Loaded_Language,7156,7178,train-task2-TC.labels
782017101,Loaded_Language,1690,1697,train-task2-TC.labels
782017101,"Name_Calling,Labeling",3309,3321,train-task2-TC.labels
782017101,Loaded_Language,229,239,train-task2-TC.labels
782017101,Loaded_Language,253,261,train-task2-TC.labels
782017101,Loaded_Language,1149,1157,train-task2-TC.labels
782017101,Causal_Oversimplification,2333,2370,train-task2-TC.labels
782017101,Loaded_Language,5633,5662,train-task2-TC.labels
782017101,Loaded_Language,6583,6599,train-task2-TC.labels
782017101,Black-and-White_Fallacy,263,321,train-task2-TC.labels
782017101,"Name_Calling,Labeling",560,580,train-task2-TC.labels
782017101,"Name_Calling,Labeling",2253,2262,train-task2-TC.labels
782017101,Loaded_Language,5285,5302,train-task2-TC.labels
782017101,"Name_Calling,Labeling",5753,5769,train-task2-TC.labels
782017101,Repetition,7450,7480,train-task2-TC.labels
782017101,Slogans,7573,7580,train-task2-TC.labels
782086447,Loaded_Language,7126,7137,train-task2-TC.labels
782086447,Loaded_Language,19791,19802,train-task2-TC.labels
782086447,Loaded_Language,6339,6345,train-task2-TC.labels
782086447,Loaded_Language,7117,7124,train-task2-TC.labels
782086447,Loaded_Language,19751,19771,train-task2-TC.labels
782086447,Loaded_Language,40294,40304,train-task2-TC.labels
782086447,Loaded_Language,21756,21769,train-task2-TC.labels
782086447,Loaded_Language,21780,21787,train-task2-TC.labels
782086447,Loaded_Language,29196,29217,train-task2-TC.labels
782086447,Repetition,39495,39511,train-task2-TC.labels
782086447,Loaded_Language,117,123,train-task2-TC.labels
782086447,Loaded_Language,247,257,train-task2-TC.labels
782086447,Loaded_Language,2005,2015,train-task2-TC.labels
782086447,Loaded_Language,2228,2240,train-task2-TC.labels
782086447,Loaded_Language,2645,2664,train-task2-TC.labels
782086447,Loaded_Language,10594,10610,train-task2-TC.labels
782086447,Loaded_Language,10932,10958,train-task2-TC.labels
782086447,Loaded_Language,11592,11602,train-task2-TC.labels
782086447,Loaded_Language,21957,21965,train-task2-TC.labels
782086447,Loaded_Language,26848,26858,train-task2-TC.labels
782086447,Loaded_Language,30672,30678,train-task2-TC.labels
782086447,Loaded_Language,40268,40286,train-task2-TC.labels
782086447,"Name_Calling,Labeling",41236,41243,train-task2-TC.labels
782086447,Appeal_to_fear-prejudice,913,979,train-task2-TC.labels
782086447,Loaded_Language,2346,2356,train-task2-TC.labels
782086447,Loaded_Language,2676,2693,train-task2-TC.labels
782086447,Repetition,2897,2904,train-task2-TC.labels
782086447,Loaded_Language,5039,5063,train-task2-TC.labels
782086447,Loaded_Language,8923,8930,train-task2-TC.labels
782086447,Loaded_Language,13636,13650,train-task2-TC.labels
782086447,Loaded_Language,24320,24330,train-task2-TC.labels
782086447,Loaded_Language,30487,30500,train-task2-TC.labels
782086447,Loaded_Language,30891,30913,train-task2-TC.labels
782086447,Loaded_Language,35346,35355,train-task2-TC.labels
782086447,Loaded_Language,37049,37059,train-task2-TC.labels
782086447,Loaded_Language,37308,37323,train-task2-TC.labels
782086447,"Exaggeration,Minimisation",38123,38138,train-task2-TC.labels
782086447,Loaded_Language,38139,38155,train-task2-TC.labels
782086447,Slogans,39477,39493,train-task2-TC.labels
782086447,Loaded_Language,40148,40164,train-task2-TC.labels
782086447,Loaded_Language,40423,40429,train-task2-TC.labels
782086447,Repetition,42861,42872,train-task2-TC.labels
782086447,Repetition,42927,42938,train-task2-TC.labels
782149225,Loaded_Language,253,287,train-task2-TC.labels
782149225,Loaded_Language,472,485,train-task2-TC.labels
782149225,Flag-Waving,314,470,train-task2-TC.labels
782149225,Flag-Waving,573,973,train-task2-TC.labels
782149225,Loaded_Language,1561,1580,train-task2-TC.labels
782149225,Loaded_Language,1705,1754,train-task2-TC.labels
782149225,"Name_Calling,Labeling",3068,3181,train-task2-TC.labels
782149225,"Bandwagon,Reductio_ad_hitlerum",4561,4757,train-task2-TC.labels
782149225,"Name_Calling,Labeling",5057,5070,train-task2-TC.labels
782149225,Appeal_to_fear-prejudice,5073,5222,train-task2-TC.labels
782149225,"Name_Calling,Labeling",1616,1648,train-task2-TC.labels
782149225,Loaded_Language,3156,3165,train-task2-TC.labels
783702663,Loaded_Language,886,905,train-task2-TC.labels
783702663,Loaded_Language,1134,1181,train-task2-TC.labels
783702663,"Name_Calling,Labeling",1957,1974,train-task2-TC.labels
783702663,Loaded_Language,2799,2861,train-task2-TC.labels
783702663,Black-and-White_Fallacy,3189,3303,train-task2-TC.labels
783702663,Loaded_Language,5092,5149,train-task2-TC.labels
783702663,"Name_Calling,Labeling",6681,6716,train-task2-TC.labels
783702663,"Name_Calling,Labeling",7073,7126,train-task2-TC.labels
783702663,Appeal_to_fear-prejudice,7449,7626,train-task2-TC.labels
783702663,Loaded_Language,9381,9396,train-task2-TC.labels
783702663,Loaded_Language,9500,9531,train-task2-TC.labels
783702663,Loaded_Language,9548,9613,train-task2-TC.labels
783702663,Appeal_to_Authority,10688,10895,train-task2-TC.labels
783702663,Appeal_to_Authority,11247,11501,train-task2-TC.labels
783702663,Appeal_to_Authority,11506,11702,train-task2-TC.labels
783702663,Doubt,12390,12552,train-task2-TC.labels
783702663,"Name_Calling,Labeling",14791,14829,train-task2-TC.labels
783702663,"Name_Calling,Labeling",15209,15232,train-task2-TC.labels
783702663,Loaded_Language,15536,15557,train-task2-TC.labels
783702663,"Name_Calling,Labeling",15722,15754,train-task2-TC.labels
783702663,"Name_Calling,Labeling",18709,18726,train-task2-TC.labels
783702663,"Name_Calling,Labeling",18759,18770,train-task2-TC.labels
783702663,Loaded_Language,18791,18808,train-task2-TC.labels
783702663,"Name_Calling,Labeling",22136,22159,train-task2-TC.labels
783702663,Loaded_Language,24519,24555,train-task2-TC.labels
783702663,Slogans,29165,29189,train-task2-TC.labels
783702663,Loaded_Language,29621,29644,train-task2-TC.labels
783702663,Loaded_Language,30190,30230,train-task2-TC.labels
783702663,Loaded_Language,33077,33099,train-task2-TC.labels
783702663,Doubt,33818,33977,train-task2-TC.labels
783702663,Loaded_Language,34116,34136,train-task2-TC.labels
783702663,Loaded_Language,34151,34167,train-task2-TC.labels
783702663,Doubt,3568,3733,train-task2-TC.labels
783702663,Loaded_Language,5271,5287,train-task2-TC.labels
783702663,Loaded_Language,5539,5559,train-task2-TC.labels
783702663,"Whataboutism,Straw_Men,Red_Herring",8097,8164,train-task2-TC.labels
783702663,Doubt,9010,9121,train-task2-TC.labels
783702663,"Name_Calling,Labeling",17407,17437,train-task2-TC.labels
783702663,Appeal_to_fear-prejudice,23605,23830,train-task2-TC.labels
783702663,Loaded_Language,28842,28862,train-task2-TC.labels
783702663,Causal_Oversimplification,40191,40629,train-task2-TC.labels
783702663,Repetition,47145,47240,train-task2-TC.labels
783702663,Loaded_Language,26,49,train-task2-TC.labels
783702663,Appeal_to_Authority,2268,2375,train-task2-TC.labels
783702663,"Name_Calling,Labeling",2050,2071,train-task2-TC.labels
783702663,Doubt,2082,2266,train-task2-TC.labels
783702663,"Exaggeration,Minimisation",2714,2737,train-task2-TC.labels
783702663,Loaded_Language,3081,3113,train-task2-TC.labels
783702663,Loaded_Language,2925,2968,train-task2-TC.labels
783702663,"Name_Calling,Labeling",3697,3733,train-task2-TC.labels
783702663,"Name_Calling,Labeling",3761,3797,train-task2-TC.labels
783702663,"Name_Calling,Labeling",3904,3916,train-task2-TC.labels
783702663,Loaded_Language,3959,3997,train-task2-TC.labels
783702663,Loaded_Language,4167,4224,train-task2-TC.labels
783702663,"Exaggeration,Minimisation",4252,4277,train-task2-TC.labels
783702663,"Name_Calling,Labeling",5291,5314,train-task2-TC.labels
783702663,"Exaggeration,Minimisation",5585,5624,train-task2-TC.labels
783702663,Doubt,5414,5624,train-task2-TC.labels
783702663,Appeal_to_fear-prejudice,5780,6010,train-task2-TC.labels
783702663,Loaded_Language,6047,6055,train-task2-TC.labels
783702663,Slogans,6236,6254,train-task2-TC.labels
783702663,Repetition,6323,6335,train-task2-TC.labels
783702663,Loaded_Language,6511,6527,train-task2-TC.labels
783702663,Loaded_Language,6779,6786,train-task2-TC.labels
783702663,Doubt,6891,6960,train-task2-TC.labels
783702663,Loaded_Language,7199,7210,train-task2-TC.labels
783702663,"Exaggeration,Minimisation",7886,7905,train-task2-TC.labels
783702663,Causal_Oversimplification,7704,7905,train-task2-TC.labels
783702663,Loaded_Language,8068,8094,train-task2-TC.labels
783702663,Doubt,8314,8369,train-task2-TC.labels
783702663,Loaded_Language,8440,8457,train-task2-TC.labels
783702663,"Exaggeration,Minimisation",8871,8924,train-task2-TC.labels
783702663,"Exaggeration,Minimisation",9215,9252,train-task2-TC.labels
783702663,"Name_Calling,Labeling",9432,9466,train-task2-TC.labels
783702663,Doubt,9774,9818,train-task2-TC.labels
783702663,"Name_Calling,Labeling",9820,9852,train-task2-TC.labels
783702663,Loaded_Language,9885,9893,train-task2-TC.labels
783702663,Appeal_to_Authority,9951,10100,train-task2-TC.labels
783702663,Thought-terminating_Cliches,10090,10100,train-task2-TC.labels
783702663,Appeal_to_Authority,10947,11164,train-task2-TC.labels
783702663,Loaded_Language,11091,11119,train-task2-TC.labels
783702663,"Exaggeration,Minimisation",11637,11667,train-task2-TC.labels
783702663,Appeal_to_Authority,11731,11877,train-task2-TC.labels
783702663,"Name_Calling,Labeling",11904,11967,train-task2-TC.labels
783702663,"Name_Calling,Labeling",13659,13719,train-task2-TC.labels
783702663,Loaded_Language,13735,13781,train-task2-TC.labels
783702663,Causal_Oversimplification,13518,13641,train-task2-TC.labels
783702663,"Name_Calling,Labeling",14013,14038,train-task2-TC.labels
783702663,Loaded_Language,14261,14295,train-task2-TC.labels
783702663,Loaded_Language,14642,14683,train-task2-TC.labels
783702663,Loaded_Language,14710,14749,train-task2-TC.labels
783702663,Loaded_Language,14950,14972,train-task2-TC.labels
783702663,Doubt,15115,15186,train-task2-TC.labels
783702663,Loaded_Language,15654,15666,train-task2-TC.labels
783702663,Doubt,15952,16007,train-task2-TC.labels
783702663,"Exaggeration,Minimisation",16012,16031,train-task2-TC.labels
783702663,Loaded_Language,16802,16842,train-task2-TC.labels
783702663,"Exaggeration,Minimisation",16865,16958,train-task2-TC.labels
783702663,Loaded_Language,17351,17366,train-task2-TC.labels
783702663,"Name_Calling,Labeling",17370,17399,train-task2-TC.labels
783702663,Loaded_Language,18078,18102,train-task2-TC.labels
783702663,Causal_Oversimplification,18354,18420,train-task2-TC.labels
783702663,"Name_Calling,Labeling",19166,19196,train-task2-TC.labels
783702663,Loaded_Language,19735,19833,train-task2-TC.labels
783702663,"Name_Calling,Labeling",20065,20097,train-task2-TC.labels
783702663,Loaded_Language,20165,20189,train-task2-TC.labels
783702663,Doubt,20296,20354,train-task2-TC.labels
783702663,"Name_Calling,Labeling",20423,20449,train-task2-TC.labels
783702663,Loaded_Language,20554,20568,train-task2-TC.labels
783702663,"Name_Calling,Labeling",20589,20619,train-task2-TC.labels
783702663,Doubt,20466,20660,train-task2-TC.labels
783702663,Loaded_Language,20662,20679,train-task2-TC.labels
783702663,Loaded_Language,20753,20765,train-task2-TC.labels
783702663,"Name_Calling,Labeling",20774,20796,train-task2-TC.labels
783702663,Loaded_Language,20923,20938,train-task2-TC.labels
783702663,"Name_Calling,Labeling",20895,20922,train-task2-TC.labels
783702663,Appeal_to_fear-prejudice,21246,21515,train-task2-TC.labels
783702663,"Name_Calling,Labeling",21293,21315,train-task2-TC.labels
783702663,Loaded_Language,21355,21378,train-task2-TC.labels
783702663,"Name_Calling,Labeling",21384,21409,train-task2-TC.labels
783702663,Loaded_Language,21422,21515,train-task2-TC.labels
783702663,"Name_Calling,Labeling",21524,21560,train-task2-TC.labels
783702663,"Name_Calling,Labeling",21638,21701,train-task2-TC.labels
783702663,"Name_Calling,Labeling",21907,21959,train-task2-TC.labels
783702663,"Name_Calling,Labeling",22579,22643,train-task2-TC.labels
783702663,Loaded_Language,22692,22714,train-task2-TC.labels
783702663,Repetition,23021,23037,train-task2-TC.labels
783702663,Loaded_Language,23085,23127,train-task2-TC.labels
783702663,"Name_Calling,Labeling",23358,23510,train-task2-TC.labels
783702663,"Name_Calling,Labeling",23580,23596,train-task2-TC.labels
783702663,"Exaggeration,Minimisation",23674,23765,train-task2-TC.labels
783702663,Loaded_Language,23845,23869,train-task2-TC.labels
783702663,"Name_Calling,Labeling",23940,23995,train-task2-TC.labels
783702663,"Exaggeration,Minimisation",23929,23995,train-task2-TC.labels
783702663,"Name_Calling,Labeling",24612,24642,train-task2-TC.labels
783702663,"Name_Calling,Labeling",24671,24695,train-task2-TC.labels
783702663,Loaded_Language,25357,25376,train-task2-TC.labels
783702663,Loaded_Language,25679,25708,train-task2-TC.labels
783702663,Loaded_Language,25770,25795,train-task2-TC.labels
783702663,"Name_Calling,Labeling",25913,25926,train-task2-TC.labels
783702663,"Exaggeration,Minimisation",26507,26533,train-task2-TC.labels
783702663,Loaded_Language,27574,27598,train-task2-TC.labels
783702663,"Exaggeration,Minimisation",27601,27725,train-task2-TC.labels
783702663,Loaded_Language,27843,27872,train-task2-TC.labels
783702663,Repetition,27862,27872,train-task2-TC.labels
783702663,Appeal_to_Authority,27888,28217,train-task2-TC.labels
783702663,Loaded_Language,28372,28499,train-task2-TC.labels
783702663,Loaded_Language,29144,29162,train-task2-TC.labels
783702663,Loaded_Language,29897,29916,train-task2-TC.labels
783702663,Loaded_Language,30241,30248,train-task2-TC.labels
783702663,"Name_Calling,Labeling",30594,30612,train-task2-TC.labels
783702663,"Name_Calling,Labeling",30852,30872,train-task2-TC.labels
783702663,"Name_Calling,Labeling",30931,30967,train-task2-TC.labels
783702663,Causal_Oversimplification,30701,30900,train-task2-TC.labels
783702663,Loaded_Language,31205,31218,train-task2-TC.labels
783702663,"Name_Calling,Labeling",31410,31438,train-task2-TC.labels
783702663,Causal_Oversimplification,31142,31280,train-task2-TC.labels
783702663,Causal_Oversimplification,31586,31656,train-task2-TC.labels
783702663,Loaded_Language,31756,31781,train-task2-TC.labels
783702663,Loaded_Language,31850,31873,train-task2-TC.labels
783702663,"Name_Calling,Labeling",31911,31946,train-task2-TC.labels
783702663,Loaded_Language,32155,32196,train-task2-TC.labels
783702663,Loaded_Language,32894,32959,train-task2-TC.labels
783702663,Loaded_Language,33129,33156,train-task2-TC.labels
783702663,Doubt,34719,34815,train-task2-TC.labels
783702663,Doubt,35182,35214,train-task2-TC.labels
783702663,"Exaggeration,Minimisation",35664,35814,train-task2-TC.labels
783702663,"Name_Calling,Labeling",35682,35739,train-task2-TC.labels
783702663,"Name_Calling,Labeling",35774,35814,train-task2-TC.labels
783702663,"Name_Calling,Labeling",35872,36008,train-task2-TC.labels
783702663,Appeal_to_Authority,36086,36449,train-task2-TC.labels
783702663,Loaded_Language,36648,36684,train-task2-TC.labels
783702663,Loaded_Language,37069,37101,train-task2-TC.labels
783702663,Loaded_Language,37193,37232,train-task2-TC.labels
783702663,Loaded_Language,37486,37576,train-task2-TC.labels
783702663,Loaded_Language,37819,37855,train-task2-TC.labels
783702663,Causal_Oversimplification,37874,38077,train-task2-TC.labels
783702663,"Name_Calling,Labeling",38570,38665,train-task2-TC.labels
783702663,"Name_Calling,Labeling",38762,38802,train-task2-TC.labels
783702663,Black-and-White_Fallacy,39084,39201,train-task2-TC.labels
783702663,"Exaggeration,Minimisation",39734,39790,train-task2-TC.labels
783702663,Loaded_Language,39978,40056,train-task2-TC.labels
783702663,Causal_Oversimplification,39952,40189,train-task2-TC.labels
783702663,"Exaggeration,Minimisation",40500,40629,train-task2-TC.labels
783702663,"Name_Calling,Labeling",40668,40693,train-task2-TC.labels
783702663,"Bandwagon,Reductio_ad_hitlerum",40750,41110,train-task2-TC.labels
783702663,Loaded_Language,41090,41110,train-task2-TC.labels
783702663,Loaded_Language,41371,41386,train-task2-TC.labels
783702663,"Name_Calling,Labeling",41478,41496,train-task2-TC.labels
783702663,"Exaggeration,Minimisation",41466,41543,train-task2-TC.labels
783702663,Loaded_Language,41648,41664,train-task2-TC.labels
783702663,"Name_Calling,Labeling",41769,41788,train-task2-TC.labels
783702663,Loaded_Language,41790,41826,train-task2-TC.labels
783702663,"Name_Calling,Labeling",42660,42701,train-task2-TC.labels
783702663,Loaded_Language,43870,43891,train-task2-TC.labels
783702663,Loaded_Language,44153,44273,train-task2-TC.labels
783702663,Loaded_Language,46117,46145,train-task2-TC.labels
783702663,Loaded_Language,46305,46328,train-task2-TC.labels
783702663,Loaded_Language,46478,46554,train-task2-TC.labels
783702663,Loaded_Language,46655,46673,train-task2-TC.labels
783702663,Causal_Oversimplification,46620,46760,train-task2-TC.labels
783702663,"Exaggeration,Minimisation",46813,46852,train-task2-TC.labels
783702663,Loaded_Language,46902,46948,train-task2-TC.labels
783702663,Loaded_Language,47108,47126,train-task2-TC.labels
783702663,Loaded_Language,47271,47306,train-task2-TC.labels
783702663,"Name_Calling,Labeling",47332,47391,train-task2-TC.labels
783702663,Causal_Oversimplification,6013,6234,train-task2-TC.labels
783702663,"Name_Calling,Labeling",6964,7010,train-task2-TC.labels
783702663,Appeal_to_Authority,8045,8094,train-task2-TC.labels
783702663,"Exaggeration,Minimisation",10344,10372,train-task2-TC.labels
783702663,Loaded_Language,24371,24386,train-task2-TC.labels
783702663,Loaded_Language,25545,25559,train-task2-TC.labels
783702663,Loaded_Language,29256,29266,train-task2-TC.labels
783702663,"Name_Calling,Labeling",29714,29724,train-task2-TC.labels
783702663,Doubt,31311,31349,train-task2-TC.labels
783702663,Doubt,31572,31946,train-task2-TC.labels
783702663,Doubt,31948,32272,train-task2-TC.labels
783702663,Appeal_to_Authority,39397,39470,train-task2-TC.labels
783702663,Doubt,39700,39919,train-task2-TC.labels
783702663,Loaded_Language,41525,41536,train-task2-TC.labels
783702663,Doubt,45187,45317,train-task2-TC.labels
785801366,Loaded_Language,1622,1644,train-task2-TC.labels
785801366,"Name_Calling,Labeling",2830,2853,train-task2-TC.labels
785801366,Loaded_Language,4245,4269,train-task2-TC.labels
785801366,Loaded_Language,4563,4568,train-task2-TC.labels
785801366,Loaded_Language,7108,7131,train-task2-TC.labels
785801366,Loaded_Language,8174,8192,train-task2-TC.labels
785801366,Loaded_Language,8212,8241,train-task2-TC.labels
785801366,Loaded_Language,8977,9022,train-task2-TC.labels
785801366,Loaded_Language,4589,4606,train-task2-TC.labels
785801366,"Exaggeration,Minimisation",178,205,train-task2-TC.labels
785801366,"Name_Calling,Labeling",234,245,train-task2-TC.labels
785801366,Loaded_Language,502,525,train-task2-TC.labels
785801366,"Name_Calling,Labeling",543,559,train-task2-TC.labels
785801366,"Name_Calling,Labeling",756,791,train-task2-TC.labels
785801366,Loaded_Language,830,869,train-task2-TC.labels
785801366,"Name_Calling,Labeling",1532,1545,train-task2-TC.labels
785801366,Flag-Waving,1693,1868,train-task2-TC.labels
785801366,"Name_Calling,Labeling",1973,1982,train-task2-TC.labels
785801366,"Name_Calling,Labeling",2078,2107,train-task2-TC.labels
785801366,Repetition,2158,2167,train-task2-TC.labels
785801366,Doubt,1919,2050,train-task2-TC.labels
785801366,"Name_Calling,Labeling",2158,2185,train-task2-TC.labels
785801366,Loaded_Language,2267,2291,train-task2-TC.labels
785801366,"Exaggeration,Minimisation",2441,2468,train-task2-TC.labels
785801366,Loaded_Language,2540,2563,train-task2-TC.labels
785801366,"Name_Calling,Labeling",2595,2605,train-task2-TC.labels
785801366,"Whataboutism,Straw_Men,Red_Herring",2609,2661,train-task2-TC.labels
785801366,Repetition,2757,2775,train-task2-TC.labels
785801366,Causal_Oversimplification,2855,2941,train-task2-TC.labels
785801366,Loaded_Language,2978,3024,train-task2-TC.labels
785801366,Loaded_Language,3332,3371,train-task2-TC.labels
785801366,Appeal_to_Authority,3435,3609,train-task2-TC.labels
785801366,"Name_Calling,Labeling",3636,3662,train-task2-TC.labels
785801366,"Name_Calling,Labeling",3738,3760,train-task2-TC.labels
785801366,Loaded_Language,3716,3725,train-task2-TC.labels
785801366,"Name_Calling,Labeling",3828,3837,train-task2-TC.labels
785801366,Appeal_to_Authority,3939,4427,train-task2-TC.labels
785801366,Loaded_Language,4391,4409,train-task2-TC.labels
785801366,Appeal_to_Authority,4570,4710,train-task2-TC.labels
785801366,"Name_Calling,Labeling",4966,4999,train-task2-TC.labels
785801366,"Name_Calling,Labeling",5275,5286,train-task2-TC.labels
785801366,Repetition,5645,5658,train-task2-TC.labels
785801366,"Name_Calling,Labeling",5765,5772,train-task2-TC.labels
785801366,Repetition,5990,6001,train-task2-TC.labels
785801366,"Name_Calling,Labeling",6434,6461,train-task2-TC.labels
785801366,Loaded_Language,6549,6588,train-task2-TC.labels
785801366,"Name_Calling,Labeling",6717,6726,train-task2-TC.labels
785801366,Appeal_to_Authority,6629,6655,train-task2-TC.labels
785801366,"Name_Calling,Labeling",7162,7179,train-task2-TC.labels
785801366,Flag-Waving,7501,7576,train-task2-TC.labels
785801366,"Name_Calling,Labeling",7600,7632,train-task2-TC.labels
785801366,"Name_Calling,Labeling",7722,7773,train-task2-TC.labels
785801366,"Name_Calling,Labeling",7812,7832,train-task2-TC.labels
785801366,Black-and-White_Fallacy,7892,7927,train-task2-TC.labels
785801366,"Exaggeration,Minimisation",8385,8432,train-task2-TC.labels
785801366,Loaded_Language,8736,8753,train-task2-TC.labels
785801366,Loaded_Language,8780,8788,train-task2-TC.labels
785801366,"Name_Calling,Labeling",8823,8862,train-task2-TC.labels
785801366,Loaded_Language,8892,8912,train-task2-TC.labels
785801366,"Name_Calling,Labeling",8926,8950,train-task2-TC.labels
785801366,Loaded_Language,9054,9078,train-task2-TC.labels
785801366,"Name_Calling,Labeling",9082,9102,train-task2-TC.labels
785801366,"Name_Calling,Labeling",9122,9129,train-task2-TC.labels
785801366,Loaded_Language,182,205,train-task2-TC.labels
785801366,Appeal_to_fear-prejudice,1683,1868,train-task2-TC.labels
785801366,Slogans,2198,2226,train-task2-TC.labels
785801366,Slogans,2230,2258,train-task2-TC.labels
785801366,Flag-Waving,2470,2703,train-task2-TC.labels
785801366,Slogans,2948,2976,train-task2-TC.labels
785801366,Slogans,3686,3714,train-task2-TC.labels
786250729,"Exaggeration,Minimisation",1895,1905,train-task2-TC.labels
786250729,"Name_Calling,Labeling",2886,2916,train-task2-TC.labels
786250729,"Name_Calling,Labeling",631,649,train-task2-TC.labels
786250729,"Name_Calling,Labeling",44,60,train-task2-TC.labels
786250729,Loaded_Language,1014,1050,train-task2-TC.labels
786250729,"Exaggeration,Minimisation",1129,1152,train-task2-TC.labels
786250729,Loaded_Language,1267,1308,train-task2-TC.labels
786250729,Loaded_Language,1468,1507,train-task2-TC.labels
786250729,Repetition,1473,1656,train-task2-TC.labels
786250729,Repetition,1764,1770,train-task2-TC.labels
786250729,"Name_Calling,Labeling",2934,2946,train-task2-TC.labels
786250729,"Exaggeration,Minimisation",3166,3187,train-task2-TC.labels
786250729,"Exaggeration,Minimisation",3208,3257,train-task2-TC.labels
786250729,Causal_Oversimplification,121,237,train-task2-TC.labels
786344683,"Name_Calling,Labeling",1431,1449,train-task2-TC.labels
786344683,Loaded_Language,1599,1613,train-task2-TC.labels
786344683,"Name_Calling,Labeling",1630,1646,train-task2-TC.labels
786344683,Doubt,6165,6272,train-task2-TC.labels
786344683,Loaded_Language,73,127,train-task2-TC.labels
786344683,"Name_Calling,Labeling",262,280,train-task2-TC.labels
786344683,Loaded_Language,726,768,train-task2-TC.labels
786344683,"Exaggeration,Minimisation",843,870,train-task2-TC.labels
786344683,Loaded_Language,985,994,train-task2-TC.labels
786344683,"Name_Calling,Labeling",1572,1593,train-task2-TC.labels
786344683,"Exaggeration,Minimisation",1681,1743,train-task2-TC.labels
786344683,"Exaggeration,Minimisation",2208,2218,train-task2-TC.labels
786344683,Loaded_Language,2291,2308,train-task2-TC.labels
786344683,Loaded_Language,3347,3360,train-task2-TC.labels
786344683,Appeal_to_Authority,5025,5073,train-task2-TC.labels
786344683,Loaded_Language,6014,6031,train-task2-TC.labels
786344683,Doubt,2366,2431,train-task2-TC.labels
786527921,Doubt,827,898,train-task2-TC.labels
786527921,Loaded_Language,2176,2238,train-task2-TC.labels
786527921,Loaded_Language,2415,2440,train-task2-TC.labels
786527921,Loaded_Language,10665,10684,train-task2-TC.labels
786527921,"Name_Calling,Labeling",10713,10737,train-task2-TC.labels
786527921,Slogans,11260,11284,train-task2-TC.labels
786527921,Slogans,11294,11311,train-task2-TC.labels
786527921,Doubt,12164,12267,train-task2-TC.labels
786527921,Loaded_Language,12385,12404,train-task2-TC.labels
786527921,"Name_Calling,Labeling",16221,16253,train-task2-TC.labels
786527921,"Name_Calling,Labeling",16530,16544,train-task2-TC.labels
786527921,"Exaggeration,Minimisation",5622,5643,train-task2-TC.labels
786527921,"Name_Calling,Labeling",10496,10512,train-task2-TC.labels
786527921,"Name_Calling,Labeling",12982,13017,train-task2-TC.labels
786527921,"Name_Calling,Labeling",1,16,train-task2-TC.labels
786527921,Loaded_Language,259,300,train-task2-TC.labels
786527921,Repetition,729,736,train-task2-TC.labels
786527921,"Name_Calling,Labeling",1281,1329,train-task2-TC.labels
786527921,"Name_Calling,Labeling",1465,1480,train-task2-TC.labels
786527921,"Name_Calling,Labeling",1881,1904,train-task2-TC.labels
786527921,Doubt,1955,2170,train-task2-TC.labels
786527921,"Name_Calling,Labeling",2753,2765,train-task2-TC.labels
786527921,"Exaggeration,Minimisation",3033,3065,train-task2-TC.labels
786527921,Appeal_to_Authority,5134,5376,train-task2-TC.labels
786527921,"Exaggeration,Minimisation",5247,5310,train-task2-TC.labels
786527921,"Name_Calling,Labeling",5787,5810,train-task2-TC.labels
786527921,Loaded_Language,6132,6149,train-task2-TC.labels
786527921,Repetition,6683,6695,train-task2-TC.labels
786527921,Causal_Oversimplification,6880,6908,train-task2-TC.labels
786527921,Loaded_Language,7032,7051,train-task2-TC.labels
786527921,"Name_Calling,Labeling",7482,7583,train-task2-TC.labels
786527921,"Name_Calling,Labeling",7598,7633,train-task2-TC.labels
786527921,Loaded_Language,8403,8449,train-task2-TC.labels
786527921,"Name_Calling,Labeling",8548,8566,train-task2-TC.labels
786527921,Repetition,7747,7771,train-task2-TC.labels
786527921,Repetition,8838,8856,train-task2-TC.labels
786527921,"Name_Calling,Labeling",8903,8923,train-task2-TC.labels
786527921,"Name_Calling,Labeling",9063,9078,train-task2-TC.labels
786527921,"Exaggeration,Minimisation",9859,9869,train-task2-TC.labels
786527921,Loaded_Language,9942,10004,train-task2-TC.labels
786527921,Slogans,10254,10267,train-task2-TC.labels
786527921,Flag-Waving,10920,10973,train-task2-TC.labels
786527921,"Name_Calling,Labeling",11506,11530,train-task2-TC.labels
786527921,"Name_Calling,Labeling",12856,12878,train-task2-TC.labels
786527921,Loaded_Language,12974,13022,train-task2-TC.labels
786527921,Loaded_Language,13029,13046,train-task2-TC.labels
786527921,Loaded_Language,13191,13235,train-task2-TC.labels
786527921,Loaded_Language,13589,13733,train-task2-TC.labels
786527921,Loaded_Language,13931,13982,train-task2-TC.labels
786527921,Loaded_Language,14062,14097,train-task2-TC.labels
786527921,Loaded_Language,14488,14500,train-task2-TC.labels
786527921,"Exaggeration,Minimisation",14505,14550,train-task2-TC.labels
786527921,"Name_Calling,Labeling",14918,14942,train-task2-TC.labels
786527921,Loaded_Language,15077,15112,train-task2-TC.labels
786527921,Loaded_Language,16017,16053,train-task2-TC.labels
786527921,"Name_Calling,Labeling",16104,16121,train-task2-TC.labels
786527921,"Name_Calling,Labeling",16130,16177,train-task2-TC.labels
786527921,"Exaggeration,Minimisation",16804,16827,train-task2-TC.labels
786527921,Slogans,16846,16868,train-task2-TC.labels
786527921,Loaded_Language,16919,16949,train-task2-TC.labels
786527921,Loaded_Language,8099,8114,train-task2-TC.labels
786527921,"Name_Calling,Labeling",9978,9992,train-task2-TC.labels
786527921,"Exaggeration,Minimisation",13029,13062,train-task2-TC.labels
786527921,Doubt,14149,14328,train-task2-TC.labels
786731884,Loaded_Language,1559,1626,train-task2-TC.labels
786731884,Loaded_Language,1733,1788,train-task2-TC.labels
786731884,Causal_Oversimplification,2238,2379,train-task2-TC.labels
786731884,Loaded_Language,4240,4258,train-task2-TC.labels
786731884,"Exaggeration,Minimisation",4441,4499,train-task2-TC.labels
786731884,Flag-Waving,3649,3693,train-task2-TC.labels
786731884,"Name_Calling,Labeling",4053,4079,train-task2-TC.labels
786731884,"Name_Calling,Labeling",30,44,train-task2-TC.labels
786731884,"Name_Calling,Labeling",218,237,train-task2-TC.labels
786731884,Loaded_Language,249,285,train-task2-TC.labels
786731884,"Name_Calling,Labeling",322,341,train-task2-TC.labels
786731884,"Name_Calling,Labeling",369,392,train-task2-TC.labels
786731884,Loaded_Language,430,473,train-task2-TC.labels
786731884,"Name_Calling,Labeling",513,534,train-task2-TC.labels
786731884,Loaded_Language,714,729,train-task2-TC.labels
786731884,"Name_Calling,Labeling",862,876,train-task2-TC.labels
786731884,Repetition,862,868,train-task2-TC.labels
786731884,"Name_Calling,Labeling",926,945,train-task2-TC.labels
786731884,Loaded_Language,957,993,train-task2-TC.labels
786731884,"Name_Calling,Labeling",1459,1482,train-task2-TC.labels
786731884,"Bandwagon,Reductio_ad_hitlerum",1611,1626,train-task2-TC.labels
786731884,"Name_Calling,Labeling",1670,1693,train-task2-TC.labels
786731884,"Exaggeration,Minimisation",2091,2136,train-task2-TC.labels
786731884,"Name_Calling,Labeling",2303,2319,train-task2-TC.labels
786731884,"Name_Calling,Labeling",2443,2459,train-task2-TC.labels
786731884,Loaded_Language,2487,2497,train-task2-TC.labels
786731884,"Name_Calling,Labeling",2501,2519,train-task2-TC.labels
786731884,Causal_Oversimplification,2462,2574,train-task2-TC.labels
786731884,Loaded_Language,2714,2758,train-task2-TC.labels
786731884,Loaded_Language,2775,2795,train-task2-TC.labels
786731884,"Name_Calling,Labeling",2799,2819,train-task2-TC.labels
786731884,Causal_Oversimplification,2822,2915,train-task2-TC.labels
786731884,"Name_Calling,Labeling",2857,2915,train-task2-TC.labels
786731884,Loaded_Language,3041,3051,train-task2-TC.labels
786731884,"Name_Calling,Labeling",3121,3141,train-task2-TC.labels
786731884,"Name_Calling,Labeling",3150,3165,train-task2-TC.labels
786731884,Loaded_Language,4278,4299,train-task2-TC.labels
786731884,Loaded_Language,4803,4825,train-task2-TC.labels
786731884,Loaded_Language,4847,4855,train-task2-TC.labels
786731884,"Name_Calling,Labeling",4890,4929,train-task2-TC.labels
786731884,Loaded_Language,2095,2107,train-task2-TC.labels
786731884,Appeal_to_Authority,3996,4079,train-task2-TC.labels
786731884,Appeal_to_Authority,4082,4169,train-task2-TC.labels
786919720,Loaded_Language,83,98,train-task2-TC.labels
786919720,Loaded_Language,4347,4364,train-task2-TC.labels
786919720,"Name_Calling,Labeling",4438,4459,train-task2-TC.labels
786919720,Flag-Waving,164,194,train-task2-TC.labels
786919720,"Whataboutism,Straw_Men,Red_Herring",282,672,train-task2-TC.labels
786919720,"Whataboutism,Straw_Men,Red_Herring",1158,1191,train-task2-TC.labels
786919720,Loaded_Language,3177,3195,train-task2-TC.labels
786919720,"Name_Calling,Labeling",4659,4682,train-task2-TC.labels
786919720,Appeal_to_fear-prejudice,4713,4804,train-task2-TC.labels
786919720,Loaded_Language,1146,1156,train-task2-TC.labels
786919720,Doubt,4526,4594,train-task2-TC.labels
787002327,Causal_Oversimplification,2110,2257,train-task2-TC.labels
787002327,Loaded_Language,2707,2728,train-task2-TC.labels
787002327,Loaded_Language,4104,4173,train-task2-TC.labels
787002327,Loaded_Language,4630,4648,train-task2-TC.labels
787002327,Loaded_Language,4710,4757,train-task2-TC.labels
787002327,"Name_Calling,Labeling",5606,5625,train-task2-TC.labels
787002327,"Name_Calling,Labeling",5916,5942,train-task2-TC.labels
787002327,"Name_Calling,Labeling",6166,6190,train-task2-TC.labels
787002327,Loaded_Language,6195,6208,train-task2-TC.labels
787002327,Appeal_to_fear-prejudice,6813,7147,train-task2-TC.labels
787002327,"Bandwagon,Reductio_ad_hitlerum",3152,3178,train-task2-TC.labels
787002327,"Name_Calling,Labeling",3557,3572,train-task2-TC.labels
787002327,"Name_Calling,Labeling",3582,3597,train-task2-TC.labels
787002327,"Name_Calling,Labeling",184,203,train-task2-TC.labels
787002327,Loaded_Language,215,251,train-task2-TC.labels
787002327,"Name_Calling,Labeling",288,307,train-task2-TC.labels
787002327,"Name_Calling,Labeling",363,386,train-task2-TC.labels
787002327,Loaded_Language,459,502,train-task2-TC.labels
787002327,"Name_Calling,Labeling",542,563,train-task2-TC.labels
787002327,Loaded_Language,682,705,train-task2-TC.labels
787002327,Causal_Oversimplification,838,1019,train-task2-TC.labels
787002327,"Exaggeration,Minimisation",1109,1160,train-task2-TC.labels
787002327,"Name_Calling,Labeling",1195,1219,train-task2-TC.labels
787002327,"Name_Calling,Labeling",1266,1285,train-task2-TC.labels
787002327,Loaded_Language,1356,1370,train-task2-TC.labels
787002327,"Name_Calling,Labeling",1471,1505,train-task2-TC.labels
787002327,"Name_Calling,Labeling",1801,1817,train-task2-TC.labels
787002327,Causal_Oversimplification,1709,1881,train-task2-TC.labels
787002327,"Name_Calling,Labeling",1961,1980,train-task2-TC.labels
787002327,"Exaggeration,Minimisation",2263,2357,train-task2-TC.labels
787002327,"Name_Calling,Labeling",2458,2492,train-task2-TC.labels
787002327,"Exaggeration,Minimisation",2867,2897,train-task2-TC.labels
787002327,"Name_Calling,Labeling",4007,4032,train-task2-TC.labels
787002327,Repetition,4019,4032,train-task2-TC.labels
787002327,"Name_Calling,Labeling",4193,4225,train-task2-TC.labels
787002327,Loaded_Language,4412,4433,train-task2-TC.labels
787002327,Loaded_Language,5243,5248,train-task2-TC.labels
787002327,"Name_Calling,Labeling",5252,5303,train-task2-TC.labels
787002327,Loaded_Language,5467,5544,train-task2-TC.labels
787002327,Flag-Waving,5508,5544,train-task2-TC.labels
787002327,"Exaggeration,Minimisation",5667,5770,train-task2-TC.labels
787002327,Loaded_Language,5908,5915,train-task2-TC.labels
787002327,Loaded_Language,6064,6087,train-task2-TC.labels
787002327,Loaded_Language,6460,6489,train-task2-TC.labels
787002327,Loaded_Language,6530,6548,train-task2-TC.labels
787002327,"Bandwagon,Reductio_ad_hitlerum",6739,6759,train-task2-TC.labels
787002327,Flag-Waving,6739,6811,train-task2-TC.labels
787002327,"Name_Calling,Labeling",6931,6948,train-task2-TC.labels
787002327,Loaded_Language,7092,7110,train-task2-TC.labels
787002327,"Bandwagon,Reductio_ad_hitlerum",7114,7130,train-task2-TC.labels
787002327,Flag-Waving,7149,7200,train-task2-TC.labels
787002327,Loaded_Language,2270,2288,train-task2-TC.labels
787002327,Doubt,3103,3203,train-task2-TC.labels
787142429,Loaded_Language,1150,1204,train-task2-TC.labels
787142429,Slogans,2735,2758,train-task2-TC.labels
787142429,Loaded_Language,1106,1123,train-task2-TC.labels
787142429,Appeal_to_Authority,2684,2815,train-task2-TC.labels
787529309,Loaded_Language,70,87,train-task2-TC.labels
787529309,Loaded_Language,288,319,train-task2-TC.labels
787529309,Loaded_Language,924,960,train-task2-TC.labels
787529309,Loaded_Language,2405,2430,train-task2-TC.labels
787529309,Loaded_Language,2694,2708,train-task2-TC.labels
787529309,Loaded_Language,3158,3173,train-task2-TC.labels
787529309,"Name_Calling,Labeling",8209,8231,train-task2-TC.labels
787529309,"Name_Calling,Labeling",8337,8365,train-task2-TC.labels
787529309,Loaded_Language,8567,8585,train-task2-TC.labels
787529309,Loaded_Language,8686,8710,train-task2-TC.labels
787529309,Causal_Oversimplification,9303,9384,train-task2-TC.labels
787529309,Loaded_Language,9661,9697,train-task2-TC.labels
787529309,Slogans,16,39,train-task2-TC.labels
787529309,Loaded_Language,5159,5195,train-task2-TC.labels
787529309,Slogans,323,346,train-task2-TC.labels
787529309,"Name_Calling,Labeling",2338,2356,train-task2-TC.labels
787529309,"Name_Calling,Labeling",5394,5414,train-task2-TC.labels
787529309,Doubt,6056,6347,train-task2-TC.labels
787529309,Appeal_to_Authority,6678,6784,train-task2-TC.labels
787529309,Loaded_Language,7626,7677,train-task2-TC.labels
787529309,Slogans,7814,7853,train-task2-TC.labels
787529309,Causal_Oversimplification,8200,8310,train-task2-TC.labels
787529309,Loaded_Language,2871,2876,train-task2-TC.labels
787529309,Doubt,9173,9282,train-task2-TC.labels
787668628,Loaded_Language,613,656,train-task2-TC.labels
787668628,Loaded_Language,673,688,train-task2-TC.labels
787668628,Flag-Waving,720,766,train-task2-TC.labels
787668628,Black-and-White_Fallacy,0,118,train-task2-TC.labels
787668628,Causal_Oversimplification,475,499,train-task2-TC.labels
787668628,"Name_Calling,Labeling",592,602,train-task2-TC.labels
787668628,Slogans,2408,2425,train-task2-TC.labels
787668628,"Exaggeration,Minimisation",3729,3842,train-task2-TC.labels
787668628,Doubt,4993,5125,train-task2-TC.labels
787668628,Loaded_Language,5982,5997,train-task2-TC.labels
787668628,Appeal_to_Authority,5153,5360,train-task2-TC.labels
787668628,Loaded_Language,5373,5392,train-task2-TC.labels
787759779,Loaded_Language,681,696,train-task2-TC.labels
787759779,"Name_Calling,Labeling",331,343,train-task2-TC.labels
787759779,Loaded_Language,495,507,train-task2-TC.labels
787759779,"Name_Calling,Labeling",590,623,train-task2-TC.labels
787759779,"Name_Calling,Labeling",1011,1032,train-task2-TC.labels
787759779,"Name_Calling,Labeling",670,679,train-task2-TC.labels
787955075,Flag-Waving,2145,2414,train-task2-TC.labels
787955075,"Exaggeration,Minimisation",2097,2131,train-task2-TC.labels
787955075,Loaded_Language,2557,2582,train-task2-TC.labels
787955075,"Name_Calling,Labeling",108,116,train-task2-TC.labels
787955075,"Name_Calling,Labeling",281,302,train-task2-TC.labels
787955075,Loaded_Language,2225,2268,train-task2-TC.labels
787955075,Doubt,2269,2414,train-task2-TC.labels
788056108,"Name_Calling,Labeling",235,279,train-task2-TC.labels
788056108,"Name_Calling,Labeling",587,636,train-task2-TC.labels
788056108,"Name_Calling,Labeling",979,1012,train-task2-TC.labels
788056108,Appeal_to_fear-prejudice,2930,3059,train-task2-TC.labels
788056108,"Name_Calling,Labeling",4632,4680,train-task2-TC.labels
788056108,"Exaggeration,Minimisation",4780,4804,train-task2-TC.labels
788056108,Loaded_Language,15243,15303,train-task2-TC.labels
788056108,Loaded_Language,60,76,train-task2-TC.labels
788056108,"Bandwagon,Reductio_ad_hitlerum",818,860,train-task2-TC.labels
788056108,"Exaggeration,Minimisation",5941,5977,train-task2-TC.labels
788056108,Loaded_Language,14061,14080,train-task2-TC.labels
788056108,Black-and-White_Fallacy,15683,15829,train-task2-TC.labels
788056108,Loaded_Language,183,201,train-task2-TC.labels
788056108,"Name_Calling,Labeling",364,393,train-task2-TC.labels
788056108,Loaded_Language,694,731,train-task2-TC.labels
788056108,Loaded_Language,763,787,train-task2-TC.labels
788056108,"Name_Calling,Labeling",1110,1133,train-task2-TC.labels
788056108,"Name_Calling,Labeling",1144,1174,train-task2-TC.labels
788056108,"Bandwagon,Reductio_ad_hitlerum",1338,1405,train-task2-TC.labels
788056108,"Bandwagon,Reductio_ad_hitlerum",1407,1640,train-task2-TC.labels
788056108,"Name_Calling,Labeling",1946,1965,train-task2-TC.labels
788056108,"Whataboutism,Straw_Men,Red_Herring",2058,2139,train-task2-TC.labels
788056108,Causal_Oversimplification,2142,2479,train-task2-TC.labels
788056108,"Bandwagon,Reductio_ad_hitlerum",2482,2506,train-task2-TC.labels
788056108,Causal_Oversimplification,2768,2923,train-task2-TC.labels
788056108,"Name_Calling,Labeling",3243,3274,train-task2-TC.labels
788056108,Loaded_Language,3490,3623,train-task2-TC.labels
788056108,Loaded_Language,3765,3783,train-task2-TC.labels
788056108,"Exaggeration,Minimisation",4187,4202,train-task2-TC.labels
788056108,"Name_Calling,Labeling",4716,4733,train-task2-TC.labels
788056108,Doubt,5537,5636,train-task2-TC.labels
788056108,Causal_Oversimplification,6680,6851,train-task2-TC.labels
788056108,Loaded_Language,6875,6898,train-task2-TC.labels
788056108,"Name_Calling,Labeling",7174,7199,train-task2-TC.labels
788056108,"Name_Calling,Labeling",7226,7254,train-task2-TC.labels
788056108,"Name_Calling,Labeling",7337,7382,train-task2-TC.labels
788056108,"Name_Calling,Labeling",7755,7832,train-task2-TC.labels
788056108,Loaded_Language,8012,8070,train-task2-TC.labels
788056108,"Name_Calling,Labeling",8936,8962,train-task2-TC.labels
788056108,Loaded_Language,10272,10297,train-task2-TC.labels
788056108,Loaded_Language,10440,10465,train-task2-TC.labels
788056108,"Name_Calling,Labeling",10603,10746,train-task2-TC.labels
788056108,"Name_Calling,Labeling",10760,10914,train-task2-TC.labels
788056108,Doubt,11123,11255,train-task2-TC.labels
788056108,"Exaggeration,Minimisation",11957,11980,train-task2-TC.labels
788056108,"Name_Calling,Labeling",12155,12167,train-task2-TC.labels
788056108,"Exaggeration,Minimisation",12176,12222,train-task2-TC.labels
788056108,Appeal_to_Authority,12547,13082,train-task2-TC.labels
788056108,Appeal_to_Authority,13084,13617,train-task2-TC.labels
788056108,Doubt,14028,14312,train-task2-TC.labels
788056108,Doubt,14365,14417,train-task2-TC.labels
788056108,Appeal_to_Authority,14419,14785,train-task2-TC.labels
788056108,"Exaggeration,Minimisation",15317,15352,train-task2-TC.labels
788056108,Doubt,15142,15456,train-task2-TC.labels
788056108,Loaded_Language,15895,16016,train-task2-TC.labels
788056108,"Name_Calling,Labeling",16028,16077,train-task2-TC.labels
788056108,Doubt,16357,16533,train-task2-TC.labels
788056108,Doubt,16939,17166,train-task2-TC.labels
788056108,"Name_Calling,Labeling",17271,17330,train-task2-TC.labels
788056108,Loaded_Language,17169,17184,train-task2-TC.labels
788056108,Loaded_Language,17355,17391,train-task2-TC.labels
788056108,"Exaggeration,Minimisation",17392,17427,train-task2-TC.labels
788056108,Loaded_Language,17572,17590,train-task2-TC.labels
788056108,Appeal_to_fear-prejudice,17512,17805,train-task2-TC.labels
788056108,"Exaggeration,Minimisation",17917,17969,train-task2-TC.labels
788056108,Loaded_Language,92,99,train-task2-TC.labels
788056108,Doubt,2482,2701,train-task2-TC.labels
788056108,Doubt,3625,3710,train-task2-TC.labels
788056108,Loaded_Language,10856,10863,train-task2-TC.labels
788056108,Loaded_Language,12204,12215,train-task2-TC.labels
788173482,"Exaggeration,Minimisation",1025,1088,train-task2-TC.labels
788173482,"Name_Calling,Labeling",2140,2188,train-task2-TC.labels
788173482,"Name_Calling,Labeling",5113,5130,train-task2-TC.labels
788173482,Loaded_Language,5731,5754,train-task2-TC.labels
788173482,Loaded_Language,7619,7636,train-task2-TC.labels
788173482,"Exaggeration,Minimisation",1780,1794,train-task2-TC.labels
788173482,"Name_Calling,Labeling",3326,3349,train-task2-TC.labels
788173482,Doubt,5333,5484,train-task2-TC.labels
788173482,"Name_Calling,Labeling",9,32,train-task2-TC.labels
788173482,"Name_Calling,Labeling",500,510,train-task2-TC.labels
788173482,Loaded_Language,534,586,train-task2-TC.labels
788173482,"Exaggeration,Minimisation",780,818,train-task2-TC.labels
788173482,"Exaggeration,Minimisation",1177,1197,train-task2-TC.labels
788173482,Loaded_Language,1269,1295,train-task2-TC.labels
788173482,"Name_Calling,Labeling",1371,1403,train-task2-TC.labels
788173482,"Name_Calling,Labeling",1507,1533,train-task2-TC.labels
788173482,Loaded_Language,1605,1702,train-task2-TC.labels
788173482,"Name_Calling,Labeling",1827,1842,train-task2-TC.labels
788173482,Loaded_Language,2048,2078,train-task2-TC.labels
788173482,"Name_Calling,Labeling",2228,2280,train-task2-TC.labels
788173482,Loaded_Language,2356,2376,train-task2-TC.labels
788173482,Loaded_Language,2498,2523,train-task2-TC.labels
788173482,"Whataboutism,Straw_Men,Red_Herring",2944,3003,train-task2-TC.labels
788173482,Loaded_Language,3160,3177,train-task2-TC.labels
788173482,Loaded_Language,3402,3435,train-task2-TC.labels
788173482,Loaded_Language,2308,2345,train-task2-TC.labels
788173482,Loaded_Language,4460,4480,train-task2-TC.labels
788173482,Loaded_Language,4610,4684,train-task2-TC.labels
788173482,Loaded_Language,4846,4900,train-task2-TC.labels
788173482,Loaded_Language,4926,4960,train-task2-TC.labels
788173482,Loaded_Language,7906,7917,train-task2-TC.labels
788173482,Loaded_Language,7846,7852,train-task2-TC.labels
788173482,"Name_Calling,Labeling",7970,8005,train-task2-TC.labels
788173482,Flag-Waving,598,655,train-task2-TC.labels
788173482,"Exaggeration,Minimisation",1378,1403,train-task2-TC.labels
788173482,"Name_Calling,Labeling",1639,1656,train-task2-TC.labels
788726416,Loaded_Language,4298,4312,train-task2-TC.labels
788726416,"Name_Calling,Labeling",53,73,train-task2-TC.labels
788726416,Loaded_Language,105,122,train-task2-TC.labels
788726416,"Name_Calling,Labeling",124,143,train-task2-TC.labels
788726416,Repetition,124,134,train-task2-TC.labels
788726416,"Name_Calling,Labeling",0,23,train-task2-TC.labels
788726416,"Name_Calling,Labeling",559,602,train-task2-TC.labels
788726416,Flag-Waving,362,492,train-task2-TC.labels
788726416,Loaded_Language,678,725,train-task2-TC.labels
788726416,Flag-Waving,973,1147,train-task2-TC.labels
788726416,"Name_Calling,Labeling",1986,2012,train-task2-TC.labels
788726416,"Name_Calling,Labeling",3323,3336,train-task2-TC.labels
788726416,"Name_Calling,Labeling",3442,3469,train-task2-TC.labels
788726416,Loaded_Language,3962,4010,train-task2-TC.labels
788726416,"Name_Calling,Labeling",4691,4708,train-task2-TC.labels
788816478,Loaded_Language,162,178,train-task2-TC.labels
788816478,Loaded_Language,501,535,train-task2-TC.labels
788816478,Loaded_Language,652,687,train-task2-TC.labels
788816478,"Name_Calling,Labeling",1916,1944,train-task2-TC.labels
788816478,Loaded_Language,5528,5563,train-task2-TC.labels
788816478,Appeal_to_Authority,5942,6075,train-task2-TC.labels
788816478,Loaded_Language,6484,6503,train-task2-TC.labels
788816478,Loaded_Language,1981,2023,train-task2-TC.labels
788816478,Doubt,4739,4766,train-task2-TC.labels
788816478,Doubt,331,373,train-task2-TC.labels
788816478,Causal_Oversimplification,446,635,train-task2-TC.labels
788816478,"Name_Calling,Labeling",1950,1980,train-task2-TC.labels
788816478,"Name_Calling,Labeling",3805,3827,train-task2-TC.labels
788816478,"Name_Calling,Labeling",4272,4284,train-task2-TC.labels
788816478,Loaded_Language,4413,4427,train-task2-TC.labels
788816478,Doubt,4563,4604,train-task2-TC.labels
788816478,Loaded_Language,4579,4604,train-task2-TC.labels
788816478,Loaded_Language,4754,4766,train-task2-TC.labels
788816478,Causal_Oversimplification,5330,5403,train-task2-TC.labels
788816478,Loaded_Language,5587,5622,train-task2-TC.labels
788816478,Loaded_Language,6657,6696,train-task2-TC.labels
788816478,"Name_Calling,Labeling",4589,4604,train-task2-TC.labels
788900262,Appeal_to_fear-prejudice,0,91,train-task2-TC.labels
788900262,"Exaggeration,Minimisation",1722,1749,train-task2-TC.labels
788900262,Loaded_Language,1817,1830,train-task2-TC.labels
788900262,"Name_Calling,Labeling",1858,1891,train-task2-TC.labels
788900262,Flag-Waving,2402,2428,train-task2-TC.labels
788900262,"Name_Calling,Labeling",4190,4224,train-task2-TC.labels
788900262,Loaded_Language,5064,5083,train-task2-TC.labels
788900262,Flag-Waving,6020,6109,train-task2-TC.labels
788900262,Loaded_Language,6658,6675,train-task2-TC.labels
788900262,Loaded_Language,207,230,train-task2-TC.labels
788900262,Flag-Waving,2218,2270,train-task2-TC.labels
788900262,Doubt,4478,4561,train-task2-TC.labels
788900262,Causal_Oversimplification,4877,5017,train-task2-TC.labels
788900262,Doubt,168,269,train-task2-TC.labels
788900262,Black-and-White_Fallacy,2272,2383,train-task2-TC.labels
788900262,Loaded_Language,2696,2711,train-task2-TC.labels
788900262,Loaded_Language,5113,5137,train-task2-TC.labels
788900262,Causal_Oversimplification,6331,6408,train-task2-TC.labels
788900262,Doubt,6490,6583,train-task2-TC.labels
788900262,"Name_Calling,Labeling",6527,6560,train-task2-TC.labels
788900262,"Name_Calling,Labeling",6601,6657,train-task2-TC.labels
788900262,Doubt,1484,1576,train-task2-TC.labels
788900262,Flag-Waving,5263,5313,train-task2-TC.labels
789121265,Loaded_Language,2814,2846,train-task2-TC.labels
789121265,"Whataboutism,Straw_Men,Red_Herring",3071,3229,train-task2-TC.labels
789121265,"Name_Calling,Labeling",400,419,train-task2-TC.labels
789121265,"Exaggeration,Minimisation",1317,1349,train-task2-TC.labels
789121265,Loaded_Language,1836,1847,train-task2-TC.labels
789121265,"Whataboutism,Straw_Men,Red_Herring",218,398,train-task2-TC.labels
789121265,Loaded_Language,1969,1979,train-task2-TC.labels
789121265,"Whataboutism,Straw_Men,Red_Herring",2018,2195,train-task2-TC.labels
789121265,Loaded_Language,2566,2576,train-task2-TC.labels
789121265,Doubt,2848,2893,train-task2-TC.labels
789121265,"Whataboutism,Straw_Men,Red_Herring",2926,3069,train-task2-TC.labels
789121265,Repetition,3594,3599,train-task2-TC.labels
789121265,"Exaggeration,Minimisation",4064,4108,train-task2-TC.labels
789121265,Loaded_Language,1317,1337,train-task2-TC.labels
789121265,Loaded_Language,2879,2893,train-task2-TC.labels
789121798,Loaded_Language,352,369,train-task2-TC.labels
789121798,Loaded_Language,402,439,train-task2-TC.labels
789121798,"Name_Calling,Labeling",1175,1207,train-task2-TC.labels
789121798,Loaded_Language,3140,3183,train-task2-TC.labels
789121798,"Name_Calling,Labeling",4005,4023,train-task2-TC.labels
789121798,"Exaggeration,Minimisation",2647,2664,train-task2-TC.labels
789121798,"Name_Calling,Labeling",19,35,train-task2-TC.labels
789121798,Slogans,283,298,train-task2-TC.labels
789121798,Loaded_Language,236,249,train-task2-TC.labels
789121798,"Name_Calling,Labeling",441,479,train-task2-TC.labels
789121798,"Name_Calling,Labeling",626,640,train-task2-TC.labels
789121798,Doubt,2339,2416,train-task2-TC.labels
789121798,Causal_Oversimplification,2480,2701,train-task2-TC.labels
789121798,Loaded_Language,2597,2607,train-task2-TC.labels
789121798,Appeal_to_fear-prejudice,2949,3085,train-task2-TC.labels
789121798,Loaded_Language,3087,3096,train-task2-TC.labels
789121798,"Exaggeration,Minimisation",3312,3346,train-task2-TC.labels
789121798,"Name_Calling,Labeling",3366,3386,train-task2-TC.labels
789121798,Causal_Oversimplification,3988,4202,train-task2-TC.labels
789121798,"Exaggeration,Minimisation",4294,4323,train-task2-TC.labels
789121798,"Name_Calling,Labeling",264,298,train-task2-TC.labels
789121798,Loaded_Language,880,891,train-task2-TC.labels
789121798,"Whataboutism,Straw_Men,Red_Herring",1082,1164,train-task2-TC.labels
789370909,Loaded_Language,3212,3231,train-task2-TC.labels
789370909,Loaded_Language,11058,11070,train-task2-TC.labels
789370909,"Exaggeration,Minimisation",2009,2030,train-task2-TC.labels
789370909,"Exaggeration,Minimisation",10444,10485,train-task2-TC.labels
789370909,Loaded_Language,53,78,train-task2-TC.labels
789370909,Loaded_Language,459,491,train-task2-TC.labels
789370909,"Name_Calling,Labeling",1894,1919,train-task2-TC.labels
789370909,Slogans,2148,2171,train-task2-TC.labels
789370909,Loaded_Language,4056,4071,train-task2-TC.labels
789370909,Repetition,4416,4439,train-task2-TC.labels
789370909,Loaded_Language,4736,4756,train-task2-TC.labels
789370909,"Name_Calling,Labeling",6861,6881,train-task2-TC.labels
789370909,"Name_Calling,Labeling",8063,8083,train-task2-TC.labels
789370909,Slogans,8985,9015,train-task2-TC.labels
789370909,"Name_Calling,Labeling",9255,9271,train-task2-TC.labels
789370909,Causal_Oversimplification,9306,9433,train-task2-TC.labels
789370909,Repetition,9840,9870,train-task2-TC.labels
789370909,Repetition,11722,11746,train-task2-TC.labels
789370909,Slogans,11848,11871,train-task2-TC.labels
789370909,Loaded_Language,11837,11843,train-task2-TC.labels
789370909,Doubt,5762,5843,train-task2-TC.labels
789370909,Doubt,5939,6056,train-task2-TC.labels
789370909,Doubt,7380,7572,train-task2-TC.labels
789370909,Doubt,8517,8597,train-task2-TC.labels
789370909,Appeal_to_Authority,9135,9210,train-task2-TC.labels
789370909,Flag-Waving,10867,10940,train-task2-TC.labels
789370909,Flag-Waving,11625,11705,train-task2-TC.labels
789370998,"Name_Calling,Labeling",4,21,train-task2-TC.labels
789370998,Loaded_Language,108,136,train-task2-TC.labels
789370998,Doubt,573,684,train-task2-TC.labels
789370998,Loaded_Language,863,880,train-task2-TC.labels
789370998,"Exaggeration,Minimisation",1206,1255,train-task2-TC.labels
789370998,"Name_Calling,Labeling",1211,1223,train-task2-TC.labels
789370998,Loaded_Language,1714,1719,train-task2-TC.labels
789370998,"Name_Calling,Labeling",2978,3007,train-task2-TC.labels
789370998,"Exaggeration,Minimisation",3878,3907,train-task2-TC.labels
789370998,Loaded_Language,4007,4020,train-task2-TC.labels
789615291,Loaded_Language,1758,1766,train-task2-TC.labels
789615291,Loaded_Language,2003,2030,train-task2-TC.labels
789615291,"Name_Calling,Labeling",3150,3163,train-task2-TC.labels
789615291,Loaded_Language,3372,3415,train-task2-TC.labels
789615291,Loaded_Language,6456,6477,train-task2-TC.labels
789615291,"Name_Calling,Labeling",6965,6982,train-task2-TC.labels
789615291,Loaded_Language,8200,8232,train-task2-TC.labels
789615291,Loaded_Language,9008,9032,train-task2-TC.labels
789615291,Loaded_Language,9044,9079,train-task2-TC.labels
789615291,"Name_Calling,Labeling",9866,9892,train-task2-TC.labels
789615291,Loaded_Language,11856,11871,train-task2-TC.labels
789615291,Loaded_Language,13487,13554,train-task2-TC.labels
789615291,Loaded_Language,465,491,train-task2-TC.labels
789615291,Causal_Oversimplification,647,980,train-task2-TC.labels
789615291,"Name_Calling,Labeling",1057,1065,train-task2-TC.labels
789615291,Loaded_Language,1868,1878,train-task2-TC.labels
789615291,"Name_Calling,Labeling",2036,2044,train-task2-TC.labels
789615291,Loaded_Language,2056,2065,train-task2-TC.labels
789615291,Repetition,2196,2204,train-task2-TC.labels
789615291,Loaded_Language,2489,2507,train-task2-TC.labels
789615291,Loaded_Language,4399,4416,train-task2-TC.labels
789615291,"Name_Calling,Labeling",5610,5629,train-task2-TC.labels
789615291,Loaded_Language,6207,6230,train-task2-TC.labels
789615291,"Name_Calling,Labeling",6351,6388,train-task2-TC.labels
789615291,Slogans,6697,6721,train-task2-TC.labels
789615291,Flag-Waving,6481,6566,train-task2-TC.labels
789615291,"Name_Calling,Labeling",7520,7554,train-task2-TC.labels
789615291,"Name_Calling,Labeling",7787,7795,train-task2-TC.labels
789615291,"Name_Calling,Labeling",8987,8995,train-task2-TC.labels
789615291,"Name_Calling,Labeling",9222,9230,train-task2-TC.labels
789615291,"Exaggeration,Minimisation",9370,9506,train-task2-TC.labels
789615291,Loaded_Language,9597,9612,train-task2-TC.labels
789615291,Loaded_Language,9629,9645,train-task2-TC.labels
789615291,"Name_Calling,Labeling",10107,10115,train-task2-TC.labels
789615291,Loaded_Language,10488,10508,train-task2-TC.labels
789615291,"Name_Calling,Labeling",11050,11058,train-task2-TC.labels
789615291,"Name_Calling,Labeling",11556,11592,train-task2-TC.labels
789615291,Loaded_Language,11639,11657,train-task2-TC.labels
789615291,Loaded_Language,11800,11815,train-task2-TC.labels
789615291,"Name_Calling,Labeling",12154,12187,train-task2-TC.labels
789615291,Loaded_Language,12217,12238,train-task2-TC.labels
789615291,"Name_Calling,Labeling",12449,12499,train-task2-TC.labels
789615291,"Name_Calling,Labeling",12729,12778,train-task2-TC.labels
789615291,Repetition,12986,12993,train-task2-TC.labels
789615291,"Name_Calling,Labeling",13260,13268,train-task2-TC.labels
789615291,Loaded_Language,13598,13616,train-task2-TC.labels
789615291,Loaded_Language,13740,13759,train-task2-TC.labels
789615291,Doubt,3829,3905,train-task2-TC.labels
789615291,Doubt,9166,9230,train-task2-TC.labels
789615291,Loaded_Language,11179,11219,train-task2-TC.labels
789615291,"Name_Calling,Labeling",12040,12094,train-task2-TC.labels
789615291,Loaded_Language,12848,12853,train-task2-TC.labels
790266787,"Name_Calling,Labeling",1403,1416,train-task2-TC.labels
790266787,Loaded_Language,1921,1958,train-task2-TC.labels
790266787,"Name_Calling,Labeling",3134,3152,train-task2-TC.labels
790266787,Loaded_Language,3372,3379,train-task2-TC.labels
790266787,"Name_Calling,Labeling",3403,3422,train-task2-TC.labels
790266787,"Name_Calling,Labeling",3665,3681,train-task2-TC.labels
790266787,"Name_Calling,Labeling",3768,3778,train-task2-TC.labels
790266787,"Name_Calling,Labeling",3882,3913,train-task2-TC.labels
790266787,Loaded_Language,6390,6401,train-task2-TC.labels
790266787,Doubt,7876,7973,train-task2-TC.labels
790266787,"Name_Calling,Labeling",9833,9851,train-task2-TC.labels
790266787,Loaded_Language,10617,10650,train-task2-TC.labels
790266787,Loaded_Language,7693,7720,train-task2-TC.labels
790266787,Loaded_Language,8846,8881,train-task2-TC.labels
790266787,"Name_Calling,Labeling",0,21,train-task2-TC.labels
790266787,Loaded_Language,99,132,train-task2-TC.labels
790266787,Slogans,293,316,train-task2-TC.labels
790266787,"Name_Calling,Labeling",346,364,train-task2-TC.labels
790266787,Loaded_Language,765,789,train-task2-TC.labels
790266787,Repetition,1574,1584,train-task2-TC.labels
790266787,"Name_Calling,Labeling",3035,3058,train-task2-TC.labels
790266787,Doubt,3391,3531,train-task2-TC.labels
790266787,"Whataboutism,Straw_Men,Red_Herring",3561,3662,train-task2-TC.labels
790266787,"Name_Calling,Labeling",3723,3737,train-task2-TC.labels
790266787,"Name_Calling,Labeling",3929,3943,train-task2-TC.labels
790266787,"Name_Calling,Labeling",6168,6181,train-task2-TC.labels
790266787,Loaded_Language,6917,6953,train-task2-TC.labels
790266787,Loaded_Language,7430,7444,train-task2-TC.labels
790266787,"Name_Calling,Labeling",7606,7656,train-task2-TC.labels
790266787,"Name_Calling,Labeling",8359,8403,train-task2-TC.labels
790266787,"Name_Calling,Labeling",8431,8482,train-task2-TC.labels
790266787,"Name_Calling,Labeling",9013,9051,train-task2-TC.labels
790266787,Causal_Oversimplification,8998,9127,train-task2-TC.labels
790266787,Appeal_to_fear-prejudice,10617,10703,train-task2-TC.labels
790266787,"Name_Calling,Labeling",8696,8732,train-task2-TC.labels
790483991,Loaded_Language,710,728,train-task2-TC.labels
790483991,Doubt,5439,5564,train-task2-TC.labels
790483991,Loaded_Language,1457,1487,train-task2-TC.labels
790483991,Loaded_Language,5992,6014,train-task2-TC.labels
790483991,Flag-Waving,9520,9593,train-task2-TC.labels
790483991,"Exaggeration,Minimisation",354,431,train-task2-TC.labels
790483991,"Name_Calling,Labeling",919,944,train-task2-TC.labels
790483991,Causal_Oversimplification,1056,1230,train-task2-TC.labels
790483991,"Name_Calling,Labeling",1089,1151,train-task2-TC.labels
790483991,"Exaggeration,Minimisation",1176,1230,train-task2-TC.labels
790483991,"Exaggeration,Minimisation",1323,1364,train-task2-TC.labels
790483991,Loaded_Language,1375,1400,train-task2-TC.labels
790483991,"Exaggeration,Minimisation",1517,1612,train-task2-TC.labels
790483991,Loaded_Language,2070,2192,train-task2-TC.labels
790483991,"Exaggeration,Minimisation",3626,3696,train-task2-TC.labels
790483991,"Exaggeration,Minimisation",3742,3961,train-task2-TC.labels
790483991,Loaded_Language,4083,4117,train-task2-TC.labels
790483991,Loaded_Language,4947,4961,train-task2-TC.labels
790483991,Loaded_Language,5654,5675,train-task2-TC.labels
790483991,"Name_Calling,Labeling",6212,6281,train-task2-TC.labels
790483991,Doubt,6016,6191,train-task2-TC.labels
790483991,Doubt,6988,7139,train-task2-TC.labels
790483991,Doubt,7413,7594,train-task2-TC.labels
790483991,Flag-Waving,8298,8326,train-task2-TC.labels
790483991,"Name_Calling,Labeling",8985,9026,train-task2-TC.labels
790483991,Causal_Oversimplification,9064,9214,train-task2-TC.labels
790483991,"Name_Calling,Labeling",9968,9982,train-task2-TC.labels
790483991,Flag-Waving,9616,9982,train-task2-TC.labels
790483991,"Name_Calling,Labeling",354,401,train-task2-TC.labels
790483991,"Name_Calling,Labeling",1152,1230,train-task2-TC.labels
790483991,Appeal_to_fear-prejudice,1784,1912,train-task2-TC.labels
790483991,Loaded_Language,3759,3789,train-task2-TC.labels
790483991,Loaded_Language,3800,3846,train-task2-TC.labels
790483991,Doubt,5725,6014,train-task2-TC.labels
790483991,Doubt,7141,7331,train-task2-TC.labels
790483991,Doubt,8170,8296,train-task2-TC.labels
790665855,Loaded_Language,448,493,train-task2-TC.labels
790665855,Loaded_Language,967,1023,train-task2-TC.labels
790665855,Loaded_Language,1628,1653,train-task2-TC.labels
790665855,"Name_Calling,Labeling",3521,3558,train-task2-TC.labels
790665855,"Name_Calling,Labeling",4401,4470,train-task2-TC.labels
790665855,Loaded_Language,4178,4223,train-task2-TC.labels
790665855,Doubt,567,675,train-task2-TC.labels
790665855,Doubt,814,887,train-task2-TC.labels
790665855,Loaded_Language,3248,3257,train-task2-TC.labels
790665855,"Bandwagon,Reductio_ad_hitlerum",3521,3546,train-task2-TC.labels
790665855,Doubt,4865,4952,train-task2-TC.labels
790665855,Loaded_Language,5402,5424,train-task2-TC.labels
790665855,Appeal_to_fear-prejudice,5448,5609,train-task2-TC.labels
790665855,"Name_Calling,Labeling",5714,5743,train-task2-TC.labels
790665855,Appeal_to_Authority,4721,4749,train-task2-TC.labels
790667730,Loaded_Language,23,42,train-task2-TC.labels
790667730,Loaded_Language,292,310,train-task2-TC.labels
790667730,Flag-Waving,1217,1309,train-task2-TC.labels
790667730,Loaded_Language,752,794,train-task2-TC.labels
790667730,Loaded_Language,1129,1133,train-task2-TC.labels
790667730,Loaded_Language,1164,1215,train-task2-TC.labels
790667730,"Exaggeration,Minimisation",69,117,train-task2-TC.labels
790667730,"Exaggeration,Minimisation",359,422,train-task2-TC.labels
790667730,Causal_Oversimplification,910,1003,train-task2-TC.labels
790667730,"Exaggeration,Minimisation",1110,1161,train-task2-TC.labels
790667730,Loaded_Language,1967,1984,train-task2-TC.labels
790667730,Loaded_Language,2019,2045,train-task2-TC.labels
790667730,"Name_Calling,Labeling",69,88,train-task2-TC.labels
790667730,Loaded_Language,84,88,train-task2-TC.labels
790667730,"Exaggeration,Minimisation",910,956,train-task2-TC.labels
790667730,"Name_Calling,Labeling",1110,1133,train-task2-TC.labels
790667730,Loaded_Language,1265,1269,train-task2-TC.labels
790677230,Loaded_Language,812,822,train-task2-TC.labels
790677230,Loaded_Language,2773,2797,train-task2-TC.labels
790677230,Flag-Waving,9516,9568,train-task2-TC.labels
790677230,Loaded_Language,9878,9895,train-task2-TC.labels
790677230,"Name_Calling,Labeling",10304,10321,train-task2-TC.labels
790677230,"Exaggeration,Minimisation",10409,10636,train-task2-TC.labels
790677230,Flag-Waving,10579,10636,train-task2-TC.labels
790677230,"Name_Calling,Labeling",11178,11218,train-task2-TC.labels
790677230,Loaded_Language,9213,9217,train-task2-TC.labels
790677230,Repetition,10562,10567,train-task2-TC.labels
790677230,Slogans,492,515,train-task2-TC.labels
790677230,"Name_Calling,Labeling",741,768,train-task2-TC.labels
790677230,Loaded_Language,1202,1237,train-task2-TC.labels
790677230,Loaded_Language,2043,2061,train-task2-TC.labels
790677230,"Name_Calling,Labeling",2231,2244,train-task2-TC.labels
790677230,Doubt,3473,3704,train-task2-TC.labels
790677230,Loaded_Language,3981,4021,train-task2-TC.labels
790677230,Loaded_Language,4339,4360,train-task2-TC.labels
790677230,Doubt,4977,5036,train-task2-TC.labels
790677230,Loaded_Language,8987,8998,train-task2-TC.labels
790677230,"Exaggeration,Minimisation",9194,9245,train-task2-TC.labels
790677230,Causal_Oversimplification,9351,9443,train-task2-TC.labels
790677230,Loaded_Language,9447,9470,train-task2-TC.labels
790677230,"Exaggeration,Minimisation",9702,9762,train-task2-TC.labels
790677230,Loaded_Language,9784,9807,train-task2-TC.labels
790677230,"Exaggeration,Minimisation",10043,10068,train-task2-TC.labels
790677230,Doubt,10304,10354,train-task2-TC.labels
790677230,Appeal_to_Authority,866,886,train-task2-TC.labels
790677230,Loaded_Language,1121,1145,train-task2-TC.labels
790677230,Repetition,1964,1972,train-task2-TC.labels
790677230,Loaded_Language,2144,2171,train-task2-TC.labels
790677230,Doubt,4513,4620,train-task2-TC.labels
790677230,Repetition,5626,5635,train-task2-TC.labels
790677230,Doubt,7400,7497,train-task2-TC.labels
790677230,Loaded_Language,8857,8869,train-task2-TC.labels
790677230,Loaded_Language,9564,9568,train-task2-TC.labels
790677230,Appeal_to_fear-prejudice,9666,9762,train-task2-TC.labels
790720480,Loaded_Language,422,435,train-task2-TC.labels
790720480,Loaded_Language,1304,1325,train-task2-TC.labels
790720480,"Exaggeration,Minimisation",1543,1570,train-task2-TC.labels
790720480,"Whataboutism,Straw_Men,Red_Herring",1474,1585,train-task2-TC.labels
790720480,Doubt,1634,1741,train-task2-TC.labels
790720480,Loaded_Language,2117,2133,train-task2-TC.labels
790720480,"Name_Calling,Labeling",2148,2191,train-task2-TC.labels
790720480,Flag-Waving,1291,1378,train-task2-TC.labels
790720480,Loaded_Language,1670,1695,train-task2-TC.labels
790720714,"Name_Calling,Labeling",931,1011,train-task2-TC.labels
790720714,Loaded_Language,378,402,train-task2-TC.labels
790720714,Loaded_Language,642,667,train-task2-TC.labels
790720714,Loaded_Language,3971,3996,train-task2-TC.labels
790720714,Loaded_Language,577,590,train-task2-TC.labels
790720714,Loaded_Language,718,747,train-task2-TC.labels
790720714,Doubt,1022,1063,train-task2-TC.labels
790720714,Causal_Oversimplification,1924,1956,train-task2-TC.labels
790720714,Loaded_Language,2180,2206,train-task2-TC.labels
790720714,Loaded_Language,2247,2298,train-task2-TC.labels
790720714,Causal_Oversimplification,2760,2943,train-task2-TC.labels
790720714,Doubt,2945,3034,train-task2-TC.labels
790720714,"Exaggeration,Minimisation",3136,3158,train-task2-TC.labels
790720714,Causal_Oversimplification,3502,3581,train-task2-TC.labels
790720714,Causal_Oversimplification,3882,4070,train-task2-TC.labels
790720714,"Exaggeration,Minimisation",964,1011,train-task2-TC.labels
790720714,Doubt,1882,1922,train-task2-TC.labels
790720714,Appeal_to_Authority,2627,2757,train-task2-TC.labels
790720714,Doubt,3693,3732,train-task2-TC.labels
790777028,Loaded_Language,1564,1569,train-task2-TC.labels
790777028,Loaded_Language,3470,3505,train-task2-TC.labels
790777028,Loaded_Language,75,89,train-task2-TC.labels
790777028,Loaded_Language,199,214,train-task2-TC.labels
790777028,"Exaggeration,Minimisation",3317,3349,train-task2-TC.labels
790777028,"Exaggeration,Minimisation",3377,3395,train-task2-TC.labels
790777028,Loaded_Language,3687,3700,train-task2-TC.labels
790777028,Loaded_Language,3570,3580,train-task2-TC.labels
793467906,"Name_Calling,Labeling",3494,3519,train-task2-TC.labels
793467906,Loaded_Language,4285,4305,train-task2-TC.labels
793467906,Repetition,4875,4880,train-task2-TC.labels
793467906,"Exaggeration,Minimisation",4858,4897,train-task2-TC.labels
793467906,Black-and-White_Fallacy,4729,4791,train-task2-TC.labels
793467906,Loaded_Language,150,155,train-task2-TC.labels
793467906,Flag-Waving,2162,2178,train-task2-TC.labels
793467906,"Name_Calling,Labeling",3263,3276,train-task2-TC.labels
793467906,Loaded_Language,3435,3448,train-task2-TC.labels
793467906,Loaded_Language,4525,4549,train-task2-TC.labels
793467906,Repetition,4660,4672,train-task2-TC.labels
793467906,Loaded_Language,4869,4890,train-task2-TC.labels
793534424,Loaded_Language,434,467,train-task2-TC.labels
793534424,"Exaggeration,Minimisation",6528,6597,train-task2-TC.labels
793534424,"Name_Calling,Labeling",4,22,train-task2-TC.labels
793534424,Loaded_Language,290,298,train-task2-TC.labels
793534424,Loaded_Language,415,420,train-task2-TC.labels
793534424,Loaded_Language,206,217,train-task2-TC.labels
793534424,"Name_Calling,Labeling",1598,1613,train-task2-TC.labels
793534424,Loaded_Language,1620,1624,train-task2-TC.labels
793534424,Loaded_Language,1804,1821,train-task2-TC.labels
793534424,"Name_Calling,Labeling",1916,1934,train-task2-TC.labels
793534424,Loaded_Language,3182,3190,train-task2-TC.labels
793534424,Loaded_Language,7655,7660,train-task2-TC.labels
793921939,Flag-Waving,398,407,train-task2-TC.labels
793921939,Slogans,1974,1989,train-task2-TC.labels
793921939,Loaded_Language,2968,2974,train-task2-TC.labels
793921939,Loaded_Language,6673,6691,train-task2-TC.labels
793921939,Repetition,7500,7505,train-task2-TC.labels
793921939,Black-and-White_Fallacy,381,407,train-task2-TC.labels
793921939,Doubt,7357,7478,train-task2-TC.labels
793921939,Doubt,7479,7522,train-task2-TC.labels
793921939,Flag-Waving,7676,7689,train-task2-TC.labels
795079843,Loaded_Language,2185,2199,train-task2-TC.labels
795079843,Loaded_Language,105,114,train-task2-TC.labels
795079843,Loaded_Language,575,579,train-task2-TC.labels
795079843,Loaded_Language,700,706,train-task2-TC.labels
795079843,Appeal_to_fear-prejudice,1462,1498,train-task2-TC.labels
795079843,Loaded_Language,3165,3173,train-task2-TC.labels
795379208,Loaded_Language,1711,1730,train-task2-TC.labels
795379208,Loaded_Language,764,770,train-task2-TC.labels
795379208,Appeal_to_fear-prejudice,1818,1849,train-task2-TC.labels
795379208,Appeal_to_Authority,2157,2342,train-task2-TC.labels
795379208,"Name_Calling,Labeling",4009,4023,train-task2-TC.labels
795689901,Flag-Waving,216,242,train-task2-TC.labels
795689901,"Exaggeration,Minimisation",846,859,train-task2-TC.labels
795689901,Loaded_Language,894,903,train-task2-TC.labels
795689901,Flag-Waving,972,992,train-task2-TC.labels
795691173,Appeal_to_fear-prejudice,1154,1175,train-task2-TC.labels
795691173,Flag-Waving,2991,3008,train-task2-TC.labels
795693029,"Exaggeration,Minimisation",335,348,train-task2-TC.labels
795693029,Loaded_Language,383,392,train-task2-TC.labels
795693029,Black-and-White_Fallacy,399,482,train-task2-TC.labels
795693029,Appeal_to_fear-prejudice,1436,1460,train-task2-TC.labels
795693029,Loaded_Language,1969,1976,train-task2-TC.labels
795693029,Loaded_Language,2170,2179,train-task2-TC.labels
795693029,Flag-Waving,461,482,train-task2-TC.labels
795693029,Flag-Waving,1980,1991,train-task2-TC.labels
795693029,Flag-Waving,1995,2014,train-task2-TC.labels
795703371,Loaded_Language,647,654,train-task2-TC.labels
795703371,Loaded_Language,813,829,train-task2-TC.labels
795703371,Appeal_to_fear-prejudice,1386,1410,train-task2-TC.labels
795703371,"Exaggeration,Minimisation",2257,2270,train-task2-TC.labels
795703371,Loaded_Language,2305,2314,train-task2-TC.labels
795703371,Black-and-White_Fallacy,2321,2402,train-task2-TC.labels
795703371,Loaded_Language,2468,2475,train-task2-TC.labels
795703371,"Name_Calling,Labeling",3386,3402,train-task2-TC.labels
795703371,Flag-Waving,3459,3469,train-task2-TC.labels
795703371,Loaded_Language,4103,4111,train-task2-TC.labels
795703371,Appeal_to_fear-prejudice,3711,3748,train-task2-TC.labels
795703371,Flag-Waving,1268,1279,train-task2-TC.labels
999000124,"Exaggeration,Minimisation",685,725,train-task2-TC.labels
999000124,Appeal_to_Authority,1228,1280,train-task2-TC.labels
999000125,"Exaggeration,Minimisation",889,994,train-task2-TC.labels
999000125,"Exaggeration,Minimisation",1444,1478,train-task2-TC.labels
999000125,Doubt,2183,2466,train-task2-TC.labels
999000133,Loaded_Language,145,162,train-task2-TC.labels
999000133,"Exaggeration,Minimisation",175,229,train-task2-TC.labels
999000133,Loaded_Language,485,498,train-task2-TC.labels
999000133,Repetition,729,738,train-task2-TC.labels
999000133,Doubt,1834,1922,train-task2-TC.labels
999000133,Loaded_Language,526,549,train-task2-TC.labels
999000135,Appeal_to_fear-prejudice,70,92,train-task2-TC.labels
999000135,Repetition,1951,1959,train-task2-TC.labels
999000135,Loaded_Language,70,92,train-task2-TC.labels
999000135,Loaded_Language,135,167,train-task2-TC.labels
999000135,Doubt,542,608,train-task2-TC.labels
999000135,"Exaggeration,Minimisation",668,704,train-task2-TC.labels
999000135,Loaded_Language,940,957,train-task2-TC.labels
999000135,"Exaggeration,Minimisation",970,1024,train-task2-TC.labels
999000135,Appeal_to_fear-prejudice,924,1185,train-task2-TC.labels
999000135,Loaded_Language,1948,1959,train-task2-TC.labels
999000135,"Exaggeration,Minimisation",2017,2042,train-task2-TC.labels
999000135,Repetition,2085,2095,train-task2-TC.labels
999000135,Loaded_Language,2138,2148,train-task2-TC.labels
999000135,Loaded_Language,2231,2241,train-task2-TC.labels
999000135,Loaded_Language,2394,2404,train-task2-TC.labels
999000135,Causal_Oversimplification,2629,2748,train-task2-TC.labels
999000135,Loaded_Language,2750,2766,train-task2-TC.labels
999000135,Loaded_Language,907,921,train-task2-TC.labels
999000136,Thought-terminating_Cliches,2291,2311,train-task2-TC.labels
999000136,"Exaggeration,Minimisation",2357,2419,train-task2-TC.labels
999000136,Repetition,2649,2670,train-task2-TC.labels
999000136,Loaded_Language,2833,2845,train-task2-TC.labels
999000136,Loaded_Language,194,213,train-task2-TC.labels
999000136,Thought-terminating_Cliches,1475,1502,train-task2-TC.labels
999000136,Loaded_Language,2264,2288,train-task2-TC.labels
999000136,Loaded_Language,2291,2310,train-task2-TC.labels
999000136,"Name_Calling,Labeling",2902,2914,train-task2-TC.labels
999000136,Flag-Waving,2888,3071,train-task2-TC.labels
999000136,"Name_Calling,Labeling",105,160,train-task2-TC.labels
999000136,Loaded_Language,2033,2058,train-task2-TC.labels
999000136,Loaded_Language,2159,2184,train-task2-TC.labels
999000136,Loaded_Language,2200,2220,train-task2-TC.labels
999000142,Loaded_Language,8,26,train-task2-TC.labels
999000142,Loaded_Language,646,685,train-task2-TC.labels
999000142,Loaded_Language,2119,2134,train-task2-TC.labels
999000142,"Exaggeration,Minimisation",2271,2316,train-task2-TC.labels
999000142,Loaded_Language,2380,2402,train-task2-TC.labels
999000142,"Exaggeration,Minimisation",2527,2553,train-task2-TC.labels
999000142,"Name_Calling,Labeling",2807,2823,train-task2-TC.labels
999000142,Causal_Oversimplification,2825,2940,train-task2-TC.labels
999000142,Loaded_Language,3179,3189,train-task2-TC.labels
999000145,Appeal_to_fear-prejudice,247,384,train-task2-TC.labels
999000145,Repetition,1502,1516,train-task2-TC.labels
999000145,Loaded_Language,2251,2318,train-task2-TC.labels
999000145,Loaded_Language,2393,2447,train-task2-TC.labels
999000145,Loaded_Language,2677,2703,train-task2-TC.labels
999000147,Thought-terminating_Cliches,219,233,train-task2-TC.labels
999000147,Doubt,3241,3324,train-task2-TC.labels
999000147,Doubt,2559,2678,train-task2-TC.labels
999000147,Appeal_to_Authority,2681,2918,train-task2-TC.labels
999000147,Flag-Waving,3231,3323,train-task2-TC.labels
999000147,Loaded_Language,701,709,train-task2-TC.labels
999000149,Repetition,374,399,train-task2-TC.labels
999000149,Appeal_to_fear-prejudice,2989,3077,train-task2-TC.labels
999000149,Loaded_Language,73,94,train-task2-TC.labels
999000149,Loaded_Language,300,326,train-task2-TC.labels
999000149,Loaded_Language,1281,1291,train-task2-TC.labels
999000149,"Exaggeration,Minimisation",1270,1301,train-task2-TC.labels
999000149,Repetition,1349,1374,train-task2-TC.labels
999000154,Loaded_Language,122,133,train-task2-TC.labels
999000154,Causal_Oversimplification,241,318,train-task2-TC.labels
999000154,Loaded_Language,477,490,train-task2-TC.labels
999000154,Causal_Oversimplification,505,678,train-task2-TC.labels
999000154,Causal_Oversimplification,1329,1525,train-task2-TC.labels
999000155,"Bandwagon,Reductio_ad_hitlerum",2300,2344,train-task2-TC.labels
999000155,Thought-terminating_Cliches,466,516,train-task2-TC.labels
999000155,"Bandwagon,Reductio_ad_hitlerum",1338,1519,train-task2-TC.labels
999000155,Loaded_Language,2482,2504,train-task2-TC.labels
999000155,Loaded_Language,2686,2706,train-task2-TC.labels
999000155,Causal_Oversimplification,1978,2039,train-task2-TC.labels
999000158,"Bandwagon,Reductio_ad_hitlerum",2586,2623,train-task2-TC.labels
999000158,Repetition,3089,3129,train-task2-TC.labels
999000158,Repetition,3158,3202,train-task2-TC.labels
999000158,Loaded_Language,198,227,train-task2-TC.labels
999000158,"Exaggeration,Minimisation",1237,1313,train-task2-TC.labels
999000158,"Exaggeration,Minimisation",1628,1675,train-task2-TC.labels
999000158,"Bandwagon,Reductio_ad_hitlerum",2040,2168,train-task2-TC.labels
999000158,Loaded_Language,2387,2403,train-task2-TC.labels
999000158,Black-and-White_Fallacy,2810,2850,train-task2-TC.labels
999000158,"Exaggeration,Minimisation",2879,2923,train-task2-TC.labels
999000158,Loaded_Language,2957,2968,train-task2-TC.labels
999000158,Loaded_Language,3236,3247,train-task2-TC.labels
999000158,Loaded_Language,405,423,train-task2-TC.labels
999000158,Loaded_Language,1239,1284,train-task2-TC.labels
999000158,Appeal_to_fear-prejudice,3542,3595,train-task2-TC.labels
999000159,Loaded_Language,499,510,train-task2-TC.labels
999000159,Loaded_Language,373,433,train-task2-TC.labels
999000159,"Name_Calling,Labeling",478,495,train-task2-TC.labels
999000159,Appeal_to_fear-prejudice,1233,1354,train-task2-TC.labels
999000159,Loaded_Language,1464,1482,train-task2-TC.labels
999000159,"Exaggeration,Minimisation",1701,1753,train-task2-TC.labels
999000159,Loaded_Language,166,178,train-task2-TC.labels
999000159,Loaded_Language,1622,1653,train-task2-TC.labels
999000184,"Whataboutism,Straw_Men,Red_Herring",1111,1252,train-task2-TC.labels
999000184,"Exaggeration,Minimisation",118,150,train-task2-TC.labels
999000184,Doubt,257,315,train-task2-TC.labels
999000184,Loaded_Language,476,492,train-task2-TC.labels
999000184,"Exaggeration,Minimisation",977,996,train-task2-TC.labels
999000184,Repetition,1579,1594,train-task2-TC.labels
999000184,"Exaggeration,Minimisation",2372,2403,train-task2-TC.labels
999000184,Loaded_Language,2468,2478,train-task2-TC.labels
999000184,Loaded_Language,2536,2561,train-task2-TC.labels
999000184,Loaded_Language,2638,2667,train-task2-TC.labels
999000184,Doubt,2787,2874,train-task2-TC.labels
999000184,"Exaggeration,Minimisation",2877,2913,train-task2-TC.labels
999000184,Loaded_Language,3931,3959,train-task2-TC.labels
999000184,Appeal_to_fear-prejudice,3990,4147,train-task2-TC.labels
999000184,Loaded_Language,128,142,train-task2-TC.labels
999000184,Flag-Waving,222,254,train-task2-TC.labels
999000184,Flag-Waving,892,1084,train-task2-TC.labels
999000184,"Name_Calling,Labeling",2795,2812,train-task2-TC.labels
999000184,Loaded_Language,2952,2970,train-task2-TC.labels
999000184,Loaded_Language,3050,3069,train-task2-TC.labels
999000312,Loaded_Language,77,93,train-task2-TC.labels
999000312,"Name_Calling,Labeling",268,282,train-task2-TC.labels
999000312,"Exaggeration,Minimisation",3842,3900,train-task2-TC.labels
999000312,"Name_Calling,Labeling",4231,4264,train-task2-TC.labels
999000312,Loaded_Language,2230,2257,train-task2-TC.labels
999000312,Loaded_Language,3968,3983,train-task2-TC.labels
999000312,Doubt,4389,4786,train-task2-TC.labels
999000312,Loaded_Language,165,212,train-task2-TC.labels
999000312,Loaded_Language,511,547,train-task2-TC.labels
999000312,"Name_Calling,Labeling",472,493,train-task2-TC.labels
999000312,"Name_Calling,Labeling",771,779,train-task2-TC.labels
999000312,Repetition,1427,1440,train-task2-TC.labels
999000312,"Name_Calling,Labeling",1938,1946,train-task2-TC.labels
999000312,Doubt,1949,2330,train-task2-TC.labels
999000312,Doubt,95,311,train-task2-TC.labels
999000312,"Exaggeration,Minimisation",2358,2421,train-task2-TC.labels
999000312,Doubt,2608,2855,train-task2-TC.labels
999000312,"Exaggeration,Minimisation",3014,3035,train-task2-TC.labels
999000312,Causal_Oversimplification,3146,3353,train-task2-TC.labels
999000312,"Name_Calling,Labeling",3579,3618,train-task2-TC.labels
999000312,"Name_Calling,Labeling",3624,3667,train-task2-TC.labels
999000312,Causal_Oversimplification,3355,3534,train-task2-TC.labels
999000312,Doubt,3568,3900,train-task2-TC.labels
999000312,Causal_Oversimplification,3902,4181,train-task2-TC.labels
999000312,"Name_Calling,Labeling",4198,4222,train-task2-TC.labels
999000312,"Exaggeration,Minimisation",4266,4387,train-task2-TC.labels
999000312,"Name_Calling,Labeling",2367,2421,train-task2-TC.labels
999000312,Appeal_to_fear-prejudice,2953,3144,train-task2-TC.labels
999000312,Doubt,3382,3534,train-task2-TC.labels
999000565,Loaded_Language,297,307,train-task2-TC.labels
999000565,Appeal_to_fear-prejudice,636,719,train-task2-TC.labels
999000565,Appeal_to_fear-prejudice,483,566,train-task2-TC.labels
999000599,Thought-terminating_Cliches,1361,1376,train-task2-TC.labels
999000599,Loaded_Language,35,53,train-task2-TC.labels
999000599,Loaded_Language,327,350,train-task2-TC.labels
999000599,Loaded_Language,454,475,train-task2-TC.labels
999000599,Loaded_Language,1379,1414,train-task2-TC.labels
999000599,Loaded_Language,1500,1522,train-task2-TC.labels
999000599,Loaded_Language,1662,1684,train-task2-TC.labels
999000599,Doubt,1808,1896,train-task2-TC.labels
999000599,Loaded_Language,2009,2032,train-task2-TC.labels
999000599,Appeal_to_Authority,1973,2215,train-task2-TC.labels
999000599,Loaded_Language,2194,2215,train-task2-TC.labels
999000675,Repetition,225,242,train-task2-TC.labels
999000675,Slogans,44,92,train-task2-TC.labels
999000675,Slogans,225,241,train-task2-TC.labels
999000675,Repetition,544,560,train-task2-TC.labels
999000675,Repetition,893,904,train-task2-TC.labels
999000675,Slogans,1019,1040,train-task2-TC.labels
999000675,Slogans,1205,1221,train-task2-TC.labels
999000675,Doubt,1241,1275,train-task2-TC.labels
999000675,Loaded_Language,1731,1738,train-task2-TC.labels
999000675,Loaded_Language,1819,1848,train-task2-TC.labels
999000675,Loaded_Language,1968,1987,train-task2-TC.labels
999000675,Loaded_Language,44,60,train-task2-TC.labels
999000849,Repetition,943,963,train-task2-TC.labels
999000849,Loaded_Language,630,650,train-task2-TC.labels
999000849,Loaded_Language,2547,2563,train-task2-TC.labels
999000849,Repetition,3370,3386,train-task2-TC.labels
999000849,Loaded_Language,2724,2736,train-task2-TC.labels
999000849,Loaded_Language,3967,3972,train-task2-TC.labels
999000870,Repetition,3812,3831,train-task2-TC.labels
999000880,Flag-Waving,3114,3143,train-task2-TC.labels
999000880,Loaded_Language,2704,2709,train-task2-TC.labels
999000894,Flag-Waving,94,185,train-task2-TC.labels
999000894,Appeal_to_fear-prejudice,475,627,train-task2-TC.labels
999000894,Loaded_Language,740,764,train-task2-TC.labels
999000894,Loaded_Language,4245,4276,train-task2-TC.labels
999000894,Loaded_Language,168,176,train-task2-TC.labels
999000894,Loaded_Language,899,910,train-task2-TC.labels
999000894,Loaded_Language,4927,4932,train-task2-TC.labels
999000894,Loaded_Language,5185,5194,train-task2-TC.labels
999000894,Loaded_Language,5557,5572,train-task2-TC.labels
999001032,"Name_Calling,Labeling",491,526,train-task2-TC.labels
999001032,"Name_Calling,Labeling",861,890,train-task2-TC.labels
999001032,Repetition,2565,2587,train-task2-TC.labels
999001032,"Name_Calling,Labeling",2882,2898,train-task2-TC.labels
999001032,"Name_Calling,Labeling",4210,4236,train-task2-TC.labels
999001032,"Name_Calling,Labeling",465,478,train-task2-TC.labels
999001032,Loaded_Language,549,564,train-task2-TC.labels
999001032,Doubt,1415,1571,train-task2-TC.labels
999001032,Loaded_Language,2847,2860,train-task2-TC.labels
999001032,Appeal_to_Authority,1727,1852,train-task2-TC.labels
999001032,Loaded_Language,3003,3035,train-task2-TC.labels
999001032,Loaded_Language,3280,3306,train-task2-TC.labels
999001032,Loaded_Language,3226,3237,train-task2-TC.labels
999001032,Loaded_Language,3454,3461,train-task2-TC.labels
999001032,Repetition,3770,3803,train-task2-TC.labels
999001032,Doubt,0,35,train-task2-TC.labels
999001032,"Exaggeration,Minimisation",595,659,train-task2-TC.labels
999001032,"Name_Calling,Labeling",835,848,train-task2-TC.labels
999001032,Loaded_Language,903,927,train-task2-TC.labels
999001032,Doubt,1574,1627,train-task2-TC.labels
999001032,Doubt,1780,1852,train-task2-TC.labels
999001032,Doubt,1854,1954,train-task2-TC.labels
999001032,Doubt,2201,2282,train-task2-TC.labels
999001032,Doubt,2333,2587,train-task2-TC.labels
999001032,"Exaggeration,Minimisation",3003,3061,train-task2-TC.labels
999001032,"Name_Calling,Labeling",3117,3145,train-task2-TC.labels
999001032,Repetition,3166,3211,train-task2-TC.labels
999001032,"Exaggeration,Minimisation",3222,3332,train-task2-TC.labels
999001032,Loaded_Language,3707,3738,train-task2-TC.labels
999001032,Thought-terminating_Cliches,3806,3832,train-task2-TC.labels
999001032,Loaded_Language,4168,4197,train-task2-TC.labels
999001032,Appeal_to_fear-prejudice,3962,4085,train-task2-TC.labels
999001032,Repetition,4331,4364,train-task2-TC.labels
999001032,Doubt,4473,4532,train-task2-TC.labels
999001032,Repetition,4701,4715,train-task2-TC.labels
999001032,"Name_Calling,Labeling",4586,4600,train-task2-TC.labels
999001032,"Name_Calling,Labeling",4618,4642,train-task2-TC.labels
999001032,"Name_Calling,Labeling",5503,5516,train-task2-TC.labels
999001032,"Name_Calling,Labeling",5521,5542,train-task2-TC.labels
999001032,Doubt,5437,5559,train-task2-TC.labels
999001032,Repetition,607,619,train-task2-TC.labels
999001032,Loaded_Language,864,873,train-task2-TC.labels
999001032,"Name_Calling,Labeling",4310,4323,train-task2-TC.labels
999001033,Repetition,1245,1274,train-task2-TC.labels
999001033,Loaded_Language,1392,1426,train-task2-TC.labels
999001033,Repetition,2460,2484,train-task2-TC.labels
999001033,Doubt,537,662,train-task2-TC.labels
999001033,Doubt,827,872,train-task2-TC.labels
999001033,"Exaggeration,Minimisation",1114,1224,train-task2-TC.labels
999001033,Loaded_Language,1287,1311,train-task2-TC.labels
999001033,Repetition,1445,1466,train-task2-TC.labels
999001033,Repetition,1473,1488,train-task2-TC.labels
999001033,Doubt,3140,3262,train-task2-TC.labels
999001033,"Name_Calling,Labeling",3224,3245,train-task2-TC.labels
999001033,Loaded_Language,3560,3615,train-task2-TC.labels
999001033,"Name_Calling,Labeling",3735,3747,train-task2-TC.labels
999001033,Appeal_to_fear-prejudice,537,615,train-task2-TC.labels
999001033,Loaded_Language,939,967,train-task2-TC.labels
999001033,Loaded_Language,3713,3724,train-task2-TC.labels
999001188,Thought-terminating_Cliches,1888,1901,train-task2-TC.labels
999001188,Loaded_Language,30,63,train-task2-TC.labels
999001188,Loaded_Language,90,123,train-task2-TC.labels
999001188,"Name_Calling,Labeling",384,403,train-task2-TC.labels
999001188,Slogans,735,779,train-task2-TC.labels
999001188,"Exaggeration,Minimisation",1374,1408,train-task2-TC.labels
999001188,Loaded_Language,1463,1474,train-task2-TC.labels
999001188,Loaded_Language,388,403,train-task2-TC.labels
999001226,Thought-terminating_Cliches,2014,2024,train-task2-TC.labels
999001226,Doubt,3572,3612,train-task2-TC.labels
999001226,Doubt,83,273,train-task2-TC.labels
999001226,Loaded_Language,611,677,train-task2-TC.labels
999001226,Loaded_Language,1838,1855,train-task2-TC.labels
999001226,"Exaggeration,Minimisation",2196,2264,train-task2-TC.labels
999001226,Flag-Waving,5157,5430,train-task2-TC.labels
999001226,Loaded_Language,485,504,train-task2-TC.labels
999001226,Loaded_Language,2242,2248,train-task2-TC.labels
999001226,Flag-Waving,2475,2654,train-task2-TC.labels
999001226,Doubt,4953,5155,train-task2-TC.labels
999001241,Flag-Waving,2211,2240,train-task2-TC.labels
999001241,Loaded_Language,166,235,train-task2-TC.labels
999001241,Repetition,526,541,train-task2-TC.labels
999001287,Flag-Waving,141,180,train-task2-TC.labels
999001287,Doubt,2274,2389,train-task2-TC.labels
999001287,Loaded_Language,4656,4690,train-task2-TC.labels
999001287,Doubt,4308,4583,train-task2-TC.labels
999001287,Appeal_to_Authority,3424,3790,train-task2-TC.labels
999001293,Thought-terminating_Cliches,409,427,train-task2-TC.labels
999001293,Doubt,429,535,train-task2-TC.labels
999001293,Thought-terminating_Cliches,380,406,train-task2-TC.labels
999001293,Loaded_Language,409,427,train-task2-TC.labels
999001293,Repetition,2307,2314,train-task2-TC.labels
999001293,Loaded_Language,2923,2935,train-task2-TC.labels
999001293,Doubt,2849,2991,train-task2-TC.labels
999001293,Appeal_to_fear-prejudice,1129,1200,train-task2-TC.labels
999001293,Flag-Waving,2994,3049,train-task2-TC.labels
999001296,Loaded_Language,86,101,train-task2-TC.labels
999001296,"Exaggeration,Minimisation",160,178,train-task2-TC.labels
999001296,Flag-Waving,384,464,train-task2-TC.labels
999001296,"Exaggeration,Minimisation",466,560,train-task2-TC.labels
999001296,Doubt,2509,2712,train-task2-TC.labels
999001296,"Name_Calling,Labeling",2537,2584,train-task2-TC.labels
999001296,Loaded_Language,2596,2616,train-task2-TC.labels
999001296,Loaded_Language,3635,3651,train-task2-TC.labels
999001296,Appeal_to_Authority,2946,3341,train-task2-TC.labels
999001296,Loaded_Language,165,172,train-task2-TC.labels
999001296,"Name_Calling,Labeling",292,320,train-task2-TC.labels
999001296,Loaded_Language,475,481,train-task2-TC.labels
999001296,"Whataboutism,Straw_Men,Red_Herring",4687,4758,train-task2-TC.labels
999001297,Repetition,2257,2276,train-task2-TC.labels
999001297,Loaded_Language,31,62,train-task2-TC.labels
999001297,Loaded_Language,242,263,train-task2-TC.labels
999001619,Doubt,8322,8539,train-task2-TC.labels
999001619,"Name_Calling,Labeling",11959,12081,train-task2-TC.labels
999001619,Loaded_Language,13080,13090,train-task2-TC.labels
999001619,Loaded_Language,1522,1544,train-task2-TC.labels
999001619,Doubt,4811,5022,train-task2-TC.labels
999001619,Doubt,7358,7699,train-task2-TC.labels
999001619,Loaded_Language,10906,10920,train-task2-TC.labels
999001619,"Name_Calling,Labeling",11422,11458,train-task2-TC.labels
999001619,"Name_Calling,Labeling",7601,7699,train-task2-TC.labels
999001619,Doubt,8992,9182,train-task2-TC.labels
999001619,"Name_Calling,Labeling",13296,13408,train-task2-TC.labels
999001619,Causal_Oversimplification,13960,14071,train-task2-TC.labels
999001619,Loaded_Language,17,29,train-task2-TC.labels
999001619,Loaded_Language,164,189,train-task2-TC.labels
999001619,"Name_Calling,Labeling",289,337,train-task2-TC.labels
999001619,"Exaggeration,Minimisation",428,540,train-task2-TC.labels
999001619,Doubt,542,815,train-task2-TC.labels
999001619,Doubt,1072,1471,train-task2-TC.labels
999001619,"Name_Calling,Labeling",2005,2013,train-task2-TC.labels
999001619,"Name_Calling,Labeling",2523,2591,train-task2-TC.labels
999001619,Loaded_Language,3558,3571,train-task2-TC.labels
999001619,Doubt,3625,3833,train-task2-TC.labels
999001619,Doubt,4067,4253,train-task2-TC.labels
999001619,"Name_Calling,Labeling",4633,4641,train-task2-TC.labels
999001619,Loaded_Language,4790,4809,train-task2-TC.labels
999001619,Repetition,5341,5349,train-task2-TC.labels
999001619,Doubt,5229,5425,train-task2-TC.labels
999001619,"Name_Calling,Labeling",5452,5475,train-task2-TC.labels
999001619,"Name_Calling,Labeling",5603,5611,train-task2-TC.labels
999001619,"Name_Calling,Labeling",5900,5908,train-task2-TC.labels
999001619,Doubt,5911,6223,train-task2-TC.labels
999001619,"Exaggeration,Minimisation",6304,6340,train-task2-TC.labels
999001619,Doubt,6225,6517,train-task2-TC.labels
999001619,Appeal_to_Authority,6519,6893,train-task2-TC.labels
999001619,Doubt,6895,7094,train-task2-TC.labels
999001619,"Name_Calling,Labeling",7423,7429,train-task2-TC.labels
999001619,Doubt,7730,7943,train-task2-TC.labels
999001619,Loaded_Language,8140,8161,train-task2-TC.labels
999001619,"Name_Calling,Labeling",8258,8319,train-task2-TC.labels
999001619,"Name_Calling,Labeling",8384,8451,train-task2-TC.labels
999001619,Loaded_Language,8526,8539,train-task2-TC.labels
999001619,Doubt,8542,8609,train-task2-TC.labels
999001619,"Name_Calling,Labeling",8680,8697,train-task2-TC.labels
999001619,Loaded_Language,8701,8717,train-task2-TC.labels
999001619,Loaded_Language,8763,8785,train-task2-TC.labels
999001619,Doubt,8612,8882,train-task2-TC.labels
999001619,"Name_Calling,Labeling",8901,8916,train-task2-TC.labels
999001619,"Name_Calling,Labeling",9355,9384,train-task2-TC.labels
999001619,Doubt,9697,9902,train-task2-TC.labels
999001619,"Name_Calling,Labeling",9840,9902,train-task2-TC.labels
999001619,Loaded_Language,10066,10099,train-task2-TC.labels
999001619,"Name_Calling,Labeling",10211,10233,train-task2-TC.labels
999001619,Doubt,9904,10373,train-task2-TC.labels
999001619,Doubt,10400,10690,train-task2-TC.labels
999001619,"Name_Calling,Labeling",10748,10857,train-task2-TC.labels
999001619,"Name_Calling,Labeling",10990,11043,train-task2-TC.labels
999001619,"Name_Calling,Labeling",11057,11116,train-task2-TC.labels
999001619,Doubt,10692,11116,train-task2-TC.labels
999001619,"Name_Calling,Labeling",11246,11265,train-task2-TC.labels
999001619,Doubt,11118,11371,train-task2-TC.labels
999001619,"Name_Calling,Labeling",11674,11689,train-task2-TC.labels
999001619,"Name_Calling,Labeling",11752,11851,train-task2-TC.labels
999001619,"Exaggeration,Minimisation",12009,12081,train-task2-TC.labels
999001619,Doubt,11633,12081,train-task2-TC.labels
999001619,Doubt,11373,11600,train-task2-TC.labels
999001619,"Name_Calling,Labeling",12089,12114,train-task2-TC.labels
999001619,"Name_Calling,Labeling",12245,12262,train-task2-TC.labels
999001619,"Name_Calling,Labeling",12476,12537,train-task2-TC.labels
999001619,Doubt,12083,12537,train-task2-TC.labels
999001619,"Name_Calling,Labeling",12674,12703,train-task2-TC.labels
999001619,Doubt,12539,12845,train-task2-TC.labels
999001619,Doubt,12848,13150,train-task2-TC.labels
999001619,"Name_Calling,Labeling",12937,12954,train-task2-TC.labels
999001619,"Name_Calling,Labeling",13458,13472,train-task2-TC.labels
999001619,Doubt,13410,13637,train-task2-TC.labels
999001619,Loaded_Language,13763,13776,train-task2-TC.labels
999001619,Doubt,13639,13958,train-task2-TC.labels
999001619,"Name_Calling,Labeling",14041,14071,train-task2-TC.labels
999001619,"Name_Calling,Labeling",14150,14173,train-task2-TC.labels
999001619,Loaded_Language,14126,14141,train-task2-TC.labels
999001619,"Name_Calling,Labeling",14251,14285,train-task2-TC.labels
999001619,"Name_Calling,Labeling",14371,14434,train-task2-TC.labels
999001619,"Name_Calling,Labeling",14497,14545,train-task2-TC.labels
999001619,Repetition,14610,14619,train-task2-TC.labels
999001619,Causal_Oversimplification,14571,14689,train-task2-TC.labels
999001619,"Name_Calling,Labeling",14820,14844,train-task2-TC.labels
999001619,Doubt,235,540,train-task2-TC.labels
999001619,Doubt,818,864,train-task2-TC.labels
999001619,"Name_Calling,Labeling",8336,8373,train-task2-TC.labels
999001621,Doubt,88,156,train-task2-TC.labels
999001621,Doubt,3577,3663,train-task2-TC.labels
999001621,"Name_Calling,Labeling",4208,4315,train-task2-TC.labels
999001621,"Name_Calling,Labeling",4498,4527,train-task2-TC.labels
999001621,"Exaggeration,Minimisation",4928,4985,train-task2-TC.labels
999001621,"Name_Calling,Labeling",5089,5131,train-task2-TC.labels
999001621,Loaded_Language,9108,9121,train-task2-TC.labels
999001621,Doubt,11969,12058,train-task2-TC.labels
999001621,Loaded_Language,3234,3251,train-task2-TC.labels
999001621,Loaded_Language,3984,3997,train-task2-TC.labels
999001621,Doubt,7442,7747,train-task2-TC.labels
999001621,Doubt,8213,8374,train-task2-TC.labels
999001621,Doubt,8377,8738,train-task2-TC.labels
999001621,"Name_Calling,Labeling",8596,8626,train-task2-TC.labels
999001621,"Name_Calling,Labeling",10904,10929,train-task2-TC.labels
999001621,Repetition,5890,5902,train-task2-TC.labels
999001621,"Exaggeration,Minimisation",9006,9057,train-task2-TC.labels
999001621,Doubt,0,68,train-task2-TC.labels
999001621,Loaded_Language,321,338,train-task2-TC.labels
999001621,Loaded_Language,467,501,train-task2-TC.labels
999001621,"Name_Calling,Labeling",537,560,train-task2-TC.labels
999001621,Doubt,279,599,train-task2-TC.labels
999001621,"Name_Calling,Labeling",769,783,train-task2-TC.labels
999001621,"Name_Calling,Labeling",1458,1494,train-task2-TC.labels
999001621,Doubt,1332,1603,train-task2-TC.labels
999001621,"Exaggeration,Minimisation",2747,2771,train-task2-TC.labels
999001621,"Name_Calling,Labeling",3471,3495,train-task2-TC.labels
999001621,Doubt,3435,3575,train-task2-TC.labels
999001621,Doubt,3926,4137,train-task2-TC.labels
999001621,Loaded_Language,4085,4124,train-task2-TC.labels
999001621,Doubt,4139,4315,train-task2-TC.labels
999001621,"Name_Calling,Labeling",4461,4493,train-task2-TC.labels
999001621,"Exaggeration,Minimisation",4788,4853,train-task2-TC.labels
999001621,"Name_Calling,Labeling",5159,5170,train-task2-TC.labels
999001621,Doubt,4529,5328,train-task2-TC.labels
999001621,"Name_Calling,Labeling",5397,5428,train-task2-TC.labels
999001621,Doubt,5330,5611,train-task2-TC.labels
999001621,"Exaggeration,Minimisation",6817,6841,train-task2-TC.labels
999001621,"Name_Calling,Labeling",7085,7091,train-task2-TC.labels
999001621,"Name_Calling,Labeling",7979,7999,train-task2-TC.labels
999001621,"Name_Calling,Labeling",8401,8488,train-task2-TC.labels
999001621,Loaded_Language,8493,8500,train-task2-TC.labels
999001621,Loaded_Language,8861,8909,train-task2-TC.labels
999001621,Doubt,8795,9138,train-task2-TC.labels
999001621,"Name_Calling,Labeling",9824,9859,train-task2-TC.labels
999001621,Causal_Oversimplification,9861,10096,train-task2-TC.labels
999001621,Causal_Oversimplification,9140,9474,train-task2-TC.labels
999001621,Doubt,9679,9859,train-task2-TC.labels
999001621,"Name_Calling,Labeling",10151,10176,train-task2-TC.labels
999001621,Loaded_Language,10177,10185,train-task2-TC.labels
999001621,Doubt,10098,10408,train-task2-TC.labels
999001621,Loaded_Language,10536,10541,train-task2-TC.labels
999001621,Doubt,10543,10755,train-task2-TC.labels
999001621,"Name_Calling,Labeling",10775,10855,train-task2-TC.labels
999001621,"Name_Calling,Labeling",10733,10755,train-task2-TC.labels
999001621,Doubt,10931,11012,train-task2-TC.labels
999001621,"Exaggeration,Minimisation",11539,11623,train-task2-TC.labels
999001621,Repetition,11631,11640,train-task2-TC.labels
999001621,Doubt,11539,11664,train-task2-TC.labels
999001621,Loaded_Language,12099,12112,train-task2-TC.labels
999001621,"Name_Calling,Labeling",12138,12184,train-task2-TC.labels
999001621,Appeal_to_fear-prejudice,12187,12265,train-task2-TC.labels
999001621,Loaded_Language,9664,9677,train-task2-TC.labels
999001621,Doubt,601,701,train-task2-TC.labels
999001621,Loaded_Language,5057,5061,train-task2-TC.labels
999001621,"Name_Calling,Labeling",7492,7518,train-task2-TC.labels
999001621,"Name_Calling,Labeling",8524,8545,train-task2-TC.labels
999001621,"Bandwagon,Reductio_ad_hitlerum",10098,10204,train-task2-TC.labels
999001621,"Whataboutism,Straw_Men,Red_Herring",10353,10408,train-task2-TC.labels
999001970,"Name_Calling,Labeling",1660,1674,train-task2-TC.labels
999001970,Loaded_Language,143,169,train-task2-TC.labels
999001970,"Exaggeration,Minimisation",186,249,train-task2-TC.labels
999001970,Slogans,191,213,train-task2-TC.labels
999001970,"Exaggeration,Minimisation",1043,1148,train-task2-TC.labels
999001970,"Name_Calling,Labeling",1164,1183,train-task2-TC.labels
999001970,"Exaggeration,Minimisation",1607,1674,train-task2-TC.labels
999001970,"Exaggeration,Minimisation",2611,2651,train-task2-TC.labels
758756657,Repetition,5024,5036,article758756657.task2-TC.labels
758756657,Repetition,5302,5314,article758756657.task2-TC.labels
758756657,Loaded_Language,62,69,article758756657.task2-TC.labels
758756657,Causal_Oversimplification,606,746,article758756657.task2-TC.labels
758756657,Loaded_Language,4352,4361,article758756657.task2-TC.labels
758756657,"Exaggeration,Minimisation",4376,4437,article758756657.task2-TC.labels
758756657,Loaded_Language,4719,4725,article758756657.task2-TC.labels
758756657,Loaded_Language,5295,5301,article758756657.task2-TC.labels
758756657,Appeal_to_fear-prejudice,5639,5649,article758756657.task2-TC.labels
758756657,Repetition,5811,5821,article758756657.task2-TC.labels
758756657,Repetition,6359,6369,article758756657.task2-TC.labels
758756657,Appeal_to_fear-prejudice,5870,5874,article758756657.task2-TC.labels
758756657,Appeal_to_fear-prejudice,5910,5931,article758756657.task2-TC.labels
758756657,Repetition,5989,5993,article758756657.task2-TC.labels
758756657,Repetition,6281,6285,article758756657.task2-TC.labels
758756657,Loaded_Language,6301,6308,article758756657.task2-TC.labels
758756657,Repetition,6330,6347,article758756657.task2-TC.labels
758756657,Appeal_to_fear-prejudice,6373,6432,article758756657.task2-TC.labels
758756657,Slogans,481,513,article758756657.task2-TC.labels
758756657,Flag-Waving,506,513,article758756657.task2-TC.labels
758756657,Flag-Waving,1243,1261,article758756657.task2-TC.labels
758756657,Loaded_Language,4380,4392,article758756657.task2-TC.labels
758756657,Loaded_Language,4397,4412,article758756657.task2-TC.labels
758756657,Doubt,6670,6702,article758756657.task2-TC.labels
758756657,Doubt,6703,6747,article758756657.task2-TC.labels
758756657,Doubt,6748,6781,article758756657.task2-TC.labels
111111132,Loaded_Language,7925,7943,article111111132.task2-TC.labels
111111132,Loaded_Language,147,151,article111111132.task2-TC.labels
111111132,"Name_Calling,Labeling",2262,2272,article111111132.task2-TC.labels
111111132,"Name_Calling,Labeling",2280,2292,article111111132.task2-TC.labels
111111132,Black-and-White_Fallacy,4198,4249,article111111132.task2-TC.labels
111111132,Black-and-White_Fallacy,4427,4497,article111111132.task2-TC.labels
111111132,Appeal_to_fear-prejudice,4307,4320,article111111132.task2-TC.labels
111111132,Loaded_Language,4779,4787,article111111132.task2-TC.labels
111111132,Loaded_Language,7582,7594,article111111132.task2-TC.labels
111111132,"Name_Calling,Labeling",8607,8630,article111111132.task2-TC.labels
111111132,"Whataboutism,Straw_Men,Red_Herring",9598,9650,article111111132.task2-TC.labels
111111132,Loaded_Language,10340,10350,article111111132.task2-TC.labels
111111132,Loaded_Language,10851,10860,article111111132.task2-TC.labels
111111132,Slogans,12045,12087,article111111132.task2-TC.labels
111111132,Black-and-White_Fallacy,5776,5811,article111111132.task2-TC.labels
790777028,Loaded_Language,1564,1569,article790777028.task2-TC.labels
790777028,Loaded_Language,3470,3505,article790777028.task2-TC.labels
790777028,Loaded_Language,75,89,article790777028.task2-TC.labels
790777028,Loaded_Language,199,214,article790777028.task2-TC.labels
790777028,"Exaggeration,Minimisation",3317,3349,article790777028.task2-TC.labels
790777028,"Exaggeration,Minimisation",3377,3395,article790777028.task2-TC.labels
790777028,Loaded_Language,3687,3700,article790777028.task2-TC.labels
790777028,Loaded_Language,3570,3580,article790777028.task2-TC.labels
729348908,Appeal_to_fear-prejudice,1976,2018,article729348908.task2-TC.labels
729348908,Doubt,380,567,article729348908.task2-TC.labels
729348908,"Exaggeration,Minimisation",1749,1847,article729348908.task2-TC.labels
729348908,"Name_Calling,Labeling",2823,2831,article729348908.task2-TC.labels
729348908,Doubt,2673,2886,article729348908.task2-TC.labels
729348908,Flag-Waving,2020,2177,article729348908.task2-TC.labels
729348908,Doubt,3669,3812,article729348908.task2-TC.labels
738207834,Loaded_Language,559,572,article738207834.task2-TC.labels
738207834,Loaded_Language,891,910,article738207834.task2-TC.labels
738207834,Loaded_Language,1224,1239,article738207834.task2-TC.labels
738207834,Loaded_Language,1320,1338,article738207834.task2-TC.labels
738207834,Loaded_Language,1873,1936,article738207834.task2-TC.labels
738207834,Loaded_Language,1972,2031,article738207834.task2-TC.labels
738207834,Loaded_Language,2039,2092,article738207834.task2-TC.labels
738207834,Thought-terminating_Cliches,2462,2473,article738207834.task2-TC.labels
738207834,Loaded_Language,2709,2725,article738207834.task2-TC.labels
738207834,Loaded_Language,2983,2996,article738207834.task2-TC.labels
738207834,Loaded_Language,3268,3308,article738207834.task2-TC.labels
738207834,Loaded_Language,3609,3627,article738207834.task2-TC.labels
738207834,Loaded_Language,5143,5169,article738207834.task2-TC.labels
738207834,Loaded_Language,5692,5708,article738207834.task2-TC.labels
738207834,Loaded_Language,6324,6347,article738207834.task2-TC.labels
738207834,Loaded_Language,6870,6912,article738207834.task2-TC.labels
738207834,"Name_Calling,Labeling",7385,7413,article738207834.task2-TC.labels
738207834,"Name_Calling,Labeling",7594,7623,article738207834.task2-TC.labels
738207834,Loaded_Language,8294,8311,article738207834.task2-TC.labels
738207834,"Name_Calling,Labeling",8599,8638,article738207834.task2-TC.labels
738207834,"Name_Calling,Labeling",9328,9350,article738207834.task2-TC.labels
738207834,Loaded_Language,10874,10950,article738207834.task2-TC.labels
738207834,"Name_Calling,Labeling",11332,11350,article738207834.task2-TC.labels
738207834,"Name_Calling,Labeling",11495,11536,article738207834.task2-TC.labels
738207834,Loaded_Language,11650,11713,article738207834.task2-TC.labels
738207834,"Name_Calling,Labeling",11821,11851,article738207834.task2-TC.labels
738207834,"Name_Calling,Labeling",12432,12450,article738207834.task2-TC.labels
738207834,"Name_Calling,Labeling",12473,12497,article738207834.task2-TC.labels
738207834,"Name_Calling,Labeling",12801,12836,article738207834.task2-TC.labels
738207834,"Name_Calling,Labeling",12876,12895,article738207834.task2-TC.labels
738207834,"Name_Calling,Labeling",13347,13373,article738207834.task2-TC.labels
738207834,Repetition,13361,13373,article738207834.task2-TC.labels
738207834,"Name_Calling,Labeling",13819,13870,article738207834.task2-TC.labels
738207834,Loaded_Language,14960,14987,article738207834.task2-TC.labels
738207834,"Name_Calling,Labeling",15231,15271,article738207834.task2-TC.labels
738207834,"Name_Calling,Labeling",15622,15639,article738207834.task2-TC.labels
738207834,"Name_Calling,Labeling",15645,15696,article738207834.task2-TC.labels
738207834,"Name_Calling,Labeling",16385,16414,article738207834.task2-TC.labels
738207834,Loaded_Language,16520,16552,article738207834.task2-TC.labels
738207834,Loaded_Language,16889,16956,article738207834.task2-TC.labels
738207834,Loaded_Language,17728,17750,article738207834.task2-TC.labels
738207834,Loaded_Language,17844,17880,article738207834.task2-TC.labels
738207834,Loaded_Language,18762,18796,article738207834.task2-TC.labels
738207834,"Name_Calling,Labeling",18962,18983,article738207834.task2-TC.labels
738207834,"Name_Calling,Labeling",19301,19318,article738207834.task2-TC.labels
738207834,"Name_Calling,Labeling",19752,19776,article738207834.task2-TC.labels
738207834,Loaded_Language,19959,20019,article738207834.task2-TC.labels
738207834,"Name_Calling,Labeling",20251,20279,article738207834.task2-TC.labels
738207834,Loaded_Language,21073,21095,article738207834.task2-TC.labels
738207834,Loaded_Language,21313,21350,article738207834.task2-TC.labels
738207834,Loaded_Language,21604,21652,article738207834.task2-TC.labels
738207834,"Name_Calling,Labeling",22078,22114,article738207834.task2-TC.labels
738207834,Loaded_Language,22676,22703,article738207834.task2-TC.labels
738207834,Loaded_Language,22803,22834,article738207834.task2-TC.labels
738207834,Loaded_Language,23402,23448,article738207834.task2-TC.labels
738207834,Loaded_Language,23536,23584,article738207834.task2-TC.labels
738207834,Loaded_Language,1634,1639,article738207834.task2-TC.labels
738207834,Doubt,2327,2361,article738207834.task2-TC.labels
738207834,Doubt,2363,2403,article738207834.task2-TC.labels
738207834,"Name_Calling,Labeling",3113,3134,article738207834.task2-TC.labels
738207834,Loaded_Language,3174,3194,article738207834.task2-TC.labels
738207834,"Name_Calling,Labeling",4716,4739,article738207834.task2-TC.labels
738207834,Appeal_to_fear-prejudice,5912,6033,article738207834.task2-TC.labels
738207834,"Name_Calling,Labeling",6843,6861,article738207834.task2-TC.labels
738207834,"Name_Calling,Labeling",8398,8410,article738207834.task2-TC.labels
738207834,"Name_Calling,Labeling",9452,9463,article738207834.task2-TC.labels
738207834,Loaded_Language,12146,12179,article738207834.task2-TC.labels
738207834,"Name_Calling,Labeling",14348,14409,article738207834.task2-TC.labels
738207834,"Name_Calling,Labeling",16817,16831,article738207834.task2-TC.labels
738207834,Doubt,18650,18713,article738207834.task2-TC.labels
738207834,Doubt,18859,19112,article738207834.task2-TC.labels
738207834,Doubt,19841,20018,article738207834.task2-TC.labels
738207834,"Name_Calling,Labeling",20737,20803,article738207834.task2-TC.labels
738207834,Loaded_Language,21927,21940,article738207834.task2-TC.labels
701299732,Appeal_to_Authority,588,628,article701299732.task2-TC.labels
701299732,Appeal_to_Authority,1569,1600,article701299732.task2-TC.labels
701299732,Appeal_to_Authority,2236,2327,article701299732.task2-TC.labels
701299732,"Name_Calling,Labeling",101,114,article701299732.task2-TC.labels
701299732,Appeal_to_fear-prejudice,0,13,article701299732.task2-TC.labels
701299732,Appeal_to_fear-prejudice,60,80,article701299732.task2-TC.labels
701299732,Appeal_to_fear-prejudice,244,299,article701299732.task2-TC.labels
701299732,Appeal_to_fear-prejudice,638,655,article701299732.task2-TC.labels
701299732,Appeal_to_fear-prejudice,1718,1735,article701299732.task2-TC.labels
701299732,Appeal_to_fear-prejudice,2297,2327,article701299732.task2-TC.labels
701299732,"Name_Calling,Labeling",39,52,article701299732.task2-TC.labels
696694316,Thought-terminating_Cliches,3987,4010,article696694316.task2-TC.labels
696694316,Loaded_Language,603,661,article696694316.task2-TC.labels
696694316,Loaded_Language,1020,1094,article696694316.task2-TC.labels
696694316,Loaded_Language,3276,3379,article696694316.task2-TC.labels
696694316,Loaded_Language,3471,4010,article696694316.task2-TC.labels
696694316,Loaded_Language,4478,4500,article696694316.task2-TC.labels
696694316,Loaded_Language,7026,7097,article696694316.task2-TC.labels
696694316,Black-and-White_Fallacy,7971,8295,article696694316.task2-TC.labels
696694316,Black-and-White_Fallacy,8298,8642,article696694316.task2-TC.labels
696694316,Appeal_to_fear-prejudice,9586,9819,article696694316.task2-TC.labels
696694316,"Bandwagon,Reductio_ad_hitlerum",9373,9584,article696694316.task2-TC.labels
696694316,Loaded_Language,11102,11126,article696694316.task2-TC.labels
696694316,Loaded_Language,12634,12736,article696694316.task2-TC.labels
696694316,Thought-terminating_Cliches,13456,13555,article696694316.task2-TC.labels
696694316,Loaded_Language,4376,4395,article696694316.task2-TC.labels
696694316,Black-and-White_Fallacy,10661,10866,article696694316.task2-TC.labels
696694316,Appeal_to_fear-prejudice,12738,12848,article696694316.task2-TC.labels
795703371,Loaded_Language,647,654,article795703371.task2-TC.labels
795703371,Loaded_Language,813,829,article795703371.task2-TC.labels
795703371,Appeal_to_fear-prejudice,1386,1410,article795703371.task2-TC.labels
795703371,"Exaggeration,Minimisation",2257,2270,article795703371.task2-TC.labels
795703371,Loaded_Language,2305,2314,article795703371.task2-TC.labels
795703371,Black-and-White_Fallacy,2321,2402,article795703371.task2-TC.labels
795703371,Loaded_Language,2468,2475,article795703371.task2-TC.labels
795703371,"Name_Calling,Labeling",3386,3402,article795703371.task2-TC.labels
795703371,Flag-Waving,3459,3469,article795703371.task2-TC.labels
795703371,Loaded_Language,4103,4111,article795703371.task2-TC.labels
795703371,Appeal_to_fear-prejudice,3711,3748,article795703371.task2-TC.labels
795703371,Flag-Waving,1268,1279,article795703371.task2-TC.labels
706600938,Doubt,557,644,article706600938.task2-TC.labels
706600938,"Name_Calling,Labeling",2803,2827,article706600938.task2-TC.labels
706600938,Doubt,5924,6161,article706600938.task2-TC.labels
706600938,Loaded_Language,1083,1248,article706600938.task2-TC.labels
706600938,Loaded_Language,1429,1550,article706600938.task2-TC.labels
706600938,Doubt,2617,2789,article706600938.task2-TC.labels
706600938,Loaded_Language,2904,2927,article706600938.task2-TC.labels
706600938,Loaded_Language,2792,2881,article706600938.task2-TC.labels
706600938,Loaded_Language,3393,3674,article706600938.task2-TC.labels
706600938,Loaded_Language,4323,4478,article706600938.task2-TC.labels
706600938,Loaded_Language,5527,5556,article706600938.task2-TC.labels
706600938,Thought-terminating_Cliches,7698,7726,article706600938.task2-TC.labels
706600938,Appeal_to_Authority,3137,3197,article706600938.task2-TC.labels
722507879,Loaded_Language,1369,1376,article722507879.task2-TC.labels
722507879,Loaded_Language,1381,1391,article722507879.task2-TC.labels
722507879,Flag-Waving,3019,3036,article722507879.task2-TC.labels
722507879,Appeal_to_fear-prejudice,3937,3949,article722507879.task2-TC.labels
722507879,"Whataboutism,Straw_Men,Red_Herring",2307,2350,article722507879.task2-TC.labels
722507879,"Whataboutism,Straw_Men,Red_Herring",2356,2414,article722507879.task2-TC.labels
722507879,"Whataboutism,Straw_Men,Red_Herring",2432,2516,article722507879.task2-TC.labels
722507879,"Whataboutism,Straw_Men,Red_Herring",4053,4079,article722507879.task2-TC.labels
999001293,Thought-terminating_Cliches,409,427,article999001293.task2-TC.labels
999001293,Doubt,429,535,article999001293.task2-TC.labels
999001293,Thought-terminating_Cliches,380,406,article999001293.task2-TC.labels
999001293,Loaded_Language,409,427,article999001293.task2-TC.labels
999001293,Repetition,2307,2314,article999001293.task2-TC.labels
999001293,Loaded_Language,2923,2935,article999001293.task2-TC.labels
999001293,Doubt,2849,2991,article999001293.task2-TC.labels
999001293,Appeal_to_fear-prejudice,1129,1200,article999001293.task2-TC.labels
999001293,Flag-Waving,2994,3049,article999001293.task2-TC.labels
701837665,"Name_Calling,Labeling",803,833,article701837665.task2-TC.labels
701837665,"Name_Calling,Labeling",1806,1828,article701837665.task2-TC.labels
701837665,Doubt,1364,1449,article701837665.task2-TC.labels
701837665,"Exaggeration,Minimisation",5040,5084,article701837665.task2-TC.labels
701837665,"Exaggeration,Minimisation",7193,7229,article701837665.task2-TC.labels
701837665,Loaded_Language,8276,8312,article701837665.task2-TC.labels
701837665,Flag-Waving,9299,9329,article701837665.task2-TC.labels
701837665,"Exaggeration,Minimisation",10112,10206,article701837665.task2-TC.labels
701837665,Doubt,10208,10227,article701837665.task2-TC.labels
701837665,"Exaggeration,Minimisation",761,801,article701837665.task2-TC.labels
701837665,Causal_Oversimplification,1829,2008,article701837665.task2-TC.labels
701837665,"Exaggeration,Minimisation",2534,2575,article701837665.task2-TC.labels
701837665,"Exaggeration,Minimisation",2618,2726,article701837665.task2-TC.labels
701837665,Causal_Oversimplification,2792,2940,article701837665.task2-TC.labels
701837665,Repetition,2828,2849,article701837665.task2-TC.labels
701837665,Causal_Oversimplification,3251,3423,article701837665.task2-TC.labels
701837665,Loaded_Language,3510,3534,article701837665.task2-TC.labels
701837665,Causal_Oversimplification,3824,3883,article701837665.task2-TC.labels
701837665,Causal_Oversimplification,3958,4067,article701837665.task2-TC.labels
701837665,Loaded_Language,5068,5084,article701837665.task2-TC.labels
701837665,Loaded_Language,5821,5840,article701837665.task2-TC.labels
701837665,Causal_Oversimplification,6697,6873,article701837665.task2-TC.labels
701837665,Appeal_to_fear-prejudice,7193,7357,article701837665.task2-TC.labels
701837665,"Exaggeration,Minimisation",7401,7455,article701837665.task2-TC.labels
701837665,"Whataboutism,Straw_Men,Red_Herring",7727,7747,article701837665.task2-TC.labels
701837665,Appeal_to_Authority,7785,7841,article701837665.task2-TC.labels
701837665,Causal_Oversimplification,7529,7666,article701837665.task2-TC.labels
701837665,"Name_Calling,Labeling",8115,8155,article701837665.task2-TC.labels
701837665,Doubt,8453,8556,article701837665.task2-TC.labels
701837665,"Whataboutism,Straw_Men,Red_Herring",9331,9372,article701837665.task2-TC.labels
701837665,"Name_Calling,Labeling",9425,9433,article701837665.task2-TC.labels
701837665,"Exaggeration,Minimisation",9471,9500,article701837665.task2-TC.labels
701837665,Loaded_Language,9741,9756,article701837665.task2-TC.labels
701837665,"Name_Calling,Labeling",9780,9814,article701837665.task2-TC.labels
701837665,"Name_Calling,Labeling",10090,10111,article701837665.task2-TC.labels
701837665,Causal_Oversimplification,10802,10972,article701837665.task2-TC.labels
701837665,Causal_Oversimplification,11844,11915,article701837665.task2-TC.labels
701837665,Thought-terminating_Cliches,11964,12007,article701837665.task2-TC.labels
701837665,Loaded_Language,12031,12047,article701837665.task2-TC.labels
701837665,Loaded_Language,12178,12197,article701837665.task2-TC.labels
701837665,"Exaggeration,Minimisation",12594,12665,article701837665.task2-TC.labels
701837665,Thought-terminating_Cliches,2456,2470,article701837665.task2-TC.labels
701837665,Loaded_Language,2544,2563,article701837665.task2-TC.labels
701837665,Doubt,2740,2762,article701837665.task2-TC.labels
701837665,Appeal_to_fear-prejudice,2942,2991,article701837665.task2-TC.labels
701837665,Flag-Waving,12381,12476,article701837665.task2-TC.labels
706777811,"Name_Calling,Labeling",58,107,article706777811.task2-TC.labels
706777811,Appeal_to_Authority,567,596,article706777811.task2-TC.labels
706777811,Loaded_Language,807,817,article706777811.task2-TC.labels
706777811,Appeal_to_Authority,1118,1153,article706777811.task2-TC.labels
706777811,"Name_Calling,Labeling",1893,1906,article706777811.task2-TC.labels
706777811,Appeal_to_Authority,3126,3198,article706777811.task2-TC.labels
706777811,Loaded_Language,3256,3272,article706777811.task2-TC.labels
706777811,Appeal_to_Authority,3494,3577,article706777811.task2-TC.labels
706777811,Repetition,3302,3380,article706777811.task2-TC.labels
706777811,Repetition,3389,3440,article706777811.task2-TC.labels
706777811,Repetition,3494,3620,article706777811.task2-TC.labels
706777811,"Name_Calling,Labeling",0,11,article706777811.task2-TC.labels
706777811,Appeal_to_fear-prejudice,819,867,article706777811.task2-TC.labels
706777811,Appeal_to_fear-prejudice,1049,1061,article706777811.task2-TC.labels
706777811,Appeal_to_fear-prejudice,1249,1274,article706777811.task2-TC.labels
706777811,Appeal_to_fear-prejudice,1408,1481,article706777811.task2-TC.labels
706777811,Appeal_to_fear-prejudice,2451,2607,article706777811.task2-TC.labels
706777811,Appeal_to_fear-prejudice,2654,2682,article706777811.task2-TC.labels
706777811,Appeal_to_fear-prejudice,3580,3620,article706777811.task2-TC.labels
706777811,Appeal_to_fear-prejudice,3687,3743,article706777811.task2-TC.labels
737194975,Loaded_Language,93,115,article737194975.task2-TC.labels
737194975,Loaded_Language,1763,1775,article737194975.task2-TC.labels
737194975,Loaded_Language,6010,6034,article737194975.task2-TC.labels
737194975,Thought-terminating_Cliches,6015,6034,article737194975.task2-TC.labels
737194975,Loaded_Language,12531,12562,article737194975.task2-TC.labels
737194975,"Name_Calling,Labeling",28,48,article737194975.task2-TC.labels
737194975,Loaded_Language,339,355,article737194975.task2-TC.labels
737194975,"Exaggeration,Minimisation",600,675,article737194975.task2-TC.labels
737194975,Slogans,1142,1192,article737194975.task2-TC.labels
737194975,Loaded_Language,1431,1439,article737194975.task2-TC.labels
737194975,Loaded_Language,4915,4917,article737194975.task2-TC.labels
737194975,Loaded_Language,5413,5416,article737194975.task2-TC.labels
737194975,"Exaggeration,Minimisation",5409,5449,article737194975.task2-TC.labels
737194975,Loaded_Language,5540,5546,article737194975.task2-TC.labels
737194975,Loaded_Language,5816,5818,article737194975.task2-TC.labels
737194975,Loaded_Language,6077,6085,article737194975.task2-TC.labels
737194975,Flag-Waving,6035,6319,article737194975.task2-TC.labels
737194975,Doubt,7007,7014,article737194975.task2-TC.labels
737194975,Loaded_Language,7504,7507,article737194975.task2-TC.labels
737194975,Loaded_Language,7944,7967,article737194975.task2-TC.labels
737194975,Loaded_Language,9260,9276,article737194975.task2-TC.labels
737194975,"Exaggeration,Minimisation",11088,11127,article737194975.task2-TC.labels
737194975,Loaded_Language,11129,11152,article737194975.task2-TC.labels
737194975,"Exaggeration,Minimisation",12052,12201,article737194975.task2-TC.labels
737194975,Loaded_Language,12580,12606,article737194975.task2-TC.labels
737194975,Loaded_Language,12782,12797,article737194975.task2-TC.labels
737194975,Loaded_Language,13117,13120,article737194975.task2-TC.labels
737194975,Loaded_Language,12967,12970,article737194975.task2-TC.labels
737194975,Loaded_Language,12065,12084,article737194975.task2-TC.labels
737194975,Repetition,13289,13308,article737194975.task2-TC.labels
737194975,Loaded_Language,10,25,article737194975.task2-TC.labels
737194975,Loaded_Language,14080,14082,article737194975.task2-TC.labels
737194975,Loaded_Language,14486,14493,article737194975.task2-TC.labels
737194975,Flag-Waving,7210,7364,article737194975.task2-TC.labels
737194975,Loaded_Language,616,625,article737194975.task2-TC.labels
737194975,"Bandwagon,Reductio_ad_hitlerum",2409,2429,article737194975.task2-TC.labels
737194975,Doubt,4807,4937,article737194975.task2-TC.labels
737194975,Doubt,5451,5630,article737194975.task2-TC.labels
737194975,Doubt,6035,6253,article737194975.task2-TC.labels
737194975,"Whataboutism,Straw_Men,Red_Herring",6321,6456,article737194975.task2-TC.labels
737194975,Flag-Waving,6670,6817,article737194975.task2-TC.labels
737194975,"Bandwagon,Reductio_ad_hitlerum",7712,7855,article737194975.task2-TC.labels
737194975,Loaded_Language,9871,9883,article737194975.task2-TC.labels
737194975,Causal_Oversimplification,10692,10784,article737194975.task2-TC.labels
737194975,Loaded_Language,11347,11359,article737194975.task2-TC.labels
737194975,Loaded_Language,11525,11529,article737194975.task2-TC.labels
737194975,"Bandwagon,Reductio_ad_hitlerum",11763,11862,article737194975.task2-TC.labels
737194975,Loaded_Language,11983,11995,article737194975.task2-TC.labels
737194975,Flag-Waving,12851,12891,article737194975.task2-TC.labels
737194975,Repetition,14288,14313,article737194975.task2-TC.labels
774904810,Loaded_Language,6014,6022,article774904810.task2-TC.labels
774904810,"Exaggeration,Minimisation",350,384,article774904810.task2-TC.labels
774904810,"Exaggeration,Minimisation",3247,3264,article774904810.task2-TC.labels
774904810,Flag-Waving,3268,3275,article774904810.task2-TC.labels
774904810,Loaded_Language,3436,3444,article774904810.task2-TC.labels
774904810,Loaded_Language,355,368,article774904810.task2-TC.labels
774904810,"Exaggeration,Minimisation",743,749,article774904810.task2-TC.labels
774904810,"Name_Calling,Labeling",2806,2821,article774904810.task2-TC.labels
774904810,Loaded_Language,3626,3633,article774904810.task2-TC.labels
774904810,Loaded_Language,5824,5839,article774904810.task2-TC.labels
774904810,Loaded_Language,6039,6060,article774904810.task2-TC.labels
782149225,Loaded_Language,253,287,article782149225.task2-TC.labels
782149225,Loaded_Language,472,485,article782149225.task2-TC.labels
782149225,Flag-Waving,314,470,article782149225.task2-TC.labels
782149225,Flag-Waving,573,973,article782149225.task2-TC.labels
782149225,Loaded_Language,1561,1580,article782149225.task2-TC.labels
782149225,Loaded_Language,1705,1754,article782149225.task2-TC.labels
782149225,"Name_Calling,Labeling",3068,3181,article782149225.task2-TC.labels
782149225,"Bandwagon,Reductio_ad_hitlerum",4561,4757,article782149225.task2-TC.labels
782149225,"Name_Calling,Labeling",5057,5070,article782149225.task2-TC.labels
782149225,Appeal_to_fear-prejudice,5073,5222,article782149225.task2-TC.labels
782149225,"Name_Calling,Labeling",1616,1648,article782149225.task2-TC.labels
782149225,Loaded_Language,3156,3165,article782149225.task2-TC.labels
762147609,Flag-Waving,531,546,article762147609.task2-TC.labels
762147609,Flag-Waving,8629,8648,article762147609.task2-TC.labels
762147609,"Name_Calling,Labeling",648,660,article762147609.task2-TC.labels
762147609,Loaded_Language,3287,3292,article762147609.task2-TC.labels
762147609,Loaded_Language,4034,4046,article762147609.task2-TC.labels
762147609,"Name_Calling,Labeling",2113,2122,article762147609.task2-TC.labels
762147609,Repetition,3108,3117,article762147609.task2-TC.labels
762147609,Repetition,3930,3939,article762147609.task2-TC.labels
762147609,"Exaggeration,Minimisation",1298,1314,article762147609.task2-TC.labels
762147609,Appeal_to_fear-prejudice,2160,2290,article762147609.task2-TC.labels
762147609,Appeal_to_fear-prejudice,3800,3836,article762147609.task2-TC.labels
699142854,Appeal_to_fear-prejudice,2181,2246,article699142854.task2-TC.labels
699142854,Appeal_to_fear-prejudice,7160,7228,article699142854.task2-TC.labels
699142854,Loaded_Language,692,708,article699142854.task2-TC.labels
699142854,Flag-Waving,930,981,article699142854.task2-TC.labels
699142854,Loaded_Language,1013,1039,article699142854.task2-TC.labels
699142854,Flag-Waving,1041,1102,article699142854.task2-TC.labels
699142854,Appeal_to_fear-prejudice,1596,1620,article699142854.task2-TC.labels
699142854,Repetition,3149,3217,article699142854.task2-TC.labels
699142854,Doubt,4131,4274,article699142854.task2-TC.labels
699142854,Loaded_Language,4889,4906,article699142854.task2-TC.labels
699142854,"Name_Calling,Labeling",7574,7602,article699142854.task2-TC.labels
699142854,"Name_Calling,Labeling",1402,1429,article699142854.task2-TC.labels
699142854,Loaded_Language,2548,2584,article699142854.task2-TC.labels
699142854,Repetition,6974,6981,article699142854.task2-TC.labels
699142854,Repetition,7069,7083,article699142854.task2-TC.labels
699142854,Repetition,7018,7034,article699142854.task2-TC.labels
699142854,Repetition,6934,6952,article699142854.task2-TC.labels
699142854,Causal_Oversimplification,8894,8971,article699142854.task2-TC.labels
999001619,Doubt,8322,8539,article999001619.task2-TC.labels
999001619,"Name_Calling,Labeling",11959,12081,article999001619.task2-TC.labels
999001619,Loaded_Language,13080,13090,article999001619.task2-TC.labels
999001619,Loaded_Language,1522,1544,article999001619.task2-TC.labels
999001619,Doubt,4811,5022,article999001619.task2-TC.labels
999001619,Doubt,7358,7699,article999001619.task2-TC.labels
999001619,Loaded_Language,10906,10920,article999001619.task2-TC.labels
999001619,"Name_Calling,Labeling",11422,11458,article999001619.task2-TC.labels
999001619,"Name_Calling,Labeling",7601,7699,article999001619.task2-TC.labels
999001619,Doubt,8992,9182,article999001619.task2-TC.labels
999001619,"Name_Calling,Labeling",13296,13408,article999001619.task2-TC.labels
999001619,Causal_Oversimplification,13960,14071,article999001619.task2-TC.labels
999001619,Loaded_Language,17,29,article999001619.task2-TC.labels
999001619,Loaded_Language,164,189,article999001619.task2-TC.labels
999001619,"Name_Calling,Labeling",289,337,article999001619.task2-TC.labels
999001619,"Exaggeration,Minimisation",428,540,article999001619.task2-TC.labels
999001619,Doubt,542,815,article999001619.task2-TC.labels
999001619,Doubt,1072,1471,article999001619.task2-TC.labels
999001619,"Name_Calling,Labeling",2005,2013,article999001619.task2-TC.labels
999001619,"Name_Calling,Labeling",2523,2591,article999001619.task2-TC.labels
999001619,Loaded_Language,3558,3571,article999001619.task2-TC.labels
999001619,Doubt,3625,3833,article999001619.task2-TC.labels
999001619,Doubt,4067,4253,article999001619.task2-TC.labels
999001619,"Name_Calling,Labeling",4633,4641,article999001619.task2-TC.labels
999001619,Loaded_Language,4790,4809,article999001619.task2-TC.labels
999001619,Repetition,5341,5349,article999001619.task2-TC.labels
999001619,Doubt,5229,5425,article999001619.task2-TC.labels
999001619,"Name_Calling,Labeling",5452,5475,article999001619.task2-TC.labels
999001619,"Name_Calling,Labeling",5603,5611,article999001619.task2-TC.labels
999001619,"Name_Calling,Labeling",5900,5908,article999001619.task2-TC.labels
999001619,Doubt,5911,6223,article999001619.task2-TC.labels
999001619,"Exaggeration,Minimisation",6304,6340,article999001619.task2-TC.labels
999001619,Doubt,6225,6517,article999001619.task2-TC.labels
999001619,Appeal_to_Authority,6519,6893,article999001619.task2-TC.labels
999001619,Doubt,6895,7094,article999001619.task2-TC.labels
999001619,"Name_Calling,Labeling",7423,7429,article999001619.task2-TC.labels
999001619,Doubt,7730,7943,article999001619.task2-TC.labels
999001619,Loaded_Language,8140,8161,article999001619.task2-TC.labels
999001619,"Name_Calling,Labeling",8258,8319,article999001619.task2-TC.labels
999001619,"Name_Calling,Labeling",8384,8451,article999001619.task2-TC.labels
999001619,Loaded_Language,8526,8539,article999001619.task2-TC.labels
999001619,Doubt,8542,8609,article999001619.task2-TC.labels
999001619,"Name_Calling,Labeling",8680,8697,article999001619.task2-TC.labels
999001619,Loaded_Language,8701,8717,article999001619.task2-TC.labels
999001619,Loaded_Language,8763,8785,article999001619.task2-TC.labels
999001619,Doubt,8612,8882,article999001619.task2-TC.labels
999001619,"Name_Calling,Labeling",8901,8916,article999001619.task2-TC.labels
999001619,"Name_Calling,Labeling",9355,9384,article999001619.task2-TC.labels
999001619,Doubt,9697,9902,article999001619.task2-TC.labels
999001619,"Name_Calling,Labeling",9840,9902,article999001619.task2-TC.labels
999001619,Loaded_Language,10066,10099,article999001619.task2-TC.labels
999001619,"Name_Calling,Labeling",10211,10233,article999001619.task2-TC.labels
999001619,Doubt,9904,10373,article999001619.task2-TC.labels
999001619,Doubt,10400,10690,article999001619.task2-TC.labels
999001619,"Name_Calling,Labeling",10748,10857,article999001619.task2-TC.labels
999001619,"Name_Calling,Labeling",10990,11043,article999001619.task2-TC.labels
999001619,"Name_Calling,Labeling",11057,11116,article999001619.task2-TC.labels
999001619,Doubt,10692,11116,article999001619.task2-TC.labels
999001619,"Name_Calling,Labeling",11246,11265,article999001619.task2-TC.labels
999001619,Doubt,11118,11371,article999001619.task2-TC.labels
999001619,"Name_Calling,Labeling",11674,11689,article999001619.task2-TC.labels
999001619,"Name_Calling,Labeling",11752,11851,article999001619.task2-TC.labels
999001619,"Exaggeration,Minimisation",12009,12081,article999001619.task2-TC.labels
999001619,Doubt,11633,12081,article999001619.task2-TC.labels
999001619,Doubt,11373,11600,article999001619.task2-TC.labels
999001619,"Name_Calling,Labeling",12089,12114,article999001619.task2-TC.labels
999001619,"Name_Calling,Labeling",12245,12262,article999001619.task2-TC.labels
999001619,"Name_Calling,Labeling",12476,12537,article999001619.task2-TC.labels
999001619,Doubt,12083,12537,article999001619.task2-TC.labels
999001619,"Name_Calling,Labeling",12674,12703,article999001619.task2-TC.labels
999001619,Doubt,12539,12845,article999001619.task2-TC.labels
999001619,Doubt,12848,13150,article999001619.task2-TC.labels
999001619,"Name_Calling,Labeling",12937,12954,article999001619.task2-TC.labels
999001619,"Name_Calling,Labeling",13458,13472,article999001619.task2-TC.labels
999001619,Doubt,13410,13637,article999001619.task2-TC.labels
999001619,Loaded_Language,13763,13776,article999001619.task2-TC.labels
999001619,Doubt,13639,13958,article999001619.task2-TC.labels
999001619,"Name_Calling,Labeling",14041,14071,article999001619.task2-TC.labels
999001619,"Name_Calling,Labeling",14150,14173,article999001619.task2-TC.labels
999001619,Loaded_Language,14126,14141,article999001619.task2-TC.labels
999001619,"Name_Calling,Labeling",14251,14285,article999001619.task2-TC.labels
999001619,"Name_Calling,Labeling",14371,14434,article999001619.task2-TC.labels
999001619,"Name_Calling,Labeling",14497,14545,article999001619.task2-TC.labels
999001619,Repetition,14610,14619,article999001619.task2-TC.labels
999001619,Causal_Oversimplification,14571,14689,article999001619.task2-TC.labels
999001619,"Name_Calling,Labeling",14820,14844,article999001619.task2-TC.labels
999001619,Doubt,235,540,article999001619.task2-TC.labels
999001619,Doubt,818,864,article999001619.task2-TC.labels
999001619,"Name_Calling,Labeling",8336,8373,article999001619.task2-TC.labels
712382330,Loaded_Language,3611,3673,article712382330.task2-TC.labels
712382330,Loaded_Language,3943,3965,article712382330.task2-TC.labels
712382330,Loaded_Language,4216,4264,article712382330.task2-TC.labels
712382330,Appeal_to_Authority,919,1054,article712382330.task2-TC.labels
761780613,Loaded_Language,783,834,article761780613.task2-TC.labels
761780613,Slogans,887,899,article761780613.task2-TC.labels
771546417,Slogans,13,17,article771546417.task2-TC.labels
771546417,Loaded_Language,633,640,article771546417.task2-TC.labels
771546417,Loaded_Language,652,657,article771546417.task2-TC.labels
771546417,"Name_Calling,Labeling",688,693,article771546417.task2-TC.labels
771546417,Slogans,1158,1163,article771546417.task2-TC.labels
771546417,Repetition,1429,1434,article771546417.task2-TC.labels
771546417,Slogans,114,140,article771546417.task2-TC.labels
771546417,Loaded_Language,431,443,article771546417.task2-TC.labels
771546417,Repetition,878,882,article771546417.task2-TC.labels
771546417,Repetition,1625,1630,article771546417.task2-TC.labels
771546417,Repetition,356,386,article771546417.task2-TC.labels
771546417,Repetition,887,918,article771546417.task2-TC.labels
771546417,Repetition,1517,1543,article771546417.task2-TC.labels
771546417,Repetition,1713,1739,article771546417.task2-TC.labels
999001033,Repetition,1245,1274,article999001033.task2-TC.labels
999001033,Loaded_Language,1392,1426,article999001033.task2-TC.labels
999001033,Repetition,2460,2484,article999001033.task2-TC.labels
999001033,Doubt,537,662,article999001033.task2-TC.labels
999001033,Doubt,827,872,article999001033.task2-TC.labels
999001033,"Exaggeration,Minimisation",1114,1224,article999001033.task2-TC.labels
999001033,Loaded_Language,1287,1311,article999001033.task2-TC.labels
999001033,Repetition,1445,1466,article999001033.task2-TC.labels
999001033,Repetition,1473,1488,article999001033.task2-TC.labels
999001033,Doubt,3140,3262,article999001033.task2-TC.labels
999001033,"Name_Calling,Labeling",3224,3245,article999001033.task2-TC.labels
999001033,Loaded_Language,3560,3615,article999001033.task2-TC.labels
999001033,"Name_Calling,Labeling",3735,3747,article999001033.task2-TC.labels
999001033,Appeal_to_fear-prejudice,537,615,article999001033.task2-TC.labels
999001033,Loaded_Language,939,967,article999001033.task2-TC.labels
999001033,Loaded_Language,3713,3724,article999001033.task2-TC.labels
111111124,Loaded_Language,2650,2661,article111111124.task2-TC.labels
111111124,Loaded_Language,4098,4110,article111111124.task2-TC.labels
111111124,"Name_Calling,Labeling",4661,4760,article111111124.task2-TC.labels
111111124,"Exaggeration,Minimisation",3368,3380,article111111124.task2-TC.labels
111111124,Loaded_Language,0,17,article111111124.task2-TC.labels
111111124,Loaded_Language,107,122,article111111124.task2-TC.labels
111111124,Loaded_Language,282,338,article111111124.task2-TC.labels
111111124,"Name_Calling,Labeling",510,540,article111111124.task2-TC.labels
111111124,"Name_Calling,Labeling",2478,2501,article111111124.task2-TC.labels
111111124,Loaded_Language,3557,3590,article111111124.task2-TC.labels
111111124,Causal_Oversimplification,4170,4377,article111111124.task2-TC.labels
111111124,Loaded_Language,4540,4575,article111111124.task2-TC.labels
111111124,Doubt,4622,4760,article111111124.task2-TC.labels
111111124,"Name_Calling,Labeling",4920,4935,article111111124.task2-TC.labels
111111124,"Name_Calling,Labeling",4144,4164,article111111124.task2-TC.labels
788900262,Appeal_to_fear-prejudice,0,91,article788900262.task2-TC.labels
788900262,"Exaggeration,Minimisation",1722,1749,article788900262.task2-TC.labels
788900262,Loaded_Language,1817,1830,article788900262.task2-TC.labels
788900262,"Name_Calling,Labeling",1858,1891,article788900262.task2-TC.labels
788900262,Flag-Waving,2402,2428,article788900262.task2-TC.labels
788900262,"Name_Calling,Labeling",4190,4224,article788900262.task2-TC.labels
788900262,Loaded_Language,5064,5083,article788900262.task2-TC.labels
788900262,Flag-Waving,6020,6109,article788900262.task2-TC.labels
788900262,Loaded_Language,6658,6675,article788900262.task2-TC.labels
788900262,Loaded_Language,207,230,article788900262.task2-TC.labels
788900262,Flag-Waving,2218,2270,article788900262.task2-TC.labels
788900262,Doubt,4478,4561,article788900262.task2-TC.labels
788900262,Causal_Oversimplification,4877,5017,article788900262.task2-TC.labels
788900262,Doubt,168,269,article788900262.task2-TC.labels
788900262,Black-and-White_Fallacy,2272,2383,article788900262.task2-TC.labels
788900262,Loaded_Language,2696,2711,article788900262.task2-TC.labels
788900262,Loaded_Language,5113,5137,article788900262.task2-TC.labels
788900262,Causal_Oversimplification,6331,6408,article788900262.task2-TC.labels
788900262,Doubt,6490,6583,article788900262.task2-TC.labels
788900262,"Name_Calling,Labeling",6527,6560,article788900262.task2-TC.labels
788900262,"Name_Calling,Labeling",6601,6657,article788900262.task2-TC.labels
788900262,Doubt,1484,1576,article788900262.task2-TC.labels
788900262,Flag-Waving,5263,5313,article788900262.task2-TC.labels
711566593,Black-and-White_Fallacy,1779,1815,article711566593.task2-TC.labels
711566593,Doubt,3631,3710,article711566593.task2-TC.labels
711566593,"Exaggeration,Minimisation",0,27,article711566593.task2-TC.labels
711566593,"Whataboutism,Straw_Men,Red_Herring",254,280,article711566593.task2-TC.labels
711566593,"Whataboutism,Straw_Men,Red_Herring",854,1029,article711566593.task2-TC.labels
711566593,Loaded_Language,1164,1250,article711566593.task2-TC.labels
711566593,Slogans,1381,1441,article711566593.task2-TC.labels
711566593,Loaded_Language,1308,1369,article711566593.task2-TC.labels
711566593,Loaded_Language,1652,1693,article711566593.task2-TC.labels
711566593,Thought-terminating_Cliches,1698,1715,article711566593.task2-TC.labels
711566593,Loaded_Language,1817,1860,article711566593.task2-TC.labels
711566593,Loaded_Language,2228,2255,article711566593.task2-TC.labels
711566593,Loaded_Language,2397,2416,article711566593.task2-TC.labels
711566593,Loaded_Language,2689,2708,article711566593.task2-TC.labels
711566593,"Exaggeration,Minimisation",3305,3356,article711566593.task2-TC.labels
711566593,Appeal_to_fear-prejudice,3534,3609,article711566593.task2-TC.labels
711566593,Loaded_Language,3724,3752,article711566593.task2-TC.labels
711566593,"Exaggeration,Minimisation",4431,4544,article711566593.task2-TC.labels
711566593,"Whataboutism,Straw_Men,Red_Herring",854,1029,article711566593.task2-TC.labels
711566593,Repetition,1189,1195,article711566593.task2-TC.labels
711566593,Repetition,1212,1218,article711566593.task2-TC.labels
711566593,Repetition,1686,1693,article711566593.task2-TC.labels
711566593,Loaded_Language,2132,2168,article711566593.task2-TC.labels
711566593,Appeal_to_Authority,2189,2255,article711566593.task2-TC.labels
711566593,Appeal_to_Authority,2313,2432,article711566593.task2-TC.labels
711566593,Appeal_to_Authority,2435,2644,article711566593.task2-TC.labels
730019938,"Whataboutism,Straw_Men,Red_Herring",1024,1029,article730019938.task2-TC.labels
730019938,"Whataboutism,Straw_Men,Red_Herring",2665,2703,article730019938.task2-TC.labels
730019938,Loaded_Language,2618,2759,article730019938.task2-TC.labels
789121798,Loaded_Language,352,369,article789121798.task2-TC.labels
789121798,Loaded_Language,402,439,article789121798.task2-TC.labels
789121798,"Name_Calling,Labeling",1175,1207,article789121798.task2-TC.labels
789121798,Loaded_Language,3140,3183,article789121798.task2-TC.labels
789121798,"Name_Calling,Labeling",4005,4023,article789121798.task2-TC.labels
789121798,"Exaggeration,Minimisation",2647,2664,article789121798.task2-TC.labels
789121798,"Name_Calling,Labeling",19,35,article789121798.task2-TC.labels
789121798,Slogans,283,298,article789121798.task2-TC.labels
789121798,Loaded_Language,236,249,article789121798.task2-TC.labels
789121798,"Name_Calling,Labeling",441,479,article789121798.task2-TC.labels
789121798,"Name_Calling,Labeling",626,640,article789121798.task2-TC.labels
789121798,Doubt,2339,2416,article789121798.task2-TC.labels
789121798,Causal_Oversimplification,2480,2701,article789121798.task2-TC.labels
789121798,Loaded_Language,2597,2607,article789121798.task2-TC.labels
789121798,Appeal_to_fear-prejudice,2949,3085,article789121798.task2-TC.labels
789121798,Loaded_Language,3087,3096,article789121798.task2-TC.labels
789121798,"Exaggeration,Minimisation",3312,3346,article789121798.task2-TC.labels
789121798,"Name_Calling,Labeling",3366,3386,article789121798.task2-TC.labels
789121798,Causal_Oversimplification,3988,4202,article789121798.task2-TC.labels
789121798,"Exaggeration,Minimisation",4294,4323,article789121798.task2-TC.labels
789121798,"Name_Calling,Labeling",264,298,article789121798.task2-TC.labels
789121798,Loaded_Language,880,891,article789121798.task2-TC.labels
789121798,"Whataboutism,Straw_Men,Red_Herring",1082,1164,article789121798.task2-TC.labels
703056647,Loaded_Language,53,61,article703056647.task2-TC.labels
703056647,Appeal_to_Authority,25,61,article703056647.task2-TC.labels
703056647,Loaded_Language,204,238,article703056647.task2-TC.labels
703056647,"Exaggeration,Minimisation",239,275,article703056647.task2-TC.labels
703056647,Repetition,470,477,article703056647.task2-TC.labels
703056647,Repetition,223,230,article703056647.task2-TC.labels
703056647,Repetition,53,61,article703056647.task2-TC.labels
703056647,Appeal_to_Authority,2412,2475,article703056647.task2-TC.labels
703056647,Causal_Oversimplification,1987,2041,article703056647.task2-TC.labels
703056647,Doubt,2102,2176,article703056647.task2-TC.labels
703056647,Appeal_to_Authority,661,717,article703056647.task2-TC.labels
703056647,Appeal_to_Authority,926,1018,article703056647.task2-TC.labels
703056647,Causal_Oversimplification,1418,1495,article703056647.task2-TC.labels
703056647,"Name_Calling,Labeling",25,36,article703056647.task2-TC.labels
703056647,Appeal_to_fear-prejudice,25,61,article703056647.task2-TC.labels
703056647,Appeal_to_fear-prejudice,223,275,article703056647.task2-TC.labels
703056647,Appeal_to_fear-prejudice,684,717,article703056647.task2-TC.labels
703056647,Appeal_to_fear-prejudice,1109,1140,article703056647.task2-TC.labels
703056647,Appeal_to_fear-prejudice,1919,1984,article703056647.task2-TC.labels
703056647,Appeal_to_fear-prejudice,2412,2473,article703056647.task2-TC.labels
725498022,Loaded_Language,4518,4580,article725498022.task2-TC.labels
725498022,Slogans,6105,6131,article725498022.task2-TC.labels
725498022,"Exaggeration,Minimisation",8065,8084,article725498022.task2-TC.labels
725498022,Thought-terminating_Cliches,16921,16939,article725498022.task2-TC.labels
725498022,"Whataboutism,Straw_Men,Red_Herring",18642,18707,article725498022.task2-TC.labels
725498022,Loaded_Language,757,770,article725498022.task2-TC.labels
725498022,"Name_Calling,Labeling",1058,1085,article725498022.task2-TC.labels
725498022,"Name_Calling,Labeling",1452,1468,article725498022.task2-TC.labels
725498022,Loaded_Language,2686,2720,article725498022.task2-TC.labels
725498022,"Name_Calling,Labeling",4518,4580,article725498022.task2-TC.labels
725498022,Thought-terminating_Cliches,5585,5607,article725498022.task2-TC.labels
725498022,Loaded_Language,5843,5858,article725498022.task2-TC.labels
725498022,Loaded_Language,7181,7203,article725498022.task2-TC.labels
725498022,Loaded_Language,7672,7695,article725498022.task2-TC.labels
725498022,"Name_Calling,Labeling",10212,10237,article725498022.task2-TC.labels
725498022,"Name_Calling,Labeling",10881,10895,article725498022.task2-TC.labels
725498022,"Name_Calling,Labeling",16716,16740,article725498022.task2-TC.labels
725498022,Loaded_Language,17429,17452,article725498022.task2-TC.labels
725498022,"Name_Calling,Labeling",19752,19789,article725498022.task2-TC.labels
725498022,Loaded_Language,20050,20079,article725498022.task2-TC.labels
725498022,Loaded_Language,21226,21249,article725498022.task2-TC.labels
725498022,Appeal_to_fear-prejudice,21723,21950,article725498022.task2-TC.labels
725498022,Loaded_Language,201,211,article725498022.task2-TC.labels
725498022,Loaded_Language,291,302,article725498022.task2-TC.labels
725498022,Loaded_Language,535,581,article725498022.task2-TC.labels
725498022,Loaded_Language,1869,1879,article725498022.task2-TC.labels
725498022,Loaded_Language,3705,3729,article725498022.task2-TC.labels
725498022,"Name_Calling,Labeling",5661,5696,article725498022.task2-TC.labels
725498022,Loaded_Language,6618,6634,article725498022.task2-TC.labels
725498022,Loaded_Language,7261,7279,article725498022.task2-TC.labels
725498022,"Name_Calling,Labeling",8684,8702,article725498022.task2-TC.labels
725498022,"Name_Calling,Labeling",11946,11987,article725498022.task2-TC.labels
725498022,Loaded_Language,14333,14340,article725498022.task2-TC.labels
725498022,Loaded_Language,14373,14389,article725498022.task2-TC.labels
725498022,Loaded_Language,17386,17401,article725498022.task2-TC.labels
725498022,"Name_Calling,Labeling",17832,17837,article725498022.task2-TC.labels
725498022,Doubt,20682,20795,article725498022.task2-TC.labels
725498022,Loaded_Language,21137,21152,article725498022.task2-TC.labels
696735702,Doubt,2630,2685,article696735702.task2-TC.labels
696735702,Doubt,1115,1140,article696735702.task2-TC.labels
696735702,Doubt,3585,3632,article696735702.task2-TC.labels
761674108,Loaded_Language,2560,2574,article761674108.task2-TC.labels
761674108,Loaded_Language,3771,3781,article761674108.task2-TC.labels
761674108,Loaded_Language,3803,3812,article761674108.task2-TC.labels
761674108,Slogans,539,585,article761674108.task2-TC.labels
761674108,"Name_Calling,Labeling",698,716,article761674108.task2-TC.labels
761674108,Slogans,906,947,article761674108.task2-TC.labels
761674108,"Name_Calling,Labeling",975,993,article761674108.task2-TC.labels
761674108,"Whataboutism,Straw_Men,Red_Herring",1041,1070,article761674108.task2-TC.labels
761674108,Loaded_Language,1125,1133,article761674108.task2-TC.labels
761674108,"Name_Calling,Labeling",1153,1182,article761674108.task2-TC.labels
761674108,Loaded_Language,1396,1404,article761674108.task2-TC.labels
761674108,"Exaggeration,Minimisation",1527,1543,article761674108.task2-TC.labels
761674108,Causal_Oversimplification,1549,1615,article761674108.task2-TC.labels
761674108,Doubt,1690,1723,article761674108.task2-TC.labels
761674108,Doubt,1902,1960,article761674108.task2-TC.labels
761674108,Doubt,2267,2292,article761674108.task2-TC.labels
761674108,Flag-Waving,2478,2487,article761674108.task2-TC.labels
761674108,Loaded_Language,2880,2888,article761674108.task2-TC.labels
761674108,Loaded_Language,2892,2899,article761674108.task2-TC.labels
761674108,Flag-Waving,3038,3047,article761674108.task2-TC.labels
761674108,"Name_Calling,Labeling",3286,3295,article761674108.task2-TC.labels
761674108,Loaded_Language,3300,3306,article761674108.task2-TC.labels
761674108,"Exaggeration,Minimisation",3319,3330,article761674108.task2-TC.labels
761674108,"Name_Calling,Labeling",3465,3473,article761674108.task2-TC.labels
761674108,"Exaggeration,Minimisation",3479,3513,article761674108.task2-TC.labels
761674108,Loaded_Language,3674,3681,article761674108.task2-TC.labels
761674108,Repetition,4236,4244,article761674108.task2-TC.labels
761674108,Flag-Waving,4212,4219,article761674108.task2-TC.labels
761674108,Black-and-White_Fallacy,4529,4664,article761674108.task2-TC.labels
761674108,Black-and-White_Fallacy,4666,4715,article761674108.task2-TC.labels
761674108,"Exaggeration,Minimisation",4725,4749,article761674108.task2-TC.labels
761674108,Flag-Waving,4725,4738,article761674108.task2-TC.labels
761674108,Flag-Waving,1167,1180,article761674108.task2-TC.labels
761674108,Flag-Waving,2138,2148,article761674108.task2-TC.labels
761674108,Slogans,2424,2451,article761674108.task2-TC.labels
761674108,Loaded_Language,2489,2517,article761674108.task2-TC.labels
761674108,Loaded_Language,2519,2544,article761674108.task2-TC.labels
761674108,Loaded_Language,2630,2660,article761674108.task2-TC.labels
761674108,Doubt,3578,3626,article761674108.task2-TC.labels
761674108,Loaded_Language,3522,3530,article761674108.task2-TC.labels
761674108,"Name_Calling,Labeling",4083,4095,article761674108.task2-TC.labels
761674108,Doubt,4097,4235,article761674108.task2-TC.labels
761674108,Thought-terminating_Cliches,4693,4715,article761674108.task2-TC.labels
729549972,Repetition,2356,2371,article729549972.task2-TC.labels
729549972,"Name_Calling,Labeling",1303,1321,article729549972.task2-TC.labels
729549972,"Name_Calling,Labeling",1413,1431,article729549972.task2-TC.labels
729549972,"Exaggeration,Minimisation",14,33,article729549972.task2-TC.labels
729549972,"Exaggeration,Minimisation",1652,1701,article729549972.task2-TC.labels
729549972,"Exaggeration,Minimisation",1845,1888,article729549972.task2-TC.labels
729549972,"Exaggeration,Minimisation",2347,2381,article729549972.task2-TC.labels
729549972,Loaded_Language,2356,2371,article729549972.task2-TC.labels
729549972,Loaded_Language,154,169,article729549972.task2-TC.labels
729581752,Appeal_to_Authority,2235,2354,article729581752.task2-TC.labels
729581752,Thought-terminating_Cliches,38,67,article729581752.task2-TC.labels
732610971,"Name_Calling,Labeling",1703,1715,article732610971.task2-TC.labels
732610971,Slogans,434,471,article732610971.task2-TC.labels
732610971,Slogans,2014,2024,article732610971.task2-TC.labels
732610971,"Name_Calling,Labeling",2167,2179,article732610971.task2-TC.labels
732610971,"Bandwagon,Reductio_ad_hitlerum",2297,2360,article732610971.task2-TC.labels
732610971,Repetition,200,223,article732610971.task2-TC.labels
732610971,Repetition,295,311,article732610971.task2-TC.labels
732610971,Flag-Waving,434,471,article732610971.task2-TC.labels
732610971,Flag-Waving,1386,1457,article732610971.task2-TC.labels
732610971,Repetition,1774,1789,article732610971.task2-TC.labels
732610971,Black-and-White_Fallacy,3359,3444,article732610971.task2-TC.labels
732610971,Appeal_to_fear-prejudice,543,636,article732610971.task2-TC.labels
732610971,Flag-Waving,1317,1358,article732610971.task2-TC.labels
732610971,Flag-Waving,1649,1678,article732610971.task2-TC.labels
732610971,Loaded_Language,2211,2217,article732610971.task2-TC.labels
732610971,"Name_Calling,Labeling",2246,2259,article732610971.task2-TC.labels
755170235,"Name_Calling,Labeling",359,368,article755170235.task2-TC.labels
755170235,Appeal_to_fear-prejudice,2778,2810,article755170235.task2-TC.labels
755170235,Loaded_Language,4302,4319,article755170235.task2-TC.labels
755170235,Loaded_Language,4575,4587,article755170235.task2-TC.labels
755170235,Black-and-White_Fallacy,5775,5900,article755170235.task2-TC.labels
762546428,Loaded_Language,371,383,article762546428.task2-TC.labels
762546428,Loaded_Language,965,981,article762546428.task2-TC.labels
762546428,Loaded_Language,3326,3341,article762546428.task2-TC.labels
762546428,Loaded_Language,76,84,article762546428.task2-TC.labels
762546428,Loaded_Language,110,122,article762546428.task2-TC.labels
762546428,Loaded_Language,274,280,article762546428.task2-TC.labels
762546428,Loaded_Language,1172,1180,article762546428.task2-TC.labels
762546428,Loaded_Language,1391,1398,article762546428.task2-TC.labels
762546428,Loaded_Language,3091,3099,article762546428.task2-TC.labels
762546428,Loaded_Language,3238,3251,article762546428.task2-TC.labels
762546428,Loaded_Language,3273,3284,article762546428.task2-TC.labels
762546428,Loaded_Language,1230,1239,article762546428.task2-TC.labels
762546428,Repetition,1284,1296,article762546428.task2-TC.labels
762546428,Repetition,2153,2161,article762546428.task2-TC.labels
762546428,Repetition,2420,2427,article762546428.task2-TC.labels
762546428,Repetition,1727,1734,article762546428.task2-TC.labels
762546428,Repetition,309,318,article762546428.task2-TC.labels
762546428,Repetition,248,262,article762546428.task2-TC.labels
762546428,Repetition,1301,1315,article762546428.task2-TC.labels
762546428,Repetition,2580,2594,article762546428.task2-TC.labels
762546428,Repetition,333,341,article762546428.task2-TC.labels
762546428,Repetition,973,981,article762546428.task2-TC.labels
762546428,Repetition,1158,1166,article762546428.task2-TC.labels
762546428,Repetition,1247,1265,article762546428.task2-TC.labels
762546428,Causal_Oversimplification,2652,2713,article762546428.task2-TC.labels
762546428,"Exaggeration,Minimisation",2890,2943,article762546428.task2-TC.labels
762546428,"Exaggeration,Minimisation",692,700,article762546428.task2-TC.labels
762546428,Flag-Waving,3288,3299,article762546428.task2-TC.labels
762546428,"Name_Calling,Labeling",185,211,article762546428.task2-TC.labels
758477392,Repetition,193,207,article758477392.task2-TC.labels
758477392,Repetition,684,698,article758477392.task2-TC.labels
758477392,Repetition,2393,2406,article758477392.task2-TC.labels
758477392,Repetition,2475,2482,article758477392.task2-TC.labels
758477392,Repetition,2697,2703,article758477392.task2-TC.labels
758477392,Repetition,2922,2928,article758477392.task2-TC.labels
758477392,Repetition,2866,2879,article758477392.task2-TC.labels
758477392,Repetition,3172,3178,article758477392.task2-TC.labels
758477392,Repetition,3557,3573,article758477392.task2-TC.labels
758477392,Repetition,1017,1029,article758477392.task2-TC.labels
758477392,Repetition,2312,2325,article758477392.task2-TC.labels
758477392,Repetition,1481,1494,article758477392.task2-TC.labels
758477392,Repetition,3206,3219,article758477392.task2-TC.labels
730222442,Loaded_Language,170,230,article730222442.task2-TC.labels
730222442,Repetition,2349,2369,article730222442.task2-TC.labels
724791253,"Name_Calling,Labeling",3015,3031,article724791253.task2-TC.labels
724791253,"Exaggeration,Minimisation",118,137,article724791253.task2-TC.labels
724791253,Loaded_Language,189,228,article724791253.task2-TC.labels
724791253,"Exaggeration,Minimisation",459,515,article724791253.task2-TC.labels
724791253,Black-and-White_Fallacy,918,1208,article724791253.task2-TC.labels
724791253,"Name_Calling,Labeling",1223,1265,article724791253.task2-TC.labels
724791253,Loaded_Language,2585,2611,article724791253.task2-TC.labels
724791253,Appeal_to_fear-prejudice,2770,2829,article724791253.task2-TC.labels
724791253,"Exaggeration,Minimisation",3015,3033,article724791253.task2-TC.labels
724791253,Loaded_Language,3048,3065,article724791253.task2-TC.labels
724791253,Loaded_Language,3579,3602,article724791253.task2-TC.labels
724791253,Loaded_Language,3665,3744,article724791253.task2-TC.labels
724791253,"Bandwagon,Reductio_ad_hitlerum",3912,4039,article724791253.task2-TC.labels
724791253,"Whataboutism,Straw_Men,Red_Herring",517,629,article724791253.task2-TC.labels
724791253,Loaded_Language,319,349,article724791253.task2-TC.labels
724791253,Appeal_to_fear-prejudice,918,1206,article724791253.task2-TC.labels
724791253,Loaded_Language,1223,1254,article724791253.task2-TC.labels
724791253,"Name_Calling,Labeling",1799,1804,article724791253.task2-TC.labels
724791253,Appeal_to_Authority,2702,2827,article724791253.task2-TC.labels
724791253,Loaded_Language,3488,3503,article724791253.task2-TC.labels
778139122,Loaded_Language,2509,2516,article778139122.task2-TC.labels
778139122,"Exaggeration,Minimisation",521,555,article778139122.task2-TC.labels
778139122,Appeal_to_fear-prejudice,2417,2617,article778139122.task2-TC.labels
778139122,Loaded_Language,2649,2669,article778139122.task2-TC.labels
778139122,Loaded_Language,5764,5781,article778139122.task2-TC.labels
778139122,Loaded_Language,6616,6637,article778139122.task2-TC.labels
778139122,Loaded_Language,8016,8043,article778139122.task2-TC.labels
778139122,Loaded_Language,9158,9198,article778139122.task2-TC.labels
778139122,"Name_Calling,Labeling",9526,9542,article778139122.task2-TC.labels
778139122,Flag-Waving,591,717,article778139122.task2-TC.labels
778139122,Loaded_Language,7622,7650,article778139122.task2-TC.labels
778139122,Loaded_Language,9213,9224,article778139122.task2-TC.labels
778139122,"Bandwagon,Reductio_ad_hitlerum",9600,9695,article778139122.task2-TC.labels
778139122,Appeal_to_fear-prejudice,11683,11779,article778139122.task2-TC.labels
778139122,Doubt,719,765,article778139122.task2-TC.labels
778139122,"Exaggeration,Minimisation",1614,1653,article778139122.task2-TC.labels
778139122,"Name_Calling,Labeling",1695,1709,article778139122.task2-TC.labels
778139122,Loaded_Language,1913,1984,article778139122.task2-TC.labels
778139122,Loaded_Language,2315,2340,article778139122.task2-TC.labels
778139122,"Name_Calling,Labeling",2784,2813,article778139122.task2-TC.labels
778139122,"Name_Calling,Labeling",2939,2987,article778139122.task2-TC.labels
778139122,"Exaggeration,Minimisation",2993,3104,article778139122.task2-TC.labels
778139122,"Exaggeration,Minimisation",3121,3207,article778139122.task2-TC.labels
778139122,Loaded_Language,4452,4468,article778139122.task2-TC.labels
778139122,"Exaggeration,Minimisation",4606,4637,article778139122.task2-TC.labels
778139122,"Name_Calling,Labeling",4918,4946,article778139122.task2-TC.labels
778139122,"Name_Calling,Labeling",5293,5321,article778139122.task2-TC.labels
778139122,Appeal_to_fear-prejudice,6012,6118,article778139122.task2-TC.labels
778139122,"Name_Calling,Labeling",6572,6614,article778139122.task2-TC.labels
778139122,"Name_Calling,Labeling",6901,6939,article778139122.task2-TC.labels
778139122,Loaded_Language,7343,7379,article778139122.task2-TC.labels
778139122,"Name_Calling,Labeling",8391,8411,article778139122.task2-TC.labels
778139122,"Exaggeration,Minimisation",8413,8443,article778139122.task2-TC.labels
778139122,"Exaggeration,Minimisation",8859,8883,article778139122.task2-TC.labels
778139122,"Exaggeration,Minimisation",9158,9198,article778139122.task2-TC.labels
778139122,"Whataboutism,Straw_Men,Red_Herring",9310,9385,article778139122.task2-TC.labels
778139122,"Exaggeration,Minimisation",9340,9385,article778139122.task2-TC.labels
778139122,"Name_Calling,Labeling",10195,10220,article778139122.task2-TC.labels
778139122,Loaded_Language,10458,10479,article778139122.task2-TC.labels
778139122,Causal_Oversimplification,10283,10382,article778139122.task2-TC.labels
778139122,Slogans,10786,10806,article778139122.task2-TC.labels
778139122,Appeal_to_fear-prejudice,11481,11572,article778139122.task2-TC.labels
778139122,Loaded_Language,11634,11667,article778139122.task2-TC.labels
778139122,Appeal_to_fear-prejudice,11960,12070,article778139122.task2-TC.labels
778139122,Slogans,11820,11876,article778139122.task2-TC.labels
778139122,Loaded_Language,6098,6118,article778139122.task2-TC.labels
778139122,"Whataboutism,Straw_Men,Red_Herring",6643,6815,article778139122.task2-TC.labels
778139122,Doubt,8137,8443,article778139122.task2-TC.labels
778139122,Loaded_Language,11732,11750,article778139122.task2-TC.labels
778139122,Appeal_to_fear-prejudice,11785,11876,article778139122.task2-TC.labels
700387229,Loaded_Language,24,34,article700387229.task2-TC.labels
700387229,Appeal_to_Authority,243,259,article700387229.task2-TC.labels
700387229,Appeal_to_Authority,394,425,article700387229.task2-TC.labels
700387229,Appeal_to_Authority,435,449,article700387229.task2-TC.labels
700387229,Repetition,435,449,article700387229.task2-TC.labels
700387229,Repetition,243,259,article700387229.task2-TC.labels
700387229,Repetition,37,51,article700387229.task2-TC.labels
700387229,Appeal_to_Authority,763,782,article700387229.task2-TC.labels
700387229,Loaded_Language,1123,1133,article700387229.task2-TC.labels
700387229,Appeal_to_Authority,925,966,article700387229.task2-TC.labels
700387229,Appeal_to_Authority,1303,1321,article700387229.task2-TC.labels
700387229,Loaded_Language,2201,2211,article700387229.task2-TC.labels
700387229,Appeal_to_Authority,2948,3026,article700387229.task2-TC.labels
700387229,Repetition,3136,3164,article700387229.task2-TC.labels
700387229,Appeal_to_fear-prejudice,2761,2818,article700387229.task2-TC.labels
700387229,Appeal_to_fear-prejudice,3136,3164,article700387229.task2-TC.labels
765197039,Loaded_Language,2154,2185,article765197039.task2-TC.labels
765197039,Loaded_Language,4397,4404,article765197039.task2-TC.labels
765197039,Loaded_Language,907,911,article765197039.task2-TC.labels
765197039,Loaded_Language,3370,3381,article765197039.task2-TC.labels
765197039,Loaded_Language,3835,3855,article765197039.task2-TC.labels
765197039,Loaded_Language,3846,3855,article765197039.task2-TC.labels
765197039,Loaded_Language,4223,4259,article765197039.task2-TC.labels
765197039,Loaded_Language,403,435,article765197039.task2-TC.labels
765197039,Loaded_Language,3004,3031,article765197039.task2-TC.labels
765197039,Loaded_Language,3897,3904,article765197039.task2-TC.labels
765197039,"Name_Calling,Labeling",4290,4351,article765197039.task2-TC.labels
765197039,"Name_Calling,Labeling",4750,4789,article765197039.task2-TC.labels
765197039,"Name_Calling,Labeling",446,469,article765197039.task2-TC.labels
765197039,"Name_Calling,Labeling",1245,1252,article765197039.task2-TC.labels
765197039,"Name_Calling,Labeling",1338,1352,article765197039.task2-TC.labels
765197039,"Name_Calling,Labeling",2270,2282,article765197039.task2-TC.labels
765197039,"Name_Calling,Labeling",3019,3031,article765197039.task2-TC.labels
765197039,"Name_Calling,Labeling",3208,3230,article765197039.task2-TC.labels
765197039,"Name_Calling,Labeling",3385,3397,article765197039.task2-TC.labels
765197039,"Name_Calling,Labeling",3725,3740,article765197039.task2-TC.labels
765197039,"Name_Calling,Labeling",3909,3929,article765197039.task2-TC.labels
765197039,Appeal_to_fear-prejudice,568,904,article765197039.task2-TC.labels
765197039,Appeal_to_fear-prejudice,3007,3031,article765197039.task2-TC.labels
765197039,Appeal_to_fear-prejudice,1961,2088,article765197039.task2-TC.labels
765197039,"Exaggeration,Minimisation",615,658,article765197039.task2-TC.labels
765197039,"Exaggeration,Minimisation",2609,2629,article765197039.task2-TC.labels
765197039,"Exaggeration,Minimisation",2777,2796,article765197039.task2-TC.labels
765197039,"Exaggeration,Minimisation",4243,4259,article765197039.task2-TC.labels
765197039,"Exaggeration,Minimisation",4310,4351,article765197039.task2-TC.labels
765197039,"Exaggeration,Minimisation",235,256,article765197039.task2-TC.labels
765197039,"Exaggeration,Minimisation",1004,1048,article765197039.task2-TC.labels
765197039,"Exaggeration,Minimisation",1114,1143,article765197039.task2-TC.labels
765197039,"Exaggeration,Minimisation",2306,2342,article765197039.task2-TC.labels
765197039,"Exaggeration,Minimisation",2444,2505,article765197039.task2-TC.labels
765197039,"Exaggeration,Minimisation",4353,4404,article765197039.task2-TC.labels
765197039,"Exaggeration,Minimisation",4572,4603,article765197039.task2-TC.labels
765197039,Repetition,1033,1048,article765197039.task2-TC.labels
765197039,Repetition,2306,2343,article765197039.task2-TC.labels
765197039,Repetition,2444,2459,article765197039.task2-TC.labels
765197039,Repetition,4588,4603,article765197039.task2-TC.labels
765197039,Repetition,698,717,article765197039.task2-TC.labels
765197039,Repetition,3921,3929,article765197039.task2-TC.labels
765197039,Doubt,187,289,article765197039.task2-TC.labels
765197039,Doubt,1058,1143,article765197039.task2-TC.labels
765197039,Doubt,2091,2505,article765197039.task2-TC.labels
765197039,Doubt,4726,4789,article765197039.task2-TC.labels
765197039,Thought-terminating_Cliches,330,368,article765197039.task2-TC.labels
765197039,Appeal_to_Authority,2507,2591,article765197039.task2-TC.labels
765197039,Appeal_to_Authority,2631,2879,article765197039.task2-TC.labels
765197039,Appeal_to_Authority,2881,2962,article765197039.task2-TC.labels
765197039,Appeal_to_Authority,3299,4011,article765197039.task2-TC.labels
765197039,Appeal_to_Authority,4094,4541,article765197039.task2-TC.labels
765197039,Causal_Oversimplification,3489,3644,article765197039.task2-TC.labels
765197039,"Whataboutism,Straw_Men,Red_Herring",4605,4724,article765197039.task2-TC.labels
755814432,Loaded_Language,3304,3321,article755814432.task2-TC.labels
755814432,Loaded_Language,3178,3201,article755814432.task2-TC.labels
755814432,Loaded_Language,1728,1735,article755814432.task2-TC.labels
755814432,Doubt,2538,2565,article755814432.task2-TC.labels
755814432,Flag-Waving,1978,2004,article755814432.task2-TC.labels
755814432,Doubt,2418,2537,article755814432.task2-TC.labels
755814432,Appeal_to_fear-prejudice,3846,3937,article755814432.task2-TC.labels
755814432,Appeal_to_fear-prejudice,3938,3961,article755814432.task2-TC.labels
999000155,"Bandwagon,Reductio_ad_hitlerum",2300,2344,article999000155.task2-TC.labels
999000155,Thought-terminating_Cliches,466,516,article999000155.task2-TC.labels
999000155,"Bandwagon,Reductio_ad_hitlerum",1338,1519,article999000155.task2-TC.labels
999000155,Loaded_Language,2482,2504,article999000155.task2-TC.labels
999000155,Loaded_Language,2686,2706,article999000155.task2-TC.labels
999000155,Causal_Oversimplification,1978,2039,article999000155.task2-TC.labels
715790840,Loaded_Language,1438,1483,article715790840.task2-TC.labels
715790840,Appeal_to_Authority,1616,1846,article715790840.task2-TC.labels
715790840,Loaded_Language,1868,1907,article715790840.task2-TC.labels
715790840,Loaded_Language,1941,1956,article715790840.task2-TC.labels
715790840,Loaded_Language,2293,2319,article715790840.task2-TC.labels
715790840,Loaded_Language,2134,2245,article715790840.task2-TC.labels
754111899,Loaded_Language,972,978,article754111899.task2-TC.labels
769682854,Slogans,253,279,article769682854.task2-TC.labels
769682854,"Exaggeration,Minimisation",224,235,article769682854.task2-TC.labels
769682854,Slogans,1004,1026,article769682854.task2-TC.labels
769682854,Loaded_Language,1579,1586,article769682854.task2-TC.labels
769682854,"Name_Calling,Labeling",1996,2016,article769682854.task2-TC.labels
711622457,"Whataboutism,Straw_Men,Red_Herring",457,573,article711622457.task2-TC.labels
711622457,Thought-terminating_Cliches,575,599,article711622457.task2-TC.labels
711622457,"Whataboutism,Straw_Men,Red_Herring",616,732,article711622457.task2-TC.labels
711622457,Thought-terminating_Cliches,734,757,article711622457.task2-TC.labels
711622457,Causal_Oversimplification,934,997,article711622457.task2-TC.labels
711622457,Appeal_to_fear-prejudice,1095,1251,article711622457.task2-TC.labels
711622457,Appeal_to_fear-prejudice,1882,1969,article711622457.task2-TC.labels
711622457,Black-and-White_Fallacy,2408,2699,article711622457.task2-TC.labels
711622457,Loaded_Language,2754,2812,article711622457.task2-TC.labels
711622457,Appeal_to_fear-prejudice,3303,3459,article711622457.task2-TC.labels
711622457,Flag-Waving,1329,1362,article711622457.task2-TC.labels
711622457,Loaded_Language,489,526,article711622457.task2-TC.labels
711622457,Doubt,813,847,article711622457.task2-TC.labels
711622457,Appeal_to_fear-prejudice,2409,2697,article711622457.task2-TC.labels
757713354,"Name_Calling,Labeling",3626,3633,article757713354.task2-TC.labels
757713354,"Name_Calling,Labeling",3638,3649,article757713354.task2-TC.labels
757713354,"Name_Calling,Labeling",1317,1330,article757713354.task2-TC.labels
757713354,"Exaggeration,Minimisation",46,55,article757713354.task2-TC.labels
757713354,Loaded_Language,84,95,article757713354.task2-TC.labels
757713354,"Name_Calling,Labeling",192,203,article757713354.task2-TC.labels
757713354,"Name_Calling,Labeling",212,227,article757713354.task2-TC.labels
757713354,"Name_Calling,Labeling",304,311,article757713354.task2-TC.labels
757713354,Loaded_Language,495,502,article757713354.task2-TC.labels
757713354,Loaded_Language,522,537,article757713354.task2-TC.labels
757713354,Loaded_Language,762,769,article757713354.task2-TC.labels
757713354,"Name_Calling,Labeling",959,970,article757713354.task2-TC.labels
757713354,"Name_Calling,Labeling",1050,1059,article757713354.task2-TC.labels
757713354,Loaded_Language,1658,1679,article757713354.task2-TC.labels
757713354,Loaded_Language,1751,1766,article757713354.task2-TC.labels
757713354,Loaded_Language,1409,1428,article757713354.task2-TC.labels
757713354,Loaded_Language,2446,2457,article757713354.task2-TC.labels
757713354,Loaded_Language,3053,3065,article757713354.task2-TC.labels
757713354,Loaded_Language,3141,3148,article757713354.task2-TC.labels
757713354,Doubt,3306,3354,article757713354.task2-TC.labels
757713354,Loaded_Language,3513,3530,article757713354.task2-TC.labels
757713354,Doubt,3548,3584,article757713354.task2-TC.labels
757713354,Loaded_Language,1073,1079,article757713354.task2-TC.labels
757713354,Thought-terminating_Cliches,3954,3973,article757713354.task2-TC.labels
701447437,Loaded_Language,50,93,article701447437.task2-TC.labels
701447437,Loaded_Language,189,211,article701447437.task2-TC.labels
701447437,Appeal_to_Authority,363,376,article701447437.task2-TC.labels
701447437,Appeal_to_Authority,1092,1168,article701447437.task2-TC.labels
701447437,Causal_Oversimplification,343,430,article701447437.task2-TC.labels
701447437,Causal_Oversimplification,570,727,article701447437.task2-TC.labels
701447437,"Exaggeration,Minimisation",1423,1442,article701447437.task2-TC.labels
701447437,"Exaggeration,Minimisation",1556,1599,article701447437.task2-TC.labels
701447437,Doubt,1556,1643,article701447437.task2-TC.labels
701447437,Doubt,1649,1722,article701447437.task2-TC.labels
701447437,Doubt,1112,1168,article701447437.task2-TC.labels
701447437,Appeal_to_fear-prejudice,939,1017,article701447437.task2-TC.labels
701447437,"Name_Calling,Labeling",1542,1555,article701447437.task2-TC.labels
770221823,"Name_Calling,Labeling",61,82,article770221823.task2-TC.labels
770221823,Loaded_Language,1053,1367,article770221823.task2-TC.labels
770221823,Appeal_to_fear-prejudice,1604,1724,article770221823.task2-TC.labels
770221823,Loaded_Language,411,417,article770221823.task2-TC.labels
770221823,"Name_Calling,Labeling",1493,1512,article770221823.task2-TC.labels
709732928,Repetition,10768,10775,article709732928.task2-TC.labels
709732928,Repetition,10826,10833,article709732928.task2-TC.labels
709732928,Loaded_Language,1428,1432,article709732928.task2-TC.labels
709732928,Loaded_Language,1811,1820,article709732928.task2-TC.labels
709732928,Loaded_Language,1957,1966,article709732928.task2-TC.labels
709732928,Loaded_Language,8532,8539,article709732928.task2-TC.labels
709732928,Flag-Waving,11982,11997,article709732928.task2-TC.labels
709732928,Loaded_Language,160,172,article709732928.task2-TC.labels
709732928,Loaded_Language,6464,6474,article709732928.task2-TC.labels
709732928,Repetition,8158,8168,article709732928.task2-TC.labels
709732928,"Name_Calling,Labeling",8613,8616,article709732928.task2-TC.labels
709732928,Flag-Waving,10865,10882,article709732928.task2-TC.labels
709732928,Loaded_Language,12,21,article709732928.task2-TC.labels
709732928,Loaded_Language,2169,2173,article709732928.task2-TC.labels
709732928,Loaded_Language,2583,2587,article709732928.task2-TC.labels
709732928,Flag-Waving,7346,7359,article709732928.task2-TC.labels
709732928,Loaded_Language,7579,7590,article709732928.task2-TC.labels
709732928,"Name_Calling,Labeling",8521,8530,article709732928.task2-TC.labels
709732928,"Name_Calling,Labeling",8532,8546,article709732928.task2-TC.labels
709732928,Repetition,10416,10440,article709732928.task2-TC.labels
709732928,Repetition,10525,10552,article709732928.task2-TC.labels
709732928,Repetition,10660,10675,article709732928.task2-TC.labels
709732928,Repetition,2177,2184,article709732928.task2-TC.labels
709732928,Repetition,3682,3689,article709732928.task2-TC.labels
709732928,Repetition,3732,3742,article709732928.task2-TC.labels
709732928,Repetition,8491,8498,article709732928.task2-TC.labels
709732928,Repetition,9458,9465,article709732928.task2-TC.labels
709732928,Loaded_Language,251,259,article709732928.task2-TC.labels
721890296,Repetition,1322,1337,article721890296.task2-TC.labels
721890296,Loaded_Language,2109,2257,article721890296.task2-TC.labels
721890296,Loaded_Language,5173,5238,article721890296.task2-TC.labels
721890296,"Name_Calling,Labeling",4429,4451,article721890296.task2-TC.labels
721890296,"Name_Calling,Labeling",70,87,article721890296.task2-TC.labels
721890296,Appeal_to_Authority,48,87,article721890296.task2-TC.labels
721890296,Repetition,71,87,article721890296.task2-TC.labels
721890296,Repetition,168,183,article721890296.task2-TC.labels
721890296,Repetition,260,275,article721890296.task2-TC.labels
721890296,Repetition,883,898,article721890296.task2-TC.labels
721890296,Repetition,3895,3910,article721890296.task2-TC.labels
721890296,Repetition,4486,4501,article721890296.task2-TC.labels
721890296,Repetition,4661,4676,article721890296.task2-TC.labels
721890296,Repetition,4764,4779,article721890296.task2-TC.labels
721890296,Appeal_to_Authority,1825,1854,article721890296.task2-TC.labels
721890296,"Exaggeration,Minimisation",2934,2986,article721890296.task2-TC.labels
721890296,Repetition,3053,3061,article721890296.task2-TC.labels
721890296,Appeal_to_Authority,3427,3477,article721890296.task2-TC.labels
721890296,"Exaggeration,Minimisation",3501,3539,article721890296.task2-TC.labels
721890296,Loaded_Language,5013,5164,article721890296.task2-TC.labels
721890296,Thought-terminating_Cliches,5165,5172,article721890296.task2-TC.labels
721890296,Loaded_Language,759,790,article721890296.task2-TC.labels
721890296,Flag-Waving,4122,4385,article721890296.task2-TC.labels
721890296,Loaded_Language,25,46,article721890296.task2-TC.labels
721890296,Loaded_Language,560,579,article721890296.task2-TC.labels
721890296,Loaded_Language,2091,2105,article721890296.task2-TC.labels
721890296,Black-and-White_Fallacy,2456,2567,article721890296.task2-TC.labels
721890296,Loaded_Language,2817,2860,article721890296.task2-TC.labels
721890296,Flag-Waving,3616,3643,article721890296.task2-TC.labels
721890296,Appeal_to_fear-prejudice,3541,3614,article721890296.task2-TC.labels
721890296,Repetition,3645,3662,article721890296.task2-TC.labels
721890296,Repetition,3682,3702,article721890296.task2-TC.labels
721890296,Flag-Waving,3914,3947,article721890296.task2-TC.labels
721890296,Flag-Waving,4020,4064,article721890296.task2-TC.labels
721890296,Repetition,4900,4918,article721890296.task2-TC.labels
721890296,Appeal_to_fear-prejudice,4923,5011,article721890296.task2-TC.labels
721890296,Appeal_to_fear-prejudice,5032,5058,article721890296.task2-TC.labels
721890296,"Name_Calling,Labeling",5131,5162,article721890296.task2-TC.labels
761968851,Causal_Oversimplification,3843,3984,article761968851.task2-TC.labels
761968851,Flag-Waving,5797,5816,article761968851.task2-TC.labels
761968851,Loaded_Language,149,172,article761968851.task2-TC.labels
761968851,Causal_Oversimplification,993,1069,article761968851.task2-TC.labels
761968851,Loaded_Language,1641,1660,article761968851.task2-TC.labels
761968851,Loaded_Language,5243,5254,article761968851.task2-TC.labels
761968851,Loaded_Language,5950,5969,article761968851.task2-TC.labels
761968851,Loaded_Language,6237,6257,article761968851.task2-TC.labels
761968851,Repetition,6389,6408,article761968851.task2-TC.labels
761968851,Loaded_Language,7163,7170,article761968851.task2-TC.labels
761968851,Loaded_Language,755,774,article761968851.task2-TC.labels
761968851,Loaded_Language,787,804,article761968851.task2-TC.labels
761968851,Loaded_Language,4199,4205,article761968851.task2-TC.labels
761968851,"Name_Calling,Labeling",5258,5274,article761968851.task2-TC.labels
774637726,Loaded_Language,602,612,article774637726.task2-TC.labels
774637726,Repetition,709,776,article774637726.task2-TC.labels
774637726,Loaded_Language,1607,1613,article774637726.task2-TC.labels
774637726,Loaded_Language,2635,2656,article774637726.task2-TC.labels
774637726,"Name_Calling,Labeling",284,303,article774637726.task2-TC.labels
774637726,Repetition,1867,1871,article774637726.task2-TC.labels
774637726,Repetition,1905,1909,article774637726.task2-TC.labels
774637726,"Name_Calling,Labeling",2098,2104,article774637726.task2-TC.labels
774637726,Repetition,2567,2572,article774637726.task2-TC.labels
774637726,Repetition,2614,2619,article774637726.task2-TC.labels
774637726,Repetition,2687,2692,article774637726.task2-TC.labels
774637726,"Name_Calling,Labeling",2708,2715,article774637726.task2-TC.labels
728343601,"Name_Calling,Labeling",125,144,article728343601.task2-TC.labels
728343601,Loaded_Language,1451,1492,article728343601.task2-TC.labels
728343601,Loaded_Language,1952,1976,article728343601.task2-TC.labels
728343601,Appeal_to_fear-prejudice,2865,2889,article728343601.task2-TC.labels
728343601,"Name_Calling,Labeling",4630,4651,article728343601.task2-TC.labels
728343601,"Name_Calling,Labeling",4694,4712,article728343601.task2-TC.labels
728343601,Loaded_Language,1025,1047,article728343601.task2-TC.labels
728343601,Loaded_Language,1673,1744,article728343601.task2-TC.labels
696246189,Repetition,861,882,article696246189.task2-TC.labels
696246189,"Whataboutism,Straw_Men,Red_Herring",2552,2645,article696246189.task2-TC.labels
696246189,Repetition,2848,2898,article696246189.task2-TC.labels
696246189,Repetition,3236,3277,article696246189.task2-TC.labels
703821117,Loaded_Language,2350,2366,article703821117.task2-TC.labels
703821117,Loaded_Language,3483,3500,article703821117.task2-TC.labels
703821117,"Name_Calling,Labeling",11087,11105,article703821117.task2-TC.labels
703821117,Loaded_Language,11655,11671,article703821117.task2-TC.labels
703821117,"Name_Calling,Labeling",12003,12039,article703821117.task2-TC.labels
703821117,"Exaggeration,Minimisation",12349,12363,article703821117.task2-TC.labels
703821117,Loaded_Language,14142,14158,article703821117.task2-TC.labels
703821117,Loaded_Language,16781,16835,article703821117.task2-TC.labels
703821117,Appeal_to_fear-prejudice,17552,17689,article703821117.task2-TC.labels
703821117,"Exaggeration,Minimisation",179,236,article703821117.task2-TC.labels
703821117,Causal_Oversimplification,114,174,article703821117.task2-TC.labels
703821117,Flag-Waving,472,532,article703821117.task2-TC.labels
703821117,Flag-Waving,833,880,article703821117.task2-TC.labels
703821117,"Name_Calling,Labeling",2475,2523,article703821117.task2-TC.labels
703821117,"Exaggeration,Minimisation",3368,3383,article703821117.task2-TC.labels
703821117,"Exaggeration,Minimisation",3519,3571,article703821117.task2-TC.labels
703821117,"Exaggeration,Minimisation",3893,3974,article703821117.task2-TC.labels
703821117,"Exaggeration,Minimisation",5022,5080,article703821117.task2-TC.labels
703821117,Causal_Oversimplification,5281,5373,article703821117.task2-TC.labels
703821117,"Name_Calling,Labeling",6445,6453,article703821117.task2-TC.labels
703821117,Causal_Oversimplification,6520,6609,article703821117.task2-TC.labels
703821117,"Exaggeration,Minimisation",6620,6637,article703821117.task2-TC.labels
703821117,Flag-Waving,7264,7314,article703821117.task2-TC.labels
703821117,Loaded_Language,7674,7693,article703821117.task2-TC.labels
703821117,Doubt,10469,10570,article703821117.task2-TC.labels
703821117,"Whataboutism,Straw_Men,Red_Herring",10572,10680,article703821117.task2-TC.labels
703821117,Doubt,10697,10805,article703821117.task2-TC.labels
703821117,"Exaggeration,Minimisation",10740,10765,article703821117.task2-TC.labels
703821117,"Whataboutism,Straw_Men,Red_Herring",10860,10997,article703821117.task2-TC.labels
703821117,"Exaggeration,Minimisation",10820,10845,article703821117.task2-TC.labels
703821117,Doubt,11221,11328,article703821117.task2-TC.labels
703821117,Repetition,12149,12243,article703821117.task2-TC.labels
703821117,"Name_Calling,Labeling",13152,13167,article703821117.task2-TC.labels
703821117,Loaded_Language,13316,13369,article703821117.task2-TC.labels
703821117,"Exaggeration,Minimisation",13902,13935,article703821117.task2-TC.labels
703821117,Causal_Oversimplification,13936,13958,article703821117.task2-TC.labels
703821117,Causal_Oversimplification,13960,14030,article703821117.task2-TC.labels
703821117,Repetition,18531,18550,article703821117.task2-TC.labels
703821117,Flag-Waving,14419,14458,article703821117.task2-TC.labels
703821117,Causal_Oversimplification,14511,14640,article703821117.task2-TC.labels
703821117,Causal_Oversimplification,14752,14920,article703821117.task2-TC.labels
703821117,Thought-terminating_Cliches,15047,15069,article703821117.task2-TC.labels
703821117,Causal_Oversimplification,15216,15279,article703821117.task2-TC.labels
703821117,Causal_Oversimplification,15785,15851,article703821117.task2-TC.labels
703821117,Loaded_Language,16195,16231,article703821117.task2-TC.labels
703821117,Causal_Oversimplification,16335,16411,article703821117.task2-TC.labels
703821117,Loaded_Language,16976,17013,article703821117.task2-TC.labels
703821117,Appeal_to_Authority,17016,17049,article703821117.task2-TC.labels
703821117,"Name_Calling,Labeling",18269,18325,article703821117.task2-TC.labels
703821117,"Exaggeration,Minimisation",18378,18396,article703821117.task2-TC.labels
703821117,Flag-Waving,18447,18550,article703821117.task2-TC.labels
703821117,"Exaggeration,Minimisation",18604,18639,article703821117.task2-TC.labels
703821117,Loaded_Language,195,222,article703821117.task2-TC.labels
703821117,"Bandwagon,Reductio_ad_hitlerum",5281,5323,article703821117.task2-TC.labels
703821117,"Bandwagon,Reductio_ad_hitlerum",6046,6098,article703821117.task2-TC.labels
703821117,Appeal_to_fear-prejudice,17150,17244,article703821117.task2-TC.labels
703821117,"Bandwagon,Reductio_ad_hitlerum",18275,18323,article703821117.task2-TC.labels
111111123,Loaded_Language,4321,4333,article111111123.task2-TC.labels
999000136,Thought-terminating_Cliches,2291,2311,article999000136.task2-TC.labels
999000136,"Exaggeration,Minimisation",2357,2419,article999000136.task2-TC.labels
999000136,Repetition,2649,2670,article999000136.task2-TC.labels
999000136,Loaded_Language,2833,2845,article999000136.task2-TC.labels
999000136,Loaded_Language,194,213,article999000136.task2-TC.labels
999000136,Thought-terminating_Cliches,1475,1502,article999000136.task2-TC.labels
999000136,Loaded_Language,2264,2288,article999000136.task2-TC.labels
999000136,Loaded_Language,2291,2310,article999000136.task2-TC.labels
999000136,"Name_Calling,Labeling",2902,2914,article999000136.task2-TC.labels
999000136,Flag-Waving,2888,3071,article999000136.task2-TC.labels
999000136,"Name_Calling,Labeling",105,160,article999000136.task2-TC.labels
999000136,Loaded_Language,2033,2058,article999000136.task2-TC.labels
999000136,Loaded_Language,2159,2184,article999000136.task2-TC.labels
999000136,Loaded_Language,2200,2220,article999000136.task2-TC.labels
708487008,"Name_Calling,Labeling",0,11,article708487008.task2-TC.labels
708487008,Repetition,339,374,article708487008.task2-TC.labels
708487008,Appeal_to_Authority,602,714,article708487008.task2-TC.labels
708487008,Repetition,820,857,article708487008.task2-TC.labels
708487008,"Name_Calling,Labeling",1735,1746,article708487008.task2-TC.labels
708487008,Appeal_to_fear-prejudice,21,58,article708487008.task2-TC.labels
708487008,Appeal_to_fear-prejudice,160,267,article708487008.task2-TC.labels
708487008,Appeal_to_fear-prejudice,1721,1753,article708487008.task2-TC.labels
775448623,Doubt,1743,1825,article775448623.task2-TC.labels
775448623,"Name_Calling,Labeling",2451,2491,article775448623.task2-TC.labels
775448623,Loaded_Language,2632,2644,article775448623.task2-TC.labels
775448623,Doubt,2632,2753,article775448623.task2-TC.labels
775448623,"Name_Calling,Labeling",1373,1476,article775448623.task2-TC.labels
775448623,Appeal_to_fear-prejudice,2856,3300,article775448623.task2-TC.labels
775448623,Loaded_Language,17,41,article775448623.task2-TC.labels
775448623,Loaded_Language,334,342,article775448623.task2-TC.labels
775448623,"Name_Calling,Labeling",343,417,article775448623.task2-TC.labels
775448623,"Name_Calling,Labeling",722,732,article775448623.task2-TC.labels
775448623,Doubt,813,1045,article775448623.task2-TC.labels
775448623,Loaded_Language,1722,1740,article775448623.task2-TC.labels
775448623,Loaded_Language,2168,2191,article775448623.task2-TC.labels
775448623,Loaded_Language,3184,3203,article775448623.task2-TC.labels
775448623,Loaded_Language,3229,3250,article775448623.task2-TC.labels
775448623,"Bandwagon,Reductio_ad_hitlerum",2856,2965,article775448623.task2-TC.labels
727497152,Loaded_Language,516,529,article727497152.task2-TC.labels
727497152,Loaded_Language,10,18,article727497152.task2-TC.labels
727497152,Doubt,491,695,article727497152.task2-TC.labels
722512241,Doubt,2751,2838,article722512241.task2-TC.labels
722512241,Appeal_to_fear-prejudice,391,570,article722512241.task2-TC.labels
722512241,"Name_Calling,Labeling",3903,3925,article722512241.task2-TC.labels
722512241,Appeal_to_fear-prejudice,37,98,article722512241.task2-TC.labels
722512241,Loaded_Language,168,309,article722512241.task2-TC.labels
722512241,"Exaggeration,Minimisation",572,729,article722512241.task2-TC.labels
722512241,Black-and-White_Fallacy,2490,2594,article722512241.task2-TC.labels
722512241,Black-and-White_Fallacy,3673,3733,article722512241.task2-TC.labels
722512241,Black-and-White_Fallacy,3840,3886,article722512241.task2-TC.labels
722512241,Loaded_Language,3903,3925,article722512241.task2-TC.labels
722512241,Loaded_Language,3941,3962,article722512241.task2-TC.labels
722512241,Loaded_Language,3978,4008,article722512241.task2-TC.labels
722512241,Black-and-White_Fallacy,4325,4417,article722512241.task2-TC.labels
722512241,"Bandwagon,Reductio_ad_hitlerum",5116,5333,article722512241.task2-TC.labels
722512241,Black-and-White_Fallacy,5527,5589,article722512241.task2-TC.labels
722512241,"Whataboutism,Straw_Men,Red_Herring",5787,5934,article722512241.task2-TC.labels
722512241,Loaded_Language,6338,6377,article722512241.task2-TC.labels
722512241,Loaded_Language,6673,6846,article722512241.task2-TC.labels
722512241,Appeal_to_fear-prejudice,6847,7044,article722512241.task2-TC.labels
722512241,Black-and-White_Fallacy,7424,7546,article722512241.task2-TC.labels
722512241,Appeal_to_fear-prejudice,7552,7698,article722512241.task2-TC.labels
722512241,Appeal_to_fear-prejudice,7933,8111,article722512241.task2-TC.labels
722512241,Loaded_Language,7933,7967,article722512241.task2-TC.labels
722512241,Appeal_to_fear-prejudice,7276,7398,article722512241.task2-TC.labels
999000849,Repetition,943,963,article999000849.task2-TC.labels
999000849,Loaded_Language,630,650,article999000849.task2-TC.labels
999000849,Loaded_Language,2547,2563,article999000849.task2-TC.labels
999000849,Repetition,3370,3386,article999000849.task2-TC.labels
999000849,Loaded_Language,2724,2736,article999000849.task2-TC.labels
999000849,Loaded_Language,3967,3972,article999000849.task2-TC.labels
723883127,Loaded_Language,482,499,article723883127.task2-TC.labels
723883127,Repetition,1091,1096,article723883127.task2-TC.labels
723883127,Loaded_Language,1053,1064,article723883127.task2-TC.labels
723883127,Loaded_Language,1789,1822,article723883127.task2-TC.labels
723883127,Loaded_Language,2458,2486,article723883127.task2-TC.labels
723883127,Loaded_Language,0,5,article723883127.task2-TC.labels
723883127,Loaded_Language,160,173,article723883127.task2-TC.labels
723883127,"Name_Calling,Labeling",2475,2486,article723883127.task2-TC.labels
764609985,Loaded_Language,7112,7118,article764609985.task2-TC.labels
764609985,"Name_Calling,Labeling",7224,7235,article764609985.task2-TC.labels
764609985,Flag-Waving,675,694,article764609985.task2-TC.labels
764609985,Doubt,6332,6366,article764609985.task2-TC.labels
764609985,Loaded_Language,5497,5509,article764609985.task2-TC.labels
764609985,Loaded_Language,5513,5522,article764609985.task2-TC.labels
764609985,Loaded_Language,8747,8765,article764609985.task2-TC.labels
764609985,Loaded_Language,10403,10413,article764609985.task2-TC.labels
764609985,Loaded_Language,288,296,article764609985.task2-TC.labels
764609985,Loaded_Language,500,507,article764609985.task2-TC.labels
764609985,Loaded_Language,1681,1685,article764609985.task2-TC.labels
764609985,Loaded_Language,2352,2362,article764609985.task2-TC.labels
764609985,Loaded_Language,2463,2471,article764609985.task2-TC.labels
764609985,Doubt,2550,2764,article764609985.task2-TC.labels
764609985,Loaded_Language,2992,3003,article764609985.task2-TC.labels
764609985,Loaded_Language,3574,3578,article764609985.task2-TC.labels
764609985,Loaded_Language,3701,3707,article764609985.task2-TC.labels
764609985,Loaded_Language,4675,4681,article764609985.task2-TC.labels
764609985,Loaded_Language,4924,4933,article764609985.task2-TC.labels
764609985,Doubt,5891,6090,article764609985.task2-TC.labels
764609985,Doubt,5496,5541,article764609985.task2-TC.labels
764609985,Loaded_Language,8497,8514,article764609985.task2-TC.labels
764609985,Appeal_to_Authority,10188,10225,article764609985.task2-TC.labels
764609985,Loaded_Language,7247,7251,article764609985.task2-TC.labels
764609985,Repetition,8701,8718,article764609985.task2-TC.labels
764609985,Loaded_Language,11038,11048,article764609985.task2-TC.labels
724095467,Loaded_Language,145,161,article724095467.task2-TC.labels
724095467,Doubt,3785,3878,article724095467.task2-TC.labels
724095467,Doubt,165,218,article724095467.task2-TC.labels
724095467,Doubt,2792,2857,article724095467.task2-TC.labels
724095467,"Exaggeration,Minimisation",2963,2970,article724095467.task2-TC.labels
724095467,Doubt,3709,3784,article724095467.task2-TC.labels
724095467,Doubt,3932,3984,article724095467.task2-TC.labels
724095467,Loaded_Language,165,196,article724095467.task2-TC.labels
724095467,Loaded_Language,599,620,article724095467.task2-TC.labels
724095467,Loaded_Language,3735,3766,article724095467.task2-TC.labels
724095467,Doubt,3883,3931,article724095467.task2-TC.labels
711596363,Flag-Waving,4373,4389,article711596363.task2-TC.labels
711596363,Loaded_Language,13,33,article711596363.task2-TC.labels
711596363,Loaded_Language,258,277,article711596363.task2-TC.labels
711596363,Loaded_Language,1194,1252,article711596363.task2-TC.labels
711596363,Loaded_Language,1408,1421,article711596363.task2-TC.labels
711596363,Loaded_Language,3136,3156,article711596363.task2-TC.labels
711596363,Loaded_Language,3065,3084,article711596363.task2-TC.labels
711596363,Loaded_Language,3277,3297,article711596363.task2-TC.labels
711596363,Appeal_to_fear-prejudice,3700,3872,article711596363.task2-TC.labels
711596363,Loaded_Language,3973,3992,article711596363.task2-TC.labels
711596363,Loaded_Language,4573,4625,article711596363.task2-TC.labels
711596363,Loaded_Language,4626,4665,article711596363.task2-TC.labels
711596363,Loaded_Language,4738,4768,article711596363.task2-TC.labels
711596363,Loaded_Language,5391,5412,article711596363.task2-TC.labels
711596363,Loaded_Language,5627,5646,article711596363.task2-TC.labels
711596363,Loaded_Language,5647,5678,article711596363.task2-TC.labels
711596363,"Exaggeration,Minimisation",1944,1954,article711596363.task2-TC.labels
711596363,Loaded_Language,3173,3189,article711596363.task2-TC.labels
711596363,Causal_Oversimplification,3894,4008,article711596363.task2-TC.labels
711596363,Causal_Oversimplification,4985,5098,article711596363.task2-TC.labels
711596363,Loaded_Language,5745,5779,article711596363.task2-TC.labels
713130996,"Bandwagon,Reductio_ad_hitlerum",4555,4677,article713130996.task2-TC.labels
713130996,Loaded_Language,962,1013,article713130996.task2-TC.labels
713130996,"Name_Calling,Labeling",1296,1317,article713130996.task2-TC.labels
713130996,Slogans,1783,1798,article713130996.task2-TC.labels
713130996,Loaded_Language,2698,2734,article713130996.task2-TC.labels
713130996,"Bandwagon,Reductio_ad_hitlerum",3778,3984,article713130996.task2-TC.labels
713130996,"Exaggeration,Minimisation",4355,4463,article713130996.task2-TC.labels
713130996,"Name_Calling,Labeling",5251,5271,article713130996.task2-TC.labels
713130996,Causal_Oversimplification,5222,5332,article713130996.task2-TC.labels
713130996,Appeal_to_Authority,2149,2196,article713130996.task2-TC.labels
728680557,Loaded_Language,663,699,article728680557.task2-TC.labels
728680557,Loaded_Language,1475,1537,article728680557.task2-TC.labels
728680557,Loaded_Language,1624,1748,article728680557.task2-TC.labels
728680557,Loaded_Language,1990,2203,article728680557.task2-TC.labels
741655444,Repetition,351,361,article741655444.task2-TC.labels
741655444,Appeal_to_fear-prejudice,354,381,article741655444.task2-TC.labels
741655444,"Exaggeration,Minimisation",459,522,article741655444.task2-TC.labels
741655444,"Name_Calling,Labeling",802,829,article741655444.task2-TC.labels
741655444,"Exaggeration,Minimisation",1648,1670,article741655444.task2-TC.labels
741655444,Loaded_Language,1924,1933,article741655444.task2-TC.labels
741655444,Loaded_Language,2277,2320,article741655444.task2-TC.labels
741655444,Doubt,383,522,article741655444.task2-TC.labels
795693029,"Exaggeration,Minimisation",335,348,article795693029.task2-TC.labels
795693029,Loaded_Language,383,392,article795693029.task2-TC.labels
795693029,Black-and-White_Fallacy,399,482,article795693029.task2-TC.labels
795693029,Appeal_to_fear-prejudice,1436,1460,article795693029.task2-TC.labels
795693029,Loaded_Language,1969,1976,article795693029.task2-TC.labels
795693029,Loaded_Language,2170,2179,article795693029.task2-TC.labels
795693029,Flag-Waving,461,482,article795693029.task2-TC.labels
795693029,Flag-Waving,1980,1991,article795693029.task2-TC.labels
795693029,Flag-Waving,1995,2014,article795693029.task2-TC.labels
789370909,Loaded_Language,3212,3231,article789370909.task2-TC.labels
789370909,Loaded_Language,11058,11070,article789370909.task2-TC.labels
789370909,"Exaggeration,Minimisation",2009,2030,article789370909.task2-TC.labels
789370909,"Exaggeration,Minimisation",10444,10485,article789370909.task2-TC.labels
789370909,Loaded_Language,53,78,article789370909.task2-TC.labels
789370909,Loaded_Language,459,491,article789370909.task2-TC.labels
789370909,"Name_Calling,Labeling",1894,1919,article789370909.task2-TC.labels
789370909,Slogans,2148,2171,article789370909.task2-TC.labels
789370909,Loaded_Language,4056,4071,article789370909.task2-TC.labels
789370909,Repetition,4416,4439,article789370909.task2-TC.labels
789370909,Loaded_Language,4736,4756,article789370909.task2-TC.labels
789370909,"Name_Calling,Labeling",6861,6881,article789370909.task2-TC.labels
789370909,"Name_Calling,Labeling",8063,8083,article789370909.task2-TC.labels
789370909,Slogans,8985,9015,article789370909.task2-TC.labels
789370909,"Name_Calling,Labeling",9255,9271,article789370909.task2-TC.labels
789370909,Causal_Oversimplification,9306,9433,article789370909.task2-TC.labels
789370909,Repetition,9840,9870,article789370909.task2-TC.labels
789370909,Repetition,11722,11746,article789370909.task2-TC.labels
789370909,Slogans,11848,11871,article789370909.task2-TC.labels
789370909,Loaded_Language,11837,11843,article789370909.task2-TC.labels
789370909,Doubt,5762,5843,article789370909.task2-TC.labels
789370909,Doubt,5939,6056,article789370909.task2-TC.labels
789370909,Doubt,7380,7572,article789370909.task2-TC.labels
789370909,Doubt,8517,8597,article789370909.task2-TC.labels
789370909,Appeal_to_Authority,9135,9210,article789370909.task2-TC.labels
789370909,Flag-Waving,10867,10940,article789370909.task2-TC.labels
789370909,Flag-Waving,11625,11705,article789370909.task2-TC.labels
787002327,Causal_Oversimplification,2110,2257,article787002327.task2-TC.labels
787002327,Loaded_Language,2707,2728,article787002327.task2-TC.labels
787002327,Loaded_Language,4104,4173,article787002327.task2-TC.labels
787002327,Loaded_Language,4630,4648,article787002327.task2-TC.labels
787002327,Loaded_Language,4710,4757,article787002327.task2-TC.labels
787002327,"Name_Calling,Labeling",5606,5625,article787002327.task2-TC.labels
787002327,"Name_Calling,Labeling",5916,5942,article787002327.task2-TC.labels
787002327,"Name_Calling,Labeling",6166,6190,article787002327.task2-TC.labels
787002327,Loaded_Language,6195,6208,article787002327.task2-TC.labels
787002327,Appeal_to_fear-prejudice,6813,7147,article787002327.task2-TC.labels
787002327,"Bandwagon,Reductio_ad_hitlerum",3152,3178,article787002327.task2-TC.labels
787002327,"Name_Calling,Labeling",3557,3572,article787002327.task2-TC.labels
787002327,"Name_Calling,Labeling",3582,3597,article787002327.task2-TC.labels
787002327,"Name_Calling,Labeling",184,203,article787002327.task2-TC.labels
787002327,Loaded_Language,215,251,article787002327.task2-TC.labels
787002327,"Name_Calling,Labeling",288,307,article787002327.task2-TC.labels
787002327,"Name_Calling,Labeling",363,386,article787002327.task2-TC.labels
787002327,Loaded_Language,459,502,article787002327.task2-TC.labels
787002327,"Name_Calling,Labeling",542,563,article787002327.task2-TC.labels
787002327,Loaded_Language,682,705,article787002327.task2-TC.labels
787002327,Causal_Oversimplification,838,1019,article787002327.task2-TC.labels
787002327,"Exaggeration,Minimisation",1109,1160,article787002327.task2-TC.labels
787002327,"Name_Calling,Labeling",1195,1219,article787002327.task2-TC.labels
787002327,"Name_Calling,Labeling",1266,1285,article787002327.task2-TC.labels
787002327,Loaded_Language,1356,1370,article787002327.task2-TC.labels
787002327,"Name_Calling,Labeling",1471,1505,article787002327.task2-TC.labels
787002327,"Name_Calling,Labeling",1801,1817,article787002327.task2-TC.labels
787002327,Causal_Oversimplification,1709,1881,article787002327.task2-TC.labels
787002327,"Name_Calling,Labeling",1961,1980,article787002327.task2-TC.labels
787002327,"Exaggeration,Minimisation",2263,2357,article787002327.task2-TC.labels
787002327,"Name_Calling,Labeling",2458,2492,article787002327.task2-TC.labels
787002327,"Exaggeration,Minimisation",2867,2897,article787002327.task2-TC.labels
787002327,"Name_Calling,Labeling",4007,4032,article787002327.task2-TC.labels
787002327,Repetition,4019,4032,article787002327.task2-TC.labels
787002327,"Name_Calling,Labeling",4193,4225,article787002327.task2-TC.labels
787002327,Loaded_Language,4412,4433,article787002327.task2-TC.labels
787002327,Loaded_Language,5243,5248,article787002327.task2-TC.labels
787002327,"Name_Calling,Labeling",5252,5303,article787002327.task2-TC.labels
787002327,Loaded_Language,5467,5544,article787002327.task2-TC.labels
787002327,Flag-Waving,5508,5544,article787002327.task2-TC.labels
787002327,"Exaggeration,Minimisation",5667,5770,article787002327.task2-TC.labels
787002327,Loaded_Language,5908,5915,article787002327.task2-TC.labels
787002327,Loaded_Language,6064,6087,article787002327.task2-TC.labels
787002327,Loaded_Language,6460,6489,article787002327.task2-TC.labels
787002327,Loaded_Language,6530,6548,article787002327.task2-TC.labels
787002327,"Bandwagon,Reductio_ad_hitlerum",6739,6759,article787002327.task2-TC.labels
787002327,Flag-Waving,6739,6811,article787002327.task2-TC.labels
787002327,"Name_Calling,Labeling",6931,6948,article787002327.task2-TC.labels
787002327,Loaded_Language,7092,7110,article787002327.task2-TC.labels
787002327,"Bandwagon,Reductio_ad_hitlerum",7114,7130,article787002327.task2-TC.labels
787002327,Flag-Waving,7149,7200,article787002327.task2-TC.labels
787002327,Loaded_Language,2270,2288,article787002327.task2-TC.labels
787002327,Doubt,3103,3203,article787002327.task2-TC.labels
735815503,Loaded_Language,60,176,article735815503.task2-TC.labels
735815503,"Name_Calling,Labeling",29,38,article735815503.task2-TC.labels
718312499,Doubt,124,231,article718312499.task2-TC.labels
111111111,Appeal_to_Authority,265,323,article111111111.task2-TC.labels
111111111,Appeal_to_Authority,1795,1935,article111111111.task2-TC.labels
111111111,Doubt,149,157,article111111111.task2-TC.labels
111111111,Repetition,1069,1091,article111111111.task2-TC.labels
111111111,Appeal_to_fear-prejudice,1334,1462,article111111111.task2-TC.labels
111111111,Appeal_to_fear-prejudice,1577,1616,article111111111.task2-TC.labels
111111111,Appeal_to_fear-prejudice,1856,1910,article111111111.task2-TC.labels
111111111,Appeal_to_fear-prejudice,2023,2086,article111111111.task2-TC.labels
706636401,Loaded_Language,3353,3363,article706636401.task2-TC.labels
706636401,Doubt,3802,3966,article706636401.task2-TC.labels
706636401,Doubt,992,1001,article706636401.task2-TC.labels
706636401,Doubt,2911,2939,article706636401.task2-TC.labels
706636401,Doubt,3724,3747,article706636401.task2-TC.labels
706636401,Loaded_Language,3934,3952,article706636401.task2-TC.labels
782017101,Loaded_Language,1282,1289,article782017101.task2-TC.labels
782017101,Loaded_Language,1453,1461,article782017101.task2-TC.labels
782017101,Loaded_Language,6893,6901,article782017101.task2-TC.labels
782017101,Loaded_Language,7156,7178,article782017101.task2-TC.labels
782017101,Loaded_Language,1690,1697,article782017101.task2-TC.labels
782017101,"Name_Calling,Labeling",3309,3321,article782017101.task2-TC.labels
782017101,Loaded_Language,229,239,article782017101.task2-TC.labels
782017101,Loaded_Language,253,261,article782017101.task2-TC.labels
782017101,Loaded_Language,1149,1157,article782017101.task2-TC.labels
782017101,Causal_Oversimplification,2333,2370,article782017101.task2-TC.labels
782017101,Loaded_Language,5633,5662,article782017101.task2-TC.labels
782017101,Loaded_Language,6583,6599,article782017101.task2-TC.labels
782017101,Black-and-White_Fallacy,263,321,article782017101.task2-TC.labels
782017101,"Name_Calling,Labeling",560,580,article782017101.task2-TC.labels
782017101,"Name_Calling,Labeling",2253,2262,article782017101.task2-TC.labels
782017101,Loaded_Language,5285,5302,article782017101.task2-TC.labels
782017101,"Name_Calling,Labeling",5753,5769,article782017101.task2-TC.labels
782017101,Repetition,7450,7480,article782017101.task2-TC.labels
782017101,Slogans,7573,7580,article782017101.task2-TC.labels
730149656,Repetition,3428,3433,article730149656.task2-TC.labels
730149656,Repetition,3486,3491,article730149656.task2-TC.labels
730149656,Loaded_Language,5251,5267,article730149656.task2-TC.labels
730149656,Loaded_Language,3017,3025,article730149656.task2-TC.labels
730149656,Repetition,3526,3531,article730149656.task2-TC.labels
730149656,Loaded_Language,216,220,article730149656.task2-TC.labels
730149656,Loaded_Language,225,241,article730149656.task2-TC.labels
730149656,Loaded_Language,1742,1762,article730149656.task2-TC.labels
730149656,"Name_Calling,Labeling",2379,2395,article730149656.task2-TC.labels
730149656,"Name_Calling,Labeling",2639,2680,article730149656.task2-TC.labels
730149656,Repetition,3371,3376,article730149656.task2-TC.labels
730149656,Black-and-White_Fallacy,4647,4905,article730149656.task2-TC.labels
730149656,"Name_Calling,Labeling",7,20,article730149656.task2-TC.labels
730149656,Causal_Oversimplification,306,398,article730149656.task2-TC.labels
730149656,Causal_Oversimplification,1493,1574,article730149656.task2-TC.labels
730149656,Slogans,3070,3104,article730149656.task2-TC.labels
730149656,Slogans,3832,3846,article730149656.task2-TC.labels
730149656,Slogans,3851,3868,article730149656.task2-TC.labels
730149656,Flag-Waving,5049,5068,article730149656.task2-TC.labels
730149656,Appeal_to_fear-prejudice,5147,5185,article730149656.task2-TC.labels
776373795,Flag-Waving,1044,1206,article776373795.task2-TC.labels
776373795,"Exaggeration,Minimisation",557,612,article776373795.task2-TC.labels
776373795,Flag-Waving,1208,1321,article776373795.task2-TC.labels
776373795,"Name_Calling,Labeling",1247,1299,article776373795.task2-TC.labels
776373795,Flag-Waving,1900,1990,article776373795.task2-TC.labels
776373795,Appeal_to_Authority,2932,2997,article776373795.task2-TC.labels
776373795,"Name_Calling,Labeling",184,206,article776373795.task2-TC.labels
776373795,Loaded_Language,854,869,article776373795.task2-TC.labels
776373795,"Name_Calling,Labeling",1120,1142,article776373795.task2-TC.labels
776373795,Loaded_Language,1223,1241,article776373795.task2-TC.labels
776373795,"Name_Calling,Labeling",1304,1321,article776373795.task2-TC.labels
776373795,Doubt,1243,1321,article776373795.task2-TC.labels
776373795,"Exaggeration,Minimisation",1388,1483,article776373795.task2-TC.labels
776373795,Loaded_Language,1685,1706,article776373795.task2-TC.labels
776373795,Loaded_Language,1939,1960,article776373795.task2-TC.labels
776373795,Loaded_Language,3468,3482,article776373795.task2-TC.labels
776373795,Doubt,4039,4203,article776373795.task2-TC.labels
776373795,Loaded_Language,5130,5150,article776373795.task2-TC.labels
776373795,Appeal_to_Authority,4205,4572,article776373795.task2-TC.labels
776373795,"Name_Calling,Labeling",3723,3773,article776373795.task2-TC.labels
707451080,Loaded_Language,563,579,article707451080.task2-TC.labels
707451080,Loaded_Language,698,735,article707451080.task2-TC.labels
707451080,Appeal_to_fear-prejudice,1723,1819,article707451080.task2-TC.labels
707451080,Repetition,4462,4493,article707451080.task2-TC.labels
707451080,"Name_Calling,Labeling",4664,4699,article707451080.task2-TC.labels
707451080,"Name_Calling,Labeling",4789,4820,article707451080.task2-TC.labels
707451080,Loaded_Language,259,276,article707451080.task2-TC.labels
707451080,Appeal_to_fear-prejudice,351,496,article707451080.task2-TC.labels
707451080,"Name_Calling,Labeling",662,688,article707451080.task2-TC.labels
707451080,Loaded_Language,1306,1337,article707451080.task2-TC.labels
707451080,Slogans,1629,1656,article707451080.task2-TC.labels
707451080,Flag-Waving,1657,1721,article707451080.task2-TC.labels
707451080,Loaded_Language,2207,2240,article707451080.task2-TC.labels
707451080,Loaded_Language,2249,2273,article707451080.task2-TC.labels
707451080,Loaded_Language,2312,2360,article707451080.task2-TC.labels
707451080,Loaded_Language,3497,3542,article707451080.task2-TC.labels
707451080,Flag-Waving,3987,4075,article707451080.task2-TC.labels
707451080,Loaded_Language,4882,4898,article707451080.task2-TC.labels
707451080,"Exaggeration,Minimisation",5035,5079,article707451080.task2-TC.labels
707451080,Loaded_Language,5166,5219,article707451080.task2-TC.labels
707451080,"Exaggeration,Minimisation",5166,5219,article707451080.task2-TC.labels
707451080,Flag-Waving,5890,5993,article707451080.task2-TC.labels
707451080,Appeal_to_fear-prejudice,5995,6131,article707451080.task2-TC.labels
707451080,Flag-Waving,614,735,article707451080.task2-TC.labels
707451080,Loaded_Language,5983,5993,article707451080.task2-TC.labels
786527921,Doubt,827,898,article786527921.task2-TC.labels
786527921,Loaded_Language,2176,2238,article786527921.task2-TC.labels
786527921,Loaded_Language,2415,2440,article786527921.task2-TC.labels
786527921,Loaded_Language,10665,10684,article786527921.task2-TC.labels
786527921,"Name_Calling,Labeling",10713,10737,article786527921.task2-TC.labels
786527921,Slogans,11260,11284,article786527921.task2-TC.labels
786527921,Slogans,11294,11311,article786527921.task2-TC.labels
786527921,Doubt,12164,12267,article786527921.task2-TC.labels
786527921,Loaded_Language,12385,12404,article786527921.task2-TC.labels
786527921,"Name_Calling,Labeling",16221,16253,article786527921.task2-TC.labels
786527921,"Name_Calling,Labeling",16530,16544,article786527921.task2-TC.labels
786527921,"Exaggeration,Minimisation",5622,5643,article786527921.task2-TC.labels
786527921,"Name_Calling,Labeling",10496,10512,article786527921.task2-TC.labels
786527921,"Name_Calling,Labeling",12982,13017,article786527921.task2-TC.labels
786527921,"Name_Calling,Labeling",1,16,article786527921.task2-TC.labels
786527921,Loaded_Language,259,300,article786527921.task2-TC.labels
786527921,Repetition,729,736,article786527921.task2-TC.labels
786527921,"Name_Calling,Labeling",1281,1329,article786527921.task2-TC.labels
786527921,"Name_Calling,Labeling",1465,1480,article786527921.task2-TC.labels
786527921,"Name_Calling,Labeling",1881,1904,article786527921.task2-TC.labels
786527921,Doubt,1955,2170,article786527921.task2-TC.labels
786527921,"Name_Calling,Labeling",2753,2765,article786527921.task2-TC.labels
786527921,"Exaggeration,Minimisation",3033,3065,article786527921.task2-TC.labels
786527921,Appeal_to_Authority,5134,5376,article786527921.task2-TC.labels
786527921,"Exaggeration,Minimisation",5247,5310,article786527921.task2-TC.labels
786527921,"Name_Calling,Labeling",5787,5810,article786527921.task2-TC.labels
786527921,Loaded_Language,6132,6149,article786527921.task2-TC.labels
786527921,Repetition,6683,6695,article786527921.task2-TC.labels
786527921,Causal_Oversimplification,6880,6908,article786527921.task2-TC.labels
786527921,Loaded_Language,7032,7051,article786527921.task2-TC.labels
786527921,"Name_Calling,Labeling",7482,7583,article786527921.task2-TC.labels
786527921,"Name_Calling,Labeling",7598,7633,article786527921.task2-TC.labels
786527921,Loaded_Language,8403,8449,article786527921.task2-TC.labels
786527921,"Name_Calling,Labeling",8548,8566,article786527921.task2-TC.labels
786527921,Repetition,7747,7771,article786527921.task2-TC.labels
786527921,Repetition,8838,8856,article786527921.task2-TC.labels
786527921,"Name_Calling,Labeling",8903,8923,article786527921.task2-TC.labels
786527921,"Name_Calling,Labeling",9063,9078,article786527921.task2-TC.labels
786527921,"Exaggeration,Minimisation",9859,9869,article786527921.task2-TC.labels
786527921,Loaded_Language,9942,10004,article786527921.task2-TC.labels
786527921,Slogans,10254,10267,article786527921.task2-TC.labels
786527921,Flag-Waving,10920,10973,article786527921.task2-TC.labels
786527921,"Name_Calling,Labeling",11506,11530,article786527921.task2-TC.labels
786527921,"Name_Calling,Labeling",12856,12878,article786527921.task2-TC.labels
786527921,Loaded_Language,12974,13022,article786527921.task2-TC.labels
786527921,Loaded_Language,13029,13046,article786527921.task2-TC.labels
786527921,Loaded_Language,13191,13235,article786527921.task2-TC.labels
786527921,Loaded_Language,13589,13733,article786527921.task2-TC.labels
786527921,Loaded_Language,13931,13982,article786527921.task2-TC.labels
786527921,Loaded_Language,14062,14097,article786527921.task2-TC.labels
786527921,Loaded_Language,14488,14500,article786527921.task2-TC.labels
786527921,"Exaggeration,Minimisation",14505,14550,article786527921.task2-TC.labels
786527921,"Name_Calling,Labeling",14918,14942,article786527921.task2-TC.labels
786527921,Loaded_Language,15077,15112,article786527921.task2-TC.labels
786527921,Loaded_Language,16017,16053,article786527921.task2-TC.labels
786527921,"Name_Calling,Labeling",16104,16121,article786527921.task2-TC.labels
786527921,"Name_Calling,Labeling",16130,16177,article786527921.task2-TC.labels
786527921,"Exaggeration,Minimisation",16804,16827,article786527921.task2-TC.labels
786527921,Slogans,16846,16868,article786527921.task2-TC.labels
786527921,Loaded_Language,16919,16949,article786527921.task2-TC.labels
786527921,Loaded_Language,8099,8114,article786527921.task2-TC.labels
786527921,"Name_Calling,Labeling",9978,9992,article786527921.task2-TC.labels
786527921,"Exaggeration,Minimisation",13029,13062,article786527921.task2-TC.labels
786527921,Doubt,14149,14328,article786527921.task2-TC.labels
770581969,Repetition,78,93,article770581969.task2-TC.labels
770581969,Repetition,1041,1054,article770581969.task2-TC.labels
770581969,Repetition,1290,1305,article770581969.task2-TC.labels
770581969,Loaded_Language,70,77,article770581969.task2-TC.labels
771406408,Loaded_Language,708,731,article771406408.task2-TC.labels
771406408,"Name_Calling,Labeling",1060,1069,article771406408.task2-TC.labels
771406408,"Name_Calling,Labeling",1405,1412,article771406408.task2-TC.labels
771406408,Repetition,1154,1166,article771406408.task2-TC.labels
771406408,Loaded_Language,2670,2689,article771406408.task2-TC.labels
771406408,Repetition,2989,2998,article771406408.task2-TC.labels
771406408,Loaded_Language,3593,3598,article771406408.task2-TC.labels
771406408,Loaded_Language,3519,3524,article771406408.task2-TC.labels
771406408,"Name_Calling,Labeling",13,26,article771406408.task2-TC.labels
771406408,"Exaggeration,Minimisation",59,87,article771406408.task2-TC.labels
771406408,Repetition,350,363,article771406408.task2-TC.labels
771406408,Loaded_Language,476,492,article771406408.task2-TC.labels
771406408,"Exaggeration,Minimisation",737,793,article771406408.task2-TC.labels
771406408,Repetition,1371,1385,article771406408.task2-TC.labels
771406408,Loaded_Language,1840,1851,article771406408.task2-TC.labels
771406408,Loaded_Language,1886,1889,article771406408.task2-TC.labels
771406408,"Whataboutism,Straw_Men,Red_Herring",1940,1987,article771406408.task2-TC.labels
771406408,Loaded_Language,1184,1195,article771406408.task2-TC.labels
788726416,Loaded_Language,4298,4312,article788726416.task2-TC.labels
788726416,"Name_Calling,Labeling",53,73,article788726416.task2-TC.labels
788726416,Loaded_Language,105,122,article788726416.task2-TC.labels
788726416,"Name_Calling,Labeling",124,143,article788726416.task2-TC.labels
788726416,Repetition,124,134,article788726416.task2-TC.labels
788726416,"Name_Calling,Labeling",0,23,article788726416.task2-TC.labels
788726416,"Name_Calling,Labeling",559,602,article788726416.task2-TC.labels
788726416,Flag-Waving,362,492,article788726416.task2-TC.labels
788726416,Loaded_Language,678,725,article788726416.task2-TC.labels
788726416,Flag-Waving,973,1147,article788726416.task2-TC.labels
788726416,"Name_Calling,Labeling",1986,2012,article788726416.task2-TC.labels
788726416,"Name_Calling,Labeling",3323,3336,article788726416.task2-TC.labels
788726416,"Name_Calling,Labeling",3442,3469,article788726416.task2-TC.labels
788726416,Loaded_Language,3962,4010,article788726416.task2-TC.labels
788726416,"Name_Calling,Labeling",4691,4708,article788726416.task2-TC.labels
761969692,Black-and-White_Fallacy,601,725,article761969692.task2-TC.labels
761969692,Flag-Waving,1894,1907,article761969692.task2-TC.labels
761969692,Black-and-White_Fallacy,2291,2489,article761969692.task2-TC.labels
761969692,Flag-Waving,6522,6541,article761969692.task2-TC.labels
761969692,"Name_Calling,Labeling",393,404,article761969692.task2-TC.labels
761969692,"Name_Calling,Labeling",482,492,article761969692.task2-TC.labels
761969692,Loaded_Language,2057,2089,article761969692.task2-TC.labels
761969692,Loaded_Language,2993,3013,article761969692.task2-TC.labels
761969692,"Name_Calling,Labeling",3017,3033,article761969692.task2-TC.labels
761969692,"Exaggeration,Minimisation",4010,4090,article761969692.task2-TC.labels
761969692,Loaded_Language,5796,5816,article761969692.task2-TC.labels
761969692,Loaded_Language,5915,5935,article761969692.task2-TC.labels
761969692,Loaded_Language,6064,6084,article761969692.task2-TC.labels
761969692,Loaded_Language,6636,6662,article761969692.task2-TC.labels
761969692,"Name_Calling,Labeling",1557,1574,article761969692.task2-TC.labels
761969692,"Name_Calling,Labeling",2005,2043,article761969692.task2-TC.labels
761969692,Loaded_Language,2276,2289,article761969692.task2-TC.labels
761969692,Loaded_Language,2858,2885,article761969692.task2-TC.labels
698018235,Appeal_to_fear-prejudice,1659,1883,article698018235.task2-TC.labels
698018235,"Bandwagon,Reductio_ad_hitlerum",2917,3000,article698018235.task2-TC.labels
698018235,"Name_Calling,Labeling",305,335,article698018235.task2-TC.labels
698018235,"Name_Calling,Labeling",555,581,article698018235.task2-TC.labels
698018235,Loaded_Language,657,687,article698018235.task2-TC.labels
698018235,"Name_Calling,Labeling",641,652,article698018235.task2-TC.labels
698018235,"Bandwagon,Reductio_ad_hitlerum",976,1049,article698018235.task2-TC.labels
698018235,Repetition,1482,1493,article698018235.task2-TC.labels
698018235,Loaded_Language,3538,3578,article698018235.task2-TC.labels
698018235,Loaded_Language,3623,3649,article698018235.task2-TC.labels
698018235,Appeal_to_Authority,976,1047,article698018235.task2-TC.labels
698018235,Loaded_Language,1910,1919,article698018235.task2-TC.labels
698018235,Black-and-White_Fallacy,2132,2410,article698018235.task2-TC.labels
698018235,Loaded_Language,2431,2460,article698018235.task2-TC.labels
698018235,Loaded_Language,2723,2730,article698018235.task2-TC.labels
698018235,"Bandwagon,Reductio_ad_hitlerum",3283,3380,article698018235.task2-TC.labels
698018235,Black-and-White_Fallacy,3514,3649,article698018235.task2-TC.labels
761564397,Causal_Oversimplification,2749,2825,article761564397.task2-TC.labels
761564397,Flag-Waving,4178,4192,article761564397.task2-TC.labels
701225819,"Name_Calling,Labeling",177,187,article701225819.task2-TC.labels
701225819,Repetition,2689,2694,article701225819.task2-TC.labels
701225819,Repetition,2787,2792,article701225819.task2-TC.labels
701225819,Loaded_Language,2982,2991,article701225819.task2-TC.labels
701225819,"Name_Calling,Labeling",77,99,article701225819.task2-TC.labels
701225819,"Name_Calling,Labeling",996,1019,article701225819.task2-TC.labels
701225819,Loaded_Language,2174,2182,article701225819.task2-TC.labels
701225819,Repetition,2747,2752,article701225819.task2-TC.labels
701225819,Slogans,3787,3804,article701225819.task2-TC.labels
701225819,"Name_Calling,Labeling",3837,3860,article701225819.task2-TC.labels
701225819,"Name_Calling,Labeling",4606,4636,article701225819.task2-TC.labels
701225819,"Name_Calling,Labeling",4720,4739,article701225819.task2-TC.labels
701225819,Appeal_to_fear-prejudice,131,143,article701225819.task2-TC.labels
701225819,Loaded_Language,305,313,article701225819.task2-TC.labels
701225819,Appeal_to_fear-prejudice,1201,1299,article701225819.task2-TC.labels
701225819,"Name_Calling,Labeling",1525,1551,article701225819.task2-TC.labels
701225819,Loaded_Language,1572,1583,article701225819.task2-TC.labels
701225819,Loaded_Language,1767,1771,article701225819.task2-TC.labels
701225819,Repetition,2616,2621,article701225819.task2-TC.labels
701225819,Loaded_Language,3309,3315,article701225819.task2-TC.labels
701225819,"Name_Calling,Labeling",4268,4313,article701225819.task2-TC.labels
701225819,Loaded_Language,5914,5927,article701225819.task2-TC.labels
701225819,Loaded_Language,6102,6112,article701225819.task2-TC.labels
701225819,"Name_Calling,Labeling",111,143,article701225819.task2-TC.labels
701225819,Appeal_to_fear-prejudice,1493,1605,article701225819.task2-TC.labels
701225819,"Name_Calling,Labeling",1872,1889,article701225819.task2-TC.labels
701225819,Slogans,1967,1987,article701225819.task2-TC.labels
701225819,"Name_Calling,Labeling",2798,2811,article701225819.task2-TC.labels
724095598,Causal_Oversimplification,848,1011,article724095598.task2-TC.labels
724095598,Loaded_Language,210,218,article724095598.task2-TC.labels
724095598,Doubt,497,517,article724095598.task2-TC.labels
724095598,Doubt,1381,1394,article724095598.task2-TC.labels
786919720,Loaded_Language,83,98,article786919720.task2-TC.labels
786919720,Loaded_Language,4347,4364,article786919720.task2-TC.labels
786919720,"Name_Calling,Labeling",4438,4459,article786919720.task2-TC.labels
786919720,Flag-Waving,164,194,article786919720.task2-TC.labels
786919720,"Whataboutism,Straw_Men,Red_Herring",282,672,article786919720.task2-TC.labels
786919720,"Whataboutism,Straw_Men,Red_Herring",1158,1191,article786919720.task2-TC.labels
786919720,Loaded_Language,3177,3195,article786919720.task2-TC.labels
786919720,"Name_Calling,Labeling",4659,4682,article786919720.task2-TC.labels
786919720,Appeal_to_fear-prejudice,4713,4804,article786919720.task2-TC.labels
786919720,Loaded_Language,1146,1156,article786919720.task2-TC.labels
786919720,Doubt,4526,4594,article786919720.task2-TC.labels
765913191,Loaded_Language,361,370,article765913191.task2-TC.labels
765913191,Repetition,3844,3864,article765913191.task2-TC.labels
765913191,Slogans,5077,5119,article765913191.task2-TC.labels
765913191,Flag-Waving,6575,6584,article765913191.task2-TC.labels
765913191,Loaded_Language,4502,4536,article765913191.task2-TC.labels
765913191,Slogans,601,612,article765913191.task2-TC.labels
765913191,Black-and-White_Fallacy,255,347,article765913191.task2-TC.labels
765913191,Loaded_Language,710,722,article765913191.task2-TC.labels
765913191,Black-and-White_Fallacy,3587,3621,article765913191.task2-TC.labels
765913191,"Name_Calling,Labeling",4244,4252,article765913191.task2-TC.labels
765913191,Black-and-White_Fallacy,5827,5905,article765913191.task2-TC.labels
765913191,Repetition,6357,6376,article765913191.task2-TC.labels
765913191,Repetition,6957,6974,article765913191.task2-TC.labels
765913191,"Exaggeration,Minimisation",6999,7038,article765913191.task2-TC.labels
765913191,Black-and-White_Fallacy,6739,6882,article765913191.task2-TC.labels
765913191,Repetition,777,787,article765913191.task2-TC.labels
765913191,Repetition,3422,3432,article765913191.task2-TC.labels
765913191,Repetition,6979,6989,article765913191.task2-TC.labels
765913191,Doubt,1461,1513,article765913191.task2-TC.labels
765913191,Repetition,3730,3750,article765913191.task2-TC.labels
765913191,Repetition,4891,4911,article765913191.task2-TC.labels
765913191,Flag-Waving,5596,5599,article765913191.task2-TC.labels
765913191,Flag-Waving,5800,5803,article765913191.task2-TC.labels
765913191,Flag-Waving,6527,6530,article765913191.task2-TC.labels
771254016,"Name_Calling,Labeling",1806,1820,article771254016.task2-TC.labels
771254016,Loaded_Language,1336,1343,article771254016.task2-TC.labels
771254016,Loaded_Language,1166,1173,article771254016.task2-TC.labels
771254016,Loaded_Language,1322,1331,article771254016.task2-TC.labels
771254016,"Name_Calling,Labeling",1690,1695,article771254016.task2-TC.labels
771254016,Loaded_Language,1707,1716,article771254016.task2-TC.labels
771254016,Loaded_Language,1066,1072,article771254016.task2-TC.labels
771254016,Loaded_Language,1110,1118,article771254016.task2-TC.labels
111111135,"Bandwagon,Reductio_ad_hitlerum",3286,3319,article111111135.task2-TC.labels
111111135,Repetition,4583,4590,article111111135.task2-TC.labels
111111135,Loaded_Language,582,611,article111111135.task2-TC.labels
111111135,Causal_Oversimplification,543,683,article111111135.task2-TC.labels
111111135,Loaded_Language,835,844,article111111135.task2-TC.labels
111111135,Loaded_Language,1476,1483,article111111135.task2-TC.labels
111111135,Appeal_to_Authority,1929,2341,article111111135.task2-TC.labels
111111135,"Name_Calling,Labeling",2984,3018,article111111135.task2-TC.labels
111111135,Loaded_Language,3045,3084,article111111135.task2-TC.labels
111111135,"Exaggeration,Minimisation",3262,3319,article111111135.task2-TC.labels
111111135,Loaded_Language,4580,4590,article111111135.task2-TC.labels
111111135,Loaded_Language,6524,6539,article111111135.task2-TC.labels
111111135,Loaded_Language,6813,6839,article111111135.task2-TC.labels
111111135,"Exaggeration,Minimisation",7009,7036,article111111135.task2-TC.labels
111111135,Loaded_Language,2045,2051,article111111135.task2-TC.labels
111111135,Doubt,4433,4498,article111111135.task2-TC.labels
111111135,Loaded_Language,7134,7152,article111111135.task2-TC.labels
702077783,Loaded_Language,342,363,article702077783.task2-TC.labels
702077783,Flag-Waving,401,475,article702077783.task2-TC.labels
702077783,"Name_Calling,Labeling",243,276,article702077783.task2-TC.labels
702077783,Doubt,233,289,article702077783.task2-TC.labels
702077783,"Name_Calling,Labeling",513,525,article702077783.task2-TC.labels
702077783,Doubt,1853,1917,article702077783.task2-TC.labels
702077783,Doubt,291,335,article702077783.task2-TC.labels
729368012,Loaded_Language,10584,10594,article729368012.task2-TC.labels
729368012,"Name_Calling,Labeling",10584,10612,article729368012.task2-TC.labels
729368012,Doubt,6367,6477,article729368012.task2-TC.labels
729368012,Doubt,8080,8091,article729368012.task2-TC.labels
716469423,"Whataboutism,Straw_Men,Red_Herring",2492,2673,article716469423.task2-TC.labels
716469423,Loaded_Language,2505,2519,article716469423.task2-TC.labels
716469423,Appeal_to_Authority,1955,2197,article716469423.task2-TC.labels
698092698,"Name_Calling,Labeling",306,327,article698092698.task2-TC.labels
698092698,Repetition,675,692,article698092698.task2-TC.labels
698092698,Doubt,694,784,article698092698.task2-TC.labels
698092698,Doubt,1997,2029,article698092698.task2-TC.labels
698092698,Doubt,353,371,article698092698.task2-TC.labels
698092698,Doubt,577,693,article698092698.task2-TC.labels
698092698,Doubt,2393,2453,article698092698.task2-TC.labels
698092698,Doubt,5882,5948,article698092698.task2-TC.labels
697996062,"Name_Calling,Labeling",94,108,article697996062.task2-TC.labels
697996062,"Exaggeration,Minimisation",427,469,article697996062.task2-TC.labels
725276027,"Bandwagon,Reductio_ad_hitlerum",418,499,article725276027.task2-TC.labels
725276027,"Name_Calling,Labeling",765,789,article725276027.task2-TC.labels
725276027,Causal_Oversimplification,52,160,article725276027.task2-TC.labels
725276027,Loaded_Language,229,247,article725276027.task2-TC.labels
725276027,Appeal_to_fear-prejudice,2063,2268,article725276027.task2-TC.labels
725276027,Loaded_Language,5787,5806,article725276027.task2-TC.labels
725276027,Thought-terminating_Cliches,162,174,article725276027.task2-TC.labels
725276027,Loaded_Language,198,212,article725276027.task2-TC.labels
725276027,Repetition,1339,1353,article725276027.task2-TC.labels
725276027,Repetition,1506,1520,article725276027.task2-TC.labels
725276027,Thought-terminating_Cliches,3316,3333,article725276027.task2-TC.labels
725276027,Repetition,3434,3448,article725276027.task2-TC.labels
725276027,Repetition,3876,3890,article725276027.task2-TC.labels
725276027,Repetition,5311,5325,article725276027.task2-TC.labels
725276027,Loaded_Language,5381,5406,article725276027.task2-TC.labels
725276027,"Name_Calling,Labeling",5792,5806,article725276027.task2-TC.labels
999000154,Loaded_Language,122,133,article999000154.task2-TC.labels
999000154,Causal_Oversimplification,241,318,article999000154.task2-TC.labels
999000154,Loaded_Language,477,490,article999000154.task2-TC.labels
999000154,Causal_Oversimplification,505,678,article999000154.task2-TC.labels
999000154,Causal_Oversimplification,1329,1525,article999000154.task2-TC.labels
741923579,"Bandwagon,Reductio_ad_hitlerum",3083,3111,article741923579.task2-TC.labels
741923579,"Bandwagon,Reductio_ad_hitlerum",3460,3527,article741923579.task2-TC.labels
741923579,Loaded_Language,1641,1653,article741923579.task2-TC.labels
741923579,Causal_Oversimplification,2426,2763,article741923579.task2-TC.labels
741923579,Doubt,2765,2862,article741923579.task2-TC.labels
741923579,Causal_Oversimplification,1441,1653,article741923579.task2-TC.labels
741923579,Appeal_to_fear-prejudice,1902,2063,article741923579.task2-TC.labels
741923579,Loaded_Language,3292,3313,article741923579.task2-TC.labels
741923579,Loaded_Language,3345,3354,article741923579.task2-TC.labels
741923579,Slogans,3356,3368,article741923579.task2-TC.labels
741923579,Loaded_Language,3662,3691,article741923579.task2-TC.labels
741923579,Loaded_Language,3877,3924,article741923579.task2-TC.labels
731927633,Loaded_Language,2063,2092,article731927633.task2-TC.labels
731927633,Slogans,2434,2444,article731927633.task2-TC.labels
731927633,"Name_Calling,Labeling",2784,2797,article731927633.task2-TC.labels
731927633,"Bandwagon,Reductio_ad_hitlerum",3450,3514,article731927633.task2-TC.labels
731927633,Flag-Waving,962,1016,article731927633.task2-TC.labels
731927633,Flag-Waving,1019,1053,article731927633.task2-TC.labels
731927633,Appeal_to_fear-prejudice,1190,1224,article731927633.task2-TC.labels
731927633,Appeal_to_fear-prejudice,1226,1280,article731927633.task2-TC.labels
731927633,Flag-Waving,1973,2004,article731927633.task2-TC.labels
731927633,Appeal_to_fear-prejudice,2237,2323,article731927633.task2-TC.labels
731927633,Loaded_Language,2798,2832,article731927633.task2-TC.labels
729303442,Doubt,303,504,article729303442.task2-TC.labels
729303442,Loaded_Language,1489,1525,article729303442.task2-TC.labels
729303442,Causal_Oversimplification,1450,1552,article729303442.task2-TC.labels
729303442,Loaded_Language,1555,1564,article729303442.task2-TC.labels
729303442,"Name_Calling,Labeling",2878,2914,article729303442.task2-TC.labels
729303442,Doubt,2953,3233,article729303442.task2-TC.labels
729303442,"Exaggeration,Minimisation",4046,4083,article729303442.task2-TC.labels
729303442,Loaded_Language,1303,1326,article729303442.task2-TC.labels
729303442,"Name_Calling,Labeling",3659,3670,article729303442.task2-TC.labels
736757214,"Exaggeration,Minimisation",0,59,article736757214.task2-TC.labels
736757214,"Whataboutism,Straw_Men,Red_Herring",171,181,article736757214.task2-TC.labels
736757214,"Name_Calling,Labeling",0,9,article736757214.task2-TC.labels
736757214,Loaded_Language,115,167,article736757214.task2-TC.labels
736757214,Loaded_Language,740,759,article736757214.task2-TC.labels
111111122,Loaded_Language,24,49,article111111122.task2-TC.labels
111111122,"Exaggeration,Minimisation",170,205,article111111122.task2-TC.labels
111111122,Loaded_Language,343,356,article111111122.task2-TC.labels
111111122,Doubt,449,477,article111111122.task2-TC.labels
111111122,Doubt,888,956,article111111122.task2-TC.labels
111111122,"Name_Calling,Labeling",902,919,article111111122.task2-TC.labels
111111122,Doubt,1475,1522,article111111122.task2-TC.labels
111111122,Loaded_Language,1636,1655,article111111122.task2-TC.labels
111111122,Loaded_Language,3210,3224,article111111122.task2-TC.labels
111111122,Doubt,3413,3440,article111111122.task2-TC.labels
111111122,"Exaggeration,Minimisation",3489,3519,article111111122.task2-TC.labels
111111122,Doubt,3991,4046,article111111122.task2-TC.labels
111111122,Loaded_Language,4449,4468,article111111122.task2-TC.labels
111111122,"Name_Calling,Labeling",5027,5059,article111111122.task2-TC.labels
111111122,Loaded_Language,5131,5140,article111111122.task2-TC.labels
111111122,Appeal_to_Authority,5529,5653,article111111122.task2-TC.labels
111111122,Loaded_Language,5778,5797,article111111122.task2-TC.labels
111111122,Causal_Oversimplification,5840,5921,article111111122.task2-TC.labels
111111122,Loaded_Language,5950,5981,article111111122.task2-TC.labels
111111122,Loaded_Language,6441,6451,article111111122.task2-TC.labels
111111122,"Name_Calling,Labeling",6839,6868,article111111122.task2-TC.labels
696264594,"Name_Calling,Labeling",388,414,article696264594.task2-TC.labels
696264594,Loaded_Language,490,520,article696264594.task2-TC.labels
696264594,"Bandwagon,Reductio_ad_hitlerum",899,972,article696264594.task2-TC.labels
696264594,Loaded_Language,1173,1207,article696264594.task2-TC.labels
696264594,"Name_Calling,Labeling",1313,1356,article696264594.task2-TC.labels
696264594,Repetition,3752,3766,article696264594.task2-TC.labels
696264594,Loaded_Language,6029,6043,article696264594.task2-TC.labels
696264594,Loaded_Language,6754,6784,article696264594.task2-TC.labels
696264594,Appeal_to_fear-prejudice,7337,7433,article696264594.task2-TC.labels
696264594,Flag-Waving,3829,4015,article696264594.task2-TC.labels
696264594,Loaded_Language,6201,6207,article696264594.task2-TC.labels
696264594,Thought-terminating_Cliches,7013,7040,article696264594.task2-TC.labels
696264594,Black-and-White_Fallacy,7337,7433,article696264594.task2-TC.labels
999000894,Flag-Waving,94,185,article999000894.task2-TC.labels
999000894,Appeal_to_fear-prejudice,475,627,article999000894.task2-TC.labels
999000894,Loaded_Language,740,764,article999000894.task2-TC.labels
999000894,Loaded_Language,4245,4276,article999000894.task2-TC.labels
999000894,Loaded_Language,168,176,article999000894.task2-TC.labels
999000894,Loaded_Language,899,910,article999000894.task2-TC.labels
999000894,Loaded_Language,4927,4932,article999000894.task2-TC.labels
999000894,Loaded_Language,5185,5194,article999000894.task2-TC.labels
999000894,Loaded_Language,5557,5572,article999000894.task2-TC.labels
729670169,Loaded_Language,1399,1417,article729670169.task2-TC.labels
729670169,"Name_Calling,Labeling",1857,1886,article729670169.task2-TC.labels
729668796,Loaded_Language,2351,2361,article729668796.task2-TC.labels
729668796,Flag-Waving,68,96,article729668796.task2-TC.labels
729668796,Repetition,545,585,article729668796.task2-TC.labels
729668796,Repetition,1270,1353,article729668796.task2-TC.labels
729668796,Loaded_Language,2090,2115,article729668796.task2-TC.labels
729668796,Loaded_Language,3756,3776,article729668796.task2-TC.labels
729668796,Repetition,2118,2184,article729668796.task2-TC.labels
729668796,Repetition,3361,3376,article729668796.task2-TC.labels
729668796,Black-and-White_Fallacy,3804,3940,article729668796.task2-TC.labels
729668796,Repetition,296,361,article729668796.task2-TC.labels
729668796,Loaded_Language,1938,2047,article729668796.task2-TC.labels
729668796,Loaded_Language,3341,3418,article729668796.task2-TC.labels
729668796,"Name_Calling,Labeling",3361,3376,article729668796.task2-TC.labels
729668796,Flag-Waving,3647,3663,article729668796.task2-TC.labels
729668796,Appeal_to_fear-prejudice,2854,2939,article729668796.task2-TC.labels
729668796,Black-and-White_Fallacy,3997,4124,article729668796.task2-TC.labels
729668796,Flag-Waving,238,251,article729668796.task2-TC.labels
729668796,Slogans,238,251,article729668796.task2-TC.labels
729668796,Flag-Waving,476,500,article729668796.task2-TC.labels
729668796,Slogans,476,500,article729668796.task2-TC.labels
729668796,Flag-Waving,815,828,article729668796.task2-TC.labels
729668796,Slogans,815,828,article729668796.task2-TC.labels
729668796,Repetition,1242,1266,article729668796.task2-TC.labels
729668796,Flag-Waving,1938,2045,article729668796.task2-TC.labels
729668796,Appeal_to_fear-prejudice,3027,3081,article729668796.task2-TC.labels
729668796,Thought-terminating_Cliches,4133,4142,article729668796.task2-TC.labels
694356862,Loaded_Language,86,106,article694356862.task2-TC.labels
694356862,Loaded_Language,820,830,article694356862.task2-TC.labels
694356862,Loaded_Language,2378,2399,article694356862.task2-TC.labels
694356862,Loaded_Language,4680,4691,article694356862.task2-TC.labels
694356862,Causal_Oversimplification,71,171,article694356862.task2-TC.labels
694356862,"Exaggeration,Minimisation",270,311,article694356862.task2-TC.labels
694356862,Causal_Oversimplification,532,574,article694356862.task2-TC.labels
694356862,"Exaggeration,Minimisation",713,795,article694356862.task2-TC.labels
694356862,Causal_Oversimplification,854,922,article694356862.task2-TC.labels
694356862,Flag-Waving,2754,2768,article694356862.task2-TC.labels
694356862,Appeal_to_fear-prejudice,5069,5184,article694356862.task2-TC.labels
694356862,Doubt,5363,5430,article694356862.task2-TC.labels
694356862,Loaded_Language,733,747,article694356862.task2-TC.labels
699478811,Appeal_to_fear-prejudice,2175,2289,article699478811.task2-TC.labels
699478811,Loaded_Language,4836,4888,article699478811.task2-TC.labels
699478811,Repetition,4871,4888,article699478811.task2-TC.labels
699478811,"Bandwagon,Reductio_ad_hitlerum",5692,5759,article699478811.task2-TC.labels
699478811,Thought-terminating_Cliches,7653,7692,article699478811.task2-TC.labels
699478811,Appeal_to_fear-prejudice,190,356,article699478811.task2-TC.labels
699478811,Loaded_Language,447,487,article699478811.task2-TC.labels
699478811,Appeal_to_fear-prejudice,3410,3554,article699478811.task2-TC.labels
699478811,Loaded_Language,4494,4509,article699478811.task2-TC.labels
699478811,Loaded_Language,6742,6759,article699478811.task2-TC.labels
699478811,Causal_Oversimplification,7653,7692,article699478811.task2-TC.labels
699478811,Loaded_Language,8519,8557,article699478811.task2-TC.labels
699478811,Appeal_to_fear-prejudice,2060,2119,article699478811.task2-TC.labels
699478811,Appeal_to_fear-prejudice,2886,3062,article699478811.task2-TC.labels
699478811,Appeal_to_fear-prejudice,4890,4924,article699478811.task2-TC.labels
699478811,Appeal_to_fear-prejudice,5511,5554,article699478811.task2-TC.labels
699478811,Appeal_to_fear-prejudice,5692,5761,article699478811.task2-TC.labels
699478811,"Bandwagon,Reductio_ad_hitlerum",5785,5877,article699478811.task2-TC.labels
699478811,Loaded_Language,7155,7173,article699478811.task2-TC.labels
699478811,Appeal_to_fear-prejudice,8030,8167,article699478811.task2-TC.labels
755393220,"Name_Calling,Labeling",3964,3977,article755393220.task2-TC.labels
755393220,Loaded_Language,4439,4447,article755393220.task2-TC.labels
755393220,Loaded_Language,4244,4259,article755393220.task2-TC.labels
755393220,Loaded_Language,4464,4485,article755393220.task2-TC.labels
755393220,Loaded_Language,730,745,article755393220.task2-TC.labels
755393220,Slogans,2380,2389,article755393220.task2-TC.labels
755393220,Doubt,3047,3068,article755393220.task2-TC.labels
999000142,Loaded_Language,8,26,article999000142.task2-TC.labels
999000142,Loaded_Language,646,685,article999000142.task2-TC.labels
999000142,Loaded_Language,2119,2134,article999000142.task2-TC.labels
999000142,"Exaggeration,Minimisation",2271,2316,article999000142.task2-TC.labels
999000142,Loaded_Language,2380,2402,article999000142.task2-TC.labels
999000142,"Exaggeration,Minimisation",2527,2553,article999000142.task2-TC.labels
999000142,"Name_Calling,Labeling",2807,2823,article999000142.task2-TC.labels
999000142,Causal_Oversimplification,2825,2940,article999000142.task2-TC.labels
999000142,Loaded_Language,3179,3189,article999000142.task2-TC.labels
706501640,Loaded_Language,20,26,article706501640.task2-TC.labels
706501640,Appeal_to_Authority,233,288,article706501640.task2-TC.labels
706501640,Repetition,7,49,article706501640.task2-TC.labels
706501640,Repetition,237,288,article706501640.task2-TC.labels
706501640,Repetition,568,603,article706501640.task2-TC.labels
706501640,Repetition,742,805,article706501640.task2-TC.labels
706501640,Repetition,1110,1168,article706501640.task2-TC.labels
706501640,Loaded_Language,1321,1331,article706501640.task2-TC.labels
706501640,Loaded_Language,1527,1544,article706501640.task2-TC.labels
706501640,Appeal_to_fear-prejudice,31,72,article706501640.task2-TC.labels
706501640,Appeal_to_fear-prejudice,765,805,article706501640.task2-TC.labels
706501640,Appeal_to_fear-prejudice,1689,1714,article706501640.task2-TC.labels
770156851,"Name_Calling,Labeling",4,18,article770156851.task2-TC.labels
770156851,"Name_Calling,Labeling",78,89,article770156851.task2-TC.labels
770156851,Loaded_Language,179,186,article770156851.task2-TC.labels
770156851,Loaded_Language,2561,2583,article770156851.task2-TC.labels
770156851,Loaded_Language,362,372,article770156851.task2-TC.labels
770156851,Black-and-White_Fallacy,283,293,article770156851.task2-TC.labels
770156851,Black-and-White_Fallacy,295,315,article770156851.task2-TC.labels
770156851,Loaded_Language,569,575,article770156851.task2-TC.labels
770156851,Repetition,600,606,article770156851.task2-TC.labels
770156851,Loaded_Language,718,726,article770156851.task2-TC.labels
770156851,Loaded_Language,1045,1051,article770156851.task2-TC.labels
770156851,Loaded_Language,1031,1039,article770156851.task2-TC.labels
770156851,Flag-Waving,1918,1931,article770156851.task2-TC.labels
770156851,Loaded_Language,2194,2213,article770156851.task2-TC.labels
770156851,Loaded_Language,2268,2275,article770156851.task2-TC.labels
770156851,Doubt,2696,2765,article770156851.task2-TC.labels
770156851,Loaded_Language,2861,2868,article770156851.task2-TC.labels
770156851,Loaded_Language,3672,3679,article770156851.task2-TC.labels
770156851,Loaded_Language,3650,3660,article770156851.task2-TC.labels
770156851,Thought-terminating_Cliches,437,447,article770156851.task2-TC.labels
770156851,Thought-terminating_Cliches,664,693,article770156851.task2-TC.labels
770156851,Loaded_Language,3849,3869,article770156851.task2-TC.labels
770156851,Loaded_Language,4851,4872,article770156851.task2-TC.labels
731511020,Loaded_Language,949,972,article731511020.task2-TC.labels
776049384,"Name_Calling,Labeling",618,632,article776049384.task2-TC.labels
776049384,"Exaggeration,Minimisation",2199,2232,article776049384.task2-TC.labels
776049384,Slogans,10722,10735,article776049384.task2-TC.labels
776049384,Loaded_Language,9139,9151,article776049384.task2-TC.labels
776049384,Loaded_Language,213,219,article776049384.task2-TC.labels
776049384,Repetition,1069,1080,article776049384.task2-TC.labels
776049384,Repetition,1158,1169,article776049384.task2-TC.labels
776049384,Repetition,1302,1313,article776049384.task2-TC.labels
776049384,Repetition,1401,1412,article776049384.task2-TC.labels
776049384,Repetition,1510,1521,article776049384.task2-TC.labels
776049384,Repetition,1648,1659,article776049384.task2-TC.labels
776049384,Repetition,1730,1741,article776049384.task2-TC.labels
776049384,Repetition,1968,1979,article776049384.task2-TC.labels
776049384,Repetition,2047,2058,article776049384.task2-TC.labels
776049384,Repetition,4242,4253,article776049384.task2-TC.labels
776049384,"Name_Calling,Labeling",493,501,article776049384.task2-TC.labels
776049384,Repetition,1442,1450,article776049384.task2-TC.labels
776049384,Repetition,1552,1560,article776049384.task2-TC.labels
776049384,Repetition,1692,1700,article776049384.task2-TC.labels
776049384,Repetition,1928,1936,article776049384.task2-TC.labels
776049384,Repetition,2014,2022,article776049384.task2-TC.labels
776049384,Repetition,2079,2087,article776049384.task2-TC.labels
776049384,Repetition,5626,5634,article776049384.task2-TC.labels
776049384,Repetition,2165,2173,article776049384.task2-TC.labels
776049384,Loaded_Language,2406,2416,article776049384.task2-TC.labels
776049384,Loaded_Language,3569,3579,article776049384.task2-TC.labels
776049384,Loaded_Language,3660,3666,article776049384.task2-TC.labels
776049384,Loaded_Language,4068,4072,article776049384.task2-TC.labels
776049384,Loaded_Language,4597,4608,article776049384.task2-TC.labels
776049384,Loaded_Language,5708,5730,article776049384.task2-TC.labels
776049384,Loaded_Language,10077,10084,article776049384.task2-TC.labels
776049384,Slogans,10637,10672,article776049384.task2-TC.labels
776049384,Slogans,10674,10720,article776049384.task2-TC.labels
776049384,Loaded_Language,62,87,article776049384.task2-TC.labels
776049384,"Name_Calling,Labeling",158,178,article776049384.task2-TC.labels
776049384,Slogans,2292,2309,article776049384.task2-TC.labels
776049384,Slogans,2330,2347,article776049384.task2-TC.labels
776049384,Loaded_Language,3211,3235,article776049384.task2-TC.labels
776049384,"Name_Calling,Labeling",3764,3772,article776049384.task2-TC.labels
776049384,"Name_Calling,Labeling",4470,4486,article776049384.task2-TC.labels
776049384,Loaded_Language,5003,5046,article776049384.task2-TC.labels
776049384,Loaded_Language,6079,6086,article776049384.task2-TC.labels
776049384,Slogans,7146,7169,article776049384.task2-TC.labels
776049384,Loaded_Language,8954,8962,article776049384.task2-TC.labels
776049384,Repetition,9089,9097,article776049384.task2-TC.labels
776049384,Loaded_Language,10215,10228,article776049384.task2-TC.labels
776049384,Appeal_to_fear-prejudice,10276,10313,article776049384.task2-TC.labels
740356006,Loaded_Language,2410,2465,article740356006.task2-TC.labels
740356006,"Name_Calling,Labeling",2428,2434,article740356006.task2-TC.labels
740356006,"Name_Calling,Labeling",2458,2465,article740356006.task2-TC.labels
740356006,"Name_Calling,Labeling",2682,2705,article740356006.task2-TC.labels
740356006,"Name_Calling,Labeling",2953,2959,article740356006.task2-TC.labels
740356006,"Name_Calling,Labeling",2972,2979,article740356006.task2-TC.labels
740356006,"Name_Calling,Labeling",3120,3133,article740356006.task2-TC.labels
740356006,Slogans,374,389,article740356006.task2-TC.labels
740356006,"Exaggeration,Minimisation",744,800,article740356006.task2-TC.labels
740356006,"Exaggeration,Minimisation",642,665,article740356006.task2-TC.labels
740356006,"Exaggeration,Minimisation",422,438,article740356006.task2-TC.labels
740356006,"Exaggeration,Minimisation",216,240,article740356006.task2-TC.labels
740356006,"Exaggeration,Minimisation",2342,2359,article740356006.task2-TC.labels
740356006,Doubt,2710,2754,article740356006.task2-TC.labels
740356006,Appeal_to_Authority,440,860,article740356006.task2-TC.labels
740356006,Thought-terminating_Cliches,1854,1958,article740356006.task2-TC.labels
740356006,"Name_Calling,Labeling",2300,2334,article740356006.task2-TC.labels
740356006,"Whataboutism,Straw_Men,Red_Herring",2477,2707,article740356006.task2-TC.labels
740356006,"Whataboutism,Straw_Men,Red_Herring",2708,2847,article740356006.task2-TC.labels
740356006,"Name_Calling,Labeling",3174,3262,article740356006.task2-TC.labels
789615291,Loaded_Language,1758,1766,article789615291.task2-TC.labels
789615291,Loaded_Language,2003,2030,article789615291.task2-TC.labels
789615291,"Name_Calling,Labeling",3150,3163,article789615291.task2-TC.labels
789615291,Loaded_Language,3372,3415,article789615291.task2-TC.labels
789615291,Loaded_Language,6456,6477,article789615291.task2-TC.labels
789615291,"Name_Calling,Labeling",6965,6982,article789615291.task2-TC.labels
789615291,Loaded_Language,8200,8232,article789615291.task2-TC.labels
789615291,Loaded_Language,9008,9032,article789615291.task2-TC.labels
789615291,Loaded_Language,9044,9079,article789615291.task2-TC.labels
789615291,"Name_Calling,Labeling",9866,9892,article789615291.task2-TC.labels
789615291,Loaded_Language,11856,11871,article789615291.task2-TC.labels
789615291,Loaded_Language,13487,13554,article789615291.task2-TC.labels
789615291,Loaded_Language,465,491,article789615291.task2-TC.labels
789615291,Causal_Oversimplification,647,980,article789615291.task2-TC.labels
789615291,"Name_Calling,Labeling",1057,1065,article789615291.task2-TC.labels
789615291,Loaded_Language,1868,1878,article789615291.task2-TC.labels
789615291,"Name_Calling,Labeling",2036,2044,article789615291.task2-TC.labels
789615291,Loaded_Language,2056,2065,article789615291.task2-TC.labels
789615291,Repetition,2196,2204,article789615291.task2-TC.labels
789615291,Loaded_Language,2489,2507,article789615291.task2-TC.labels
789615291,Loaded_Language,4399,4416,article789615291.task2-TC.labels
789615291,"Name_Calling,Labeling",5610,5629,article789615291.task2-TC.labels
789615291,Loaded_Language,6207,6230,article789615291.task2-TC.labels
789615291,"Name_Calling,Labeling",6351,6388,article789615291.task2-TC.labels
789615291,Slogans,6697,6721,article789615291.task2-TC.labels
789615291,Flag-Waving,6481,6566,article789615291.task2-TC.labels
789615291,"Name_Calling,Labeling",7520,7554,article789615291.task2-TC.labels
789615291,"Name_Calling,Labeling",7787,7795,article789615291.task2-TC.labels
789615291,"Name_Calling,Labeling",8987,8995,article789615291.task2-TC.labels
789615291,"Name_Calling,Labeling",9222,9230,article789615291.task2-TC.labels
789615291,"Exaggeration,Minimisation",9370,9506,article789615291.task2-TC.labels
789615291,Loaded_Language,9597,9612,article789615291.task2-TC.labels
789615291,Loaded_Language,9629,9645,article789615291.task2-TC.labels
789615291,"Name_Calling,Labeling",10107,10115,article789615291.task2-TC.labels
789615291,Loaded_Language,10488,10508,article789615291.task2-TC.labels
789615291,"Name_Calling,Labeling",11050,11058,article789615291.task2-TC.labels
789615291,"Name_Calling,Labeling",11556,11592,article789615291.task2-TC.labels
789615291,Loaded_Language,11639,11657,article789615291.task2-TC.labels
789615291,Loaded_Language,11800,11815,article789615291.task2-TC.labels
789615291,"Name_Calling,Labeling",12154,12187,article789615291.task2-TC.labels
789615291,Loaded_Language,12217,12238,article789615291.task2-TC.labels
789615291,"Name_Calling,Labeling",12449,12499,article789615291.task2-TC.labels
789615291,"Name_Calling,Labeling",12729,12778,article789615291.task2-TC.labels
789615291,Repetition,12986,12993,article789615291.task2-TC.labels
789615291,"Name_Calling,Labeling",13260,13268,article789615291.task2-TC.labels
789615291,Loaded_Language,13598,13616,article789615291.task2-TC.labels
789615291,Loaded_Language,13740,13759,article789615291.task2-TC.labels
789615291,Doubt,3829,3905,article789615291.task2-TC.labels
789615291,Doubt,9166,9230,article789615291.task2-TC.labels
789615291,Loaded_Language,11179,11219,article789615291.task2-TC.labels
789615291,"Name_Calling,Labeling",12040,12094,article789615291.task2-TC.labels
789615291,Loaded_Language,12848,12853,article789615291.task2-TC.labels
762956953,"Exaggeration,Minimisation",630,669,article762956953.task2-TC.labels
730237078,Loaded_Language,188,196,article730237078.task2-TC.labels
730237078,Thought-terminating_Cliches,657,681,article730237078.task2-TC.labels
730237078,"Exaggeration,Minimisation",33,50,article730237078.task2-TC.labels
730237078,Loaded_Language,106,136,article730237078.task2-TC.labels
730237078,"Exaggeration,Minimisation",516,581,article730237078.task2-TC.labels
730237078,"Exaggeration,Minimisation",1030,1062,article730237078.task2-TC.labels
730237078,"Exaggeration,Minimisation",1234,1283,article730237078.task2-TC.labels
730237078,Loaded_Language,35,50,article730237078.task2-TC.labels
730237078,Loaded_Language,312,341,article730237078.task2-TC.labels
727569885,Flag-Waving,1061,1142,article727569885.task2-TC.labels
727569885,"Name_Calling,Labeling",1177,1196,article727569885.task2-TC.labels
727569885,"Name_Calling,Labeling",1255,1271,article727569885.task2-TC.labels
727569885,Loaded_Language,191,204,article727569885.task2-TC.labels
727569885,Loaded_Language,530,576,article727569885.task2-TC.labels
727569885,Loaded_Language,5947,5999,article727569885.task2-TC.labels
727569885,Loaded_Language,6016,6030,article727569885.task2-TC.labels
727569885,Loaded_Language,3630,3662,article727569885.task2-TC.labels
727569885,Loaded_Language,1548,1564,article727569885.task2-TC.labels
727569885,Loaded_Language,1642,1690,article727569885.task2-TC.labels
727569885,Loaded_Language,2016,2048,article727569885.task2-TC.labels
727569885,Loaded_Language,2843,2860,article727569885.task2-TC.labels
727569885,Loaded_Language,2869,2884,article727569885.task2-TC.labels
727569885,Flag-Waving,4545,4619,article727569885.task2-TC.labels
727569885,Loaded_Language,5879,5900,article727569885.task2-TC.labels
727569885,"Bandwagon,Reductio_ad_hitlerum",559,576,article727569885.task2-TC.labels
727569885,"Name_Calling,Labeling",2600,2618,article727569885.task2-TC.labels
727569885,Loaded_Language,3312,3328,article727569885.task2-TC.labels
727569885,Loaded_Language,3914,3949,article727569885.task2-TC.labels
727569885,Loaded_Language,5156,5170,article727569885.task2-TC.labels
710376094,Repetition,505,526,article710376094.task2-TC.labels
710376094,Loaded_Language,1996,2014,article710376094.task2-TC.labels
111111134,"Name_Calling,Labeling",945,984,article111111134.task2-TC.labels
111111134,"Exaggeration,Minimisation",1415,1514,article111111134.task2-TC.labels
111111134,Repetition,1225,1237,article111111134.task2-TC.labels
111111134,"Name_Calling,Labeling",2427,2456,article111111134.task2-TC.labels
731178960,Appeal_to_fear-prejudice,1943,2078,article731178960.task2-TC.labels
761546223,Loaded_Language,37,45,article761546223.task2-TC.labels
761546223,Loaded_Language,269,280,article761546223.task2-TC.labels
761546223,Loaded_Language,1583,1595,article761546223.task2-TC.labels
761546223,Loaded_Language,3450,3457,article761546223.task2-TC.labels
761546223,Loaded_Language,207,215,article761546223.task2-TC.labels
761546223,"Name_Calling,Labeling",203,246,article761546223.task2-TC.labels
761546223,Repetition,607,614,article761546223.task2-TC.labels
761546223,Repetition,716,726,article761546223.task2-TC.labels
761546223,Repetition,839,846,article761546223.task2-TC.labels
761546223,Repetition,1788,1797,article761546223.task2-TC.labels
761546223,Repetition,158,171,article761546223.task2-TC.labels
761546223,Repetition,513,526,article761546223.task2-TC.labels
761546223,Repetition,483,496,article761546223.task2-TC.labels
761546223,Repetition,688,701,article761546223.task2-TC.labels
761546223,Repetition,1989,1999,article761546223.task2-TC.labels
761546223,Repetition,2556,2569,article761546223.task2-TC.labels
761546223,Repetition,4012,4025,article761546223.task2-TC.labels
761546223,Repetition,4627,4640,article761546223.task2-TC.labels
761546223,Repetition,2949,2962,article761546223.task2-TC.labels
761546223,Repetition,3235,3248,article761546223.task2-TC.labels
761546223,Repetition,3422,3435,article761546223.task2-TC.labels
761546223,Repetition,2631,2653,article761546223.task2-TC.labels
761546223,Repetition,4484,4506,article761546223.task2-TC.labels
761546223,Repetition,388,397,article761546223.task2-TC.labels
761546223,Repetition,406,415,article761546223.task2-TC.labels
761546223,Repetition,441,449,article761546223.task2-TC.labels
761546223,Repetition,4169,4180,article761546223.task2-TC.labels
761546223,Repetition,3272,3286,article761546223.task2-TC.labels
761546223,Repetition,4271,4284,article761546223.task2-TC.labels
761546223,Slogans,225,241,article761546223.task2-TC.labels
761546223,Appeal_to_fear-prejudice,72,85,article761546223.task2-TC.labels
793467906,"Name_Calling,Labeling",3494,3519,article793467906.task2-TC.labels
793467906,Loaded_Language,4285,4305,article793467906.task2-TC.labels
793467906,Repetition,4875,4880,article793467906.task2-TC.labels
793467906,"Exaggeration,Minimisation",4858,4897,article793467906.task2-TC.labels
793467906,Black-and-White_Fallacy,4729,4791,article793467906.task2-TC.labels
793467906,Loaded_Language,150,155,article793467906.task2-TC.labels
793467906,Flag-Waving,2162,2178,article793467906.task2-TC.labels
793467906,"Name_Calling,Labeling",3263,3276,article793467906.task2-TC.labels
793467906,Loaded_Language,3435,3448,article793467906.task2-TC.labels
793467906,Loaded_Language,4525,4549,article793467906.task2-TC.labels
793467906,Repetition,4660,4672,article793467906.task2-TC.labels
793467906,Loaded_Language,4869,4890,article793467906.task2-TC.labels
999000599,Thought-terminating_Cliches,1361,1376,article999000599.task2-TC.labels
999000599,Loaded_Language,35,53,article999000599.task2-TC.labels
999000599,Loaded_Language,327,350,article999000599.task2-TC.labels
999000599,Loaded_Language,454,475,article999000599.task2-TC.labels
999000599,Loaded_Language,1379,1414,article999000599.task2-TC.labels
999000599,Loaded_Language,1500,1522,article999000599.task2-TC.labels
999000599,Loaded_Language,1662,1684,article999000599.task2-TC.labels
999000599,Doubt,1808,1896,article999000599.task2-TC.labels
999000599,Loaded_Language,2009,2032,article999000599.task2-TC.labels
999000599,Appeal_to_Authority,1973,2215,article999000599.task2-TC.labels
999000599,Loaded_Language,2194,2215,article999000599.task2-TC.labels
723823436,Doubt,1581,1679,article723823436.task2-TC.labels
723823436,Doubt,3749,3902,article723823436.task2-TC.labels
723823436,Repetition,365,382,article723823436.task2-TC.labels
723823436,Repetition,1735,1752,article723823436.task2-TC.labels
723823436,Doubt,2061,2088,article723823436.task2-TC.labels
723823436,Thought-terminating_Cliches,3439,3458,article723823436.task2-TC.labels
770938827,Loaded_Language,1129,1149,article770938827.task2-TC.labels
770938827,Loaded_Language,1159,1199,article770938827.task2-TC.labels
770938827,Loaded_Language,1329,1340,article770938827.task2-TC.labels
770938827,Loaded_Language,2670,2680,article770938827.task2-TC.labels
770938827,Loaded_Language,114,124,article770938827.task2-TC.labels
770938827,Loaded_Language,163,169,article770938827.task2-TC.labels
770938827,Loaded_Language,2048,2062,article770938827.task2-TC.labels
770938827,Loaded_Language,64,81,article770938827.task2-TC.labels
770938827,Flag-Waving,2642,2662,article770938827.task2-TC.labels
770938827,"Name_Calling,Labeling",37,52,article770938827.task2-TC.labels
770938827,"Name_Calling,Labeling",1428,1434,article770938827.task2-TC.labels
770938827,"Name_Calling,Labeling",2400,2414,article770938827.task2-TC.labels
770938827,"Name_Calling,Labeling",2504,2515,article770938827.task2-TC.labels
770938827,"Exaggeration,Minimisation",770,775,article770938827.task2-TC.labels
770938827,"Exaggeration,Minimisation",146,169,article770938827.task2-TC.labels
770938827,"Exaggeration,Minimisation",208,228,article770938827.task2-TC.labels
770938827,Repetition,2217,2223,article770938827.task2-TC.labels
770938827,Causal_Oversimplification,365,409,article770938827.task2-TC.labels
770938827,Black-and-White_Fallacy,1720,1826,article770938827.task2-TC.labels
795691173,Appeal_to_fear-prejudice,1154,1175,article795691173.task2-TC.labels
795691173,Flag-Waving,2991,3008,article795691173.task2-TC.labels
770956434,Loaded_Language,1360,1380,article770956434.task2-TC.labels
770956434,Loaded_Language,1390,1430,article770956434.task2-TC.labels
770956434,Loaded_Language,1560,1571,article770956434.task2-TC.labels
770956434,Loaded_Language,2583,2592,article770956434.task2-TC.labels
770956434,"Exaggeration,Minimisation",482,487,article770956434.task2-TC.labels
770956434,"Name_Calling,Labeling",1659,1665,article770956434.task2-TC.labels
770956434,"Name_Calling,Labeling",1925,1943,article770956434.task2-TC.labels
770956434,"Name_Calling,Labeling",1945,1992,article770956434.task2-TC.labels
770956434,"Name_Calling,Labeling",2176,2194,article770956434.task2-TC.labels
770956434,"Name_Calling,Labeling",2884,2891,article770956434.task2-TC.labels
700662577,"Exaggeration,Minimisation",245,271,article700662577.task2-TC.labels
700662577,Loaded_Language,641,779,article700662577.task2-TC.labels
700662577,"Exaggeration,Minimisation",1385,1423,article700662577.task2-TC.labels
700662577,Loaded_Language,1570,1600,article700662577.task2-TC.labels
700662577,"Exaggeration,Minimisation",2777,2812,article700662577.task2-TC.labels
700662577,Loaded_Language,60,86,article700662577.task2-TC.labels
700662577,Loaded_Language,108,119,article700662577.task2-TC.labels
700662577,Loaded_Language,1217,1227,article700662577.task2-TC.labels
700662577,Appeal_to_fear-prejudice,1570,1765,article700662577.task2-TC.labels
700662577,Flag-Waving,1907,1984,article700662577.task2-TC.labels
700662577,Loaded_Language,2794,2812,article700662577.task2-TC.labels
700662577,Loaded_Language,3515,3529,article700662577.task2-TC.labels
703806098,Loaded_Language,166,185,article703806098.task2-TC.labels
703806098,Doubt,2609,2665,article703806098.task2-TC.labels
703806098,Loaded_Language,1605,1622,article703806098.task2-TC.labels
703806098,Doubt,1632,1698,article703806098.task2-TC.labels
703806098,Loaded_Language,144,160,article703806098.task2-TC.labels
703806098,Loaded_Language,1435,1455,article703806098.task2-TC.labels
708071969,Appeal_to_fear-prejudice,2372,2408,article708071969.task2-TC.labels
708071969,"Name_Calling,Labeling",7,18,article708071969.task2-TC.labels
708071969,Loaded_Language,32,40,article708071969.task2-TC.labels
708071969,Appeal_to_Authority,115,215,article708071969.task2-TC.labels
708071969,"Name_Calling,Labeling",422,433,article708071969.task2-TC.labels
708071969,Causal_Oversimplification,228,249,article708071969.task2-TC.labels
708071969,Causal_Oversimplification,647,673,article708071969.task2-TC.labels
708071969,Causal_Oversimplification,804,845,article708071969.task2-TC.labels
708071969,"Name_Calling,Labeling",2021,2032,article708071969.task2-TC.labels
708071969,Repetition,2372,2408,article708071969.task2-TC.labels
708071969,Repetition,2455,2485,article708071969.task2-TC.labels
708071969,Repetition,2159,2202,article708071969.task2-TC.labels
708071969,Repetition,1768,1850,article708071969.task2-TC.labels
708071969,Appeal_to_fear-prejudice,32,40,article708071969.task2-TC.labels
708071969,Appeal_to_fear-prejudice,78,113,article708071969.task2-TC.labels
708071969,Loaded_Language,300,308,article708071969.task2-TC.labels
708071969,Appeal_to_fear-prejudice,1054,1111,article708071969.task2-TC.labels
708071969,Appeal_to_fear-prejudice,2724,2768,article708071969.task2-TC.labels
730865684,Loaded_Language,105,113,article730865684.task2-TC.labels
730865684,Loaded_Language,2509,2520,article730865684.task2-TC.labels
730865684,Loaded_Language,2563,2570,article730865684.task2-TC.labels
711964584,Doubt,1822,1871,article711964584.task2-TC.labels
711964584,Doubt,1872,1943,article711964584.task2-TC.labels
711964584,"Whataboutism,Straw_Men,Red_Herring",2918,3005,article711964584.task2-TC.labels
711964584,Appeal_to_fear-prejudice,293,373,article711964584.task2-TC.labels
711964584,Loaded_Language,494,557,article711964584.task2-TC.labels
711964584,Loaded_Language,566,630,article711964584.task2-TC.labels
711964584,Loaded_Language,757,769,article711964584.task2-TC.labels
711964584,Loaded_Language,982,1032,article711964584.task2-TC.labels
711964584,Causal_Oversimplification,2543,2676,article711964584.task2-TC.labels
711964584,Loaded_Language,3240,3276,article711964584.task2-TC.labels
711964584,Black-and-White_Fallacy,3289,3379,article711964584.task2-TC.labels
711964584,Flag-Waving,4087,4113,article711964584.task2-TC.labels
711964584,Loaded_Language,4179,4199,article711964584.task2-TC.labels
711964584,Flag-Waving,4211,4351,article711964584.task2-TC.labels
765385479,Appeal_to_fear-prejudice,16,85,article765385479.task2-TC.labels
765385479,Loaded_Language,522,537,article765385479.task2-TC.labels
765385479,Loaded_Language,982,1059,article765385479.task2-TC.labels
765385479,"Name_Calling,Labeling",2100,2117,article765385479.task2-TC.labels
765385479,Loaded_Language,2422,2440,article765385479.task2-TC.labels
765385479,Loaded_Language,2690,2722,article765385479.task2-TC.labels
765385479,Loaded_Language,3435,3495,article765385479.task2-TC.labels
765385479,"Name_Calling,Labeling",3790,3820,article765385479.task2-TC.labels
765385479,"Name_Calling,Labeling",3827,3886,article765385479.task2-TC.labels
765385479,Loaded_Language,4225,4243,article765385479.task2-TC.labels
765385479,"Name_Calling,Labeling",4246,4270,article765385479.task2-TC.labels
765385479,"Name_Calling,Labeling",5347,5383,article765385479.task2-TC.labels
765385479,Loaded_Language,5932,5950,article765385479.task2-TC.labels
765385479,Loaded_Language,6924,6977,article765385479.task2-TC.labels
765385479,"Name_Calling,Labeling",7005,7052,article765385479.task2-TC.labels
765385479,Loaded_Language,9479,9499,article765385479.task2-TC.labels
765385479,Loaded_Language,4441,4461,article765385479.task2-TC.labels
765385479,Loaded_Language,6478,6496,article765385479.task2-TC.labels
765385479,Loaded_Language,6559,6573,article765385479.task2-TC.labels
765385479,"Name_Calling,Labeling",6930,6943,article765385479.task2-TC.labels
765385479,"Exaggeration,Minimisation",8431,8458,article765385479.task2-TC.labels
765385479,Appeal_to_fear-prejudice,206,375,article765385479.task2-TC.labels
765385479,"Exaggeration,Minimisation",564,630,article765385479.task2-TC.labels
765385479,"Name_Calling,Labeling",917,965,article765385479.task2-TC.labels
765385479,"Exaggeration,Minimisation",982,1031,article765385479.task2-TC.labels
765385479,Loaded_Language,1081,1086,article765385479.task2-TC.labels
765385479,Loaded_Language,1630,1651,article765385479.task2-TC.labels
765385479,"Exaggeration,Minimisation",1759,1848,article765385479.task2-TC.labels
765385479,Loaded_Language,1889,1903,article765385479.task2-TC.labels
765385479,"Name_Calling,Labeling",1905,1923,article765385479.task2-TC.labels
765385479,Loaded_Language,2321,2341,article765385479.task2-TC.labels
765385479,"Name_Calling,Labeling",2346,2374,article765385479.task2-TC.labels
765385479,"Name_Calling,Labeling",2497,2578,article765385479.task2-TC.labels
765385479,Doubt,2611,2658,article765385479.task2-TC.labels
765385479,Loaded_Language,2756,2777,article765385479.task2-TC.labels
765385479,"Name_Calling,Labeling",2815,2861,article765385479.task2-TC.labels
765385479,Doubt,2779,2972,article765385479.task2-TC.labels
765385479,"Exaggeration,Minimisation",3279,3305,article765385479.task2-TC.labels
765385479,"Name_Calling,Labeling",3522,3544,article765385479.task2-TC.labels
765385479,Loaded_Language,3725,3748,article765385479.task2-TC.labels
765385479,Flag-Waving,3750,3771,article765385479.task2-TC.labels
765385479,Doubt,3889,3968,article765385479.task2-TC.labels
765385479,Loaded_Language,3951,3968,article765385479.task2-TC.labels
765385479,Loaded_Language,4028,4046,article765385479.task2-TC.labels
765385479,"Exaggeration,Minimisation",4272,4286,article765385479.task2-TC.labels
765385479,"Name_Calling,Labeling",4322,4338,article765385479.task2-TC.labels
765385479,"Whataboutism,Straw_Men,Red_Herring",4354,4394,article765385479.task2-TC.labels
765385479,Loaded_Language,4396,4416,article765385479.task2-TC.labels
765385479,Loaded_Language,4486,4529,article765385479.task2-TC.labels
765385479,"Whataboutism,Straw_Men,Red_Herring",4476,4585,article765385479.task2-TC.labels
765385479,"Exaggeration,Minimisation",4809,4869,article765385479.task2-TC.labels
765385479,Loaded_Language,5144,5164,article765385479.task2-TC.labels
765385479,"Exaggeration,Minimisation",5171,5201,article765385479.task2-TC.labels
765385479,Loaded_Language,5316,5335,article765385479.task2-TC.labels
765385479,Loaded_Language,5743,5762,article765385479.task2-TC.labels
765385479,Loaded_Language,6160,6180,article765385479.task2-TC.labels
765385479,Loaded_Language,6205,6225,article765385479.task2-TC.labels
765385479,Loaded_Language,6286,6335,article765385479.task2-TC.labels
765385479,Causal_Oversimplification,6337,6442,article765385479.task2-TC.labels
765385479,"Exaggeration,Minimisation",6686,6700,article765385479.task2-TC.labels
765385479,"Name_Calling,Labeling",6818,6840,article765385479.task2-TC.labels
765385479,"Name_Calling,Labeling",6900,6922,article765385479.task2-TC.labels
765385479,"Exaggeration,Minimisation",7352,7484,article765385479.task2-TC.labels
765385479,Loaded_Language,7498,7590,article765385479.task2-TC.labels
765385479,Loaded_Language,7634,7678,article765385479.task2-TC.labels
765385479,"Exaggeration,Minimisation",7610,7625,article765385479.task2-TC.labels
765385479,Loaded_Language,7793,7836,article765385479.task2-TC.labels
765385479,Loaded_Language,7857,7953,article765385479.task2-TC.labels
765385479,"Whataboutism,Straw_Men,Red_Herring",7853,8050,article765385479.task2-TC.labels
765385479,Loaded_Language,8233,8248,article765385479.task2-TC.labels
765385479,Loaded_Language,8277,8307,article765385479.task2-TC.labels
765385479,Flag-Waving,341,370,article765385479.task2-TC.labels
765385479,Repetition,9397,9418,article765385479.task2-TC.labels
765385479,"Name_Calling,Labeling",9784,9804,article765385479.task2-TC.labels
765385479,Doubt,9119,9372,article765385479.task2-TC.labels
765385479,Appeal_to_fear-prejudice,10444,10686,article765385479.task2-TC.labels
765385479,Flag-Waving,10562,10602,article765385479.task2-TC.labels
765385479,"Exaggeration,Minimisation",10636,10686,article765385479.task2-TC.labels
765385479,Loaded_Language,564,592,article765385479.task2-TC.labels
765385479,"Bandwagon,Reductio_ad_hitlerum",2120,2210,article765385479.task2-TC.labels
765385479,Loaded_Language,4265,4270,article765385479.task2-TC.labels
765385479,Loaded_Language,9856,9902,article765385479.task2-TC.labels
756114837,Loaded_Language,3936,3945,article756114837.task2-TC.labels
705035735,Loaded_Language,15,22,article705035735.task2-TC.labels
705035735,Loaded_Language,42,70,article705035735.task2-TC.labels
705035735,Appeal_to_Authority,1035,1063,article705035735.task2-TC.labels
705035735,Appeal_to_Authority,1297,1404,article705035735.task2-TC.labels
705035735,Loaded_Language,2403,2426,article705035735.task2-TC.labels
705035735,Appeal_to_Authority,2579,2643,article705035735.task2-TC.labels
705035735,Loaded_Language,3016,3078,article705035735.task2-TC.labels
705035735,"Name_Calling,Labeling",57,70,article705035735.task2-TC.labels
705035735,Appeal_to_fear-prejudice,0,32,article705035735.task2-TC.labels
705035735,Appeal_to_fear-prejudice,34,70,article705035735.task2-TC.labels
705035735,"Name_Calling,Labeling",239,250,article705035735.task2-TC.labels
705035735,Appeal_to_fear-prejudice,2981,3010,article705035735.task2-TC.labels
704856340,Doubt,4007,4185,article704856340.task2-TC.labels
704856340,Flag-Waving,4107,4185,article704856340.task2-TC.labels
704856340,Doubt,4187,4324,article704856340.task2-TC.labels
704856340,Loaded_Language,4285,4324,article704856340.task2-TC.labels
790665855,Loaded_Language,448,493,article790665855.task2-TC.labels
790665855,Loaded_Language,967,1023,article790665855.task2-TC.labels
790665855,Loaded_Language,1628,1653,article790665855.task2-TC.labels
790665855,"Name_Calling,Labeling",3521,3558,article790665855.task2-TC.labels
790665855,"Name_Calling,Labeling",4401,4470,article790665855.task2-TC.labels
790665855,Loaded_Language,4178,4223,article790665855.task2-TC.labels
790665855,Doubt,567,675,article790665855.task2-TC.labels
790665855,Doubt,814,887,article790665855.task2-TC.labels
790665855,Loaded_Language,3248,3257,article790665855.task2-TC.labels
790665855,"Bandwagon,Reductio_ad_hitlerum",3521,3546,article790665855.task2-TC.labels
790665855,Doubt,4865,4952,article790665855.task2-TC.labels
790665855,Loaded_Language,5402,5424,article790665855.task2-TC.labels
790665855,Appeal_to_fear-prejudice,5448,5609,article790665855.task2-TC.labels
790665855,"Name_Calling,Labeling",5714,5743,article790665855.task2-TC.labels
790665855,Appeal_to_Authority,4721,4749,article790665855.task2-TC.labels
740808926,"Name_Calling,Labeling",0,26,article740808926.task2-TC.labels
740808926,Loaded_Language,616,630,article740808926.task2-TC.labels
740808926,Appeal_to_Authority,713,831,article740808926.task2-TC.labels
740808926,Loaded_Language,713,725,article740808926.task2-TC.labels
740808926,Appeal_to_Authority,938,997,article740808926.task2-TC.labels
740808926,Loaded_Language,94,111,article740808926.task2-TC.labels
758472954,Appeal_to_fear-prejudice,0,6,article758472954.task2-TC.labels
786731884,Loaded_Language,1559,1626,article786731884.task2-TC.labels
786731884,Loaded_Language,1733,1788,article786731884.task2-TC.labels
786731884,Causal_Oversimplification,2238,2379,article786731884.task2-TC.labels
786731884,Loaded_Language,4240,4258,article786731884.task2-TC.labels
786731884,"Exaggeration,Minimisation",4441,4499,article786731884.task2-TC.labels
786731884,Flag-Waving,3649,3693,article786731884.task2-TC.labels
786731884,"Name_Calling,Labeling",4053,4079,article786731884.task2-TC.labels
786731884,"Name_Calling,Labeling",30,44,article786731884.task2-TC.labels
786731884,"Name_Calling,Labeling",218,237,article786731884.task2-TC.labels
786731884,Loaded_Language,249,285,article786731884.task2-TC.labels
786731884,"Name_Calling,Labeling",322,341,article786731884.task2-TC.labels
786731884,"Name_Calling,Labeling",369,392,article786731884.task2-TC.labels
786731884,Loaded_Language,430,473,article786731884.task2-TC.labels
786731884,"Name_Calling,Labeling",513,534,article786731884.task2-TC.labels
786731884,Loaded_Language,714,729,article786731884.task2-TC.labels
786731884,"Name_Calling,Labeling",862,876,article786731884.task2-TC.labels
786731884,Repetition,862,868,article786731884.task2-TC.labels
786731884,"Name_Calling,Labeling",926,945,article786731884.task2-TC.labels
786731884,Loaded_Language,957,993,article786731884.task2-TC.labels
786731884,"Name_Calling,Labeling",1459,1482,article786731884.task2-TC.labels
786731884,"Bandwagon,Reductio_ad_hitlerum",1611,1626,article786731884.task2-TC.labels
786731884,"Name_Calling,Labeling",1670,1693,article786731884.task2-TC.labels
786731884,"Exaggeration,Minimisation",2091,2136,article786731884.task2-TC.labels
786731884,"Name_Calling,Labeling",2303,2319,article786731884.task2-TC.labels
786731884,"Name_Calling,Labeling",2443,2459,article786731884.task2-TC.labels
786731884,Loaded_Language,2487,2497,article786731884.task2-TC.labels
786731884,"Name_Calling,Labeling",2501,2519,article786731884.task2-TC.labels
786731884,Causal_Oversimplification,2462,2574,article786731884.task2-TC.labels
786731884,Loaded_Language,2714,2758,article786731884.task2-TC.labels
786731884,Loaded_Language,2775,2795,article786731884.task2-TC.labels
786731884,"Name_Calling,Labeling",2799,2819,article786731884.task2-TC.labels
786731884,Causal_Oversimplification,2822,2915,article786731884.task2-TC.labels
786731884,"Name_Calling,Labeling",2857,2915,article786731884.task2-TC.labels
786731884,Loaded_Language,3041,3051,article786731884.task2-TC.labels
786731884,"Name_Calling,Labeling",3121,3141,article786731884.task2-TC.labels
786731884,"Name_Calling,Labeling",3150,3165,article786731884.task2-TC.labels
786731884,Loaded_Language,4278,4299,article786731884.task2-TC.labels
786731884,Loaded_Language,4803,4825,article786731884.task2-TC.labels
786731884,Loaded_Language,4847,4855,article786731884.task2-TC.labels
786731884,"Name_Calling,Labeling",4890,4929,article786731884.task2-TC.labels
786731884,Loaded_Language,2095,2107,article786731884.task2-TC.labels
786731884,Appeal_to_Authority,3996,4079,article786731884.task2-TC.labels
786731884,Appeal_to_Authority,4082,4169,article786731884.task2-TC.labels
999000312,Loaded_Language,77,93,article999000312.task2-TC.labels
999000312,"Name_Calling,Labeling",268,282,article999000312.task2-TC.labels
999000312,"Exaggeration,Minimisation",3842,3900,article999000312.task2-TC.labels
999000312,"Name_Calling,Labeling",4231,4264,article999000312.task2-TC.labels
999000312,Loaded_Language,2230,2257,article999000312.task2-TC.labels
999000312,Loaded_Language,3968,3983,article999000312.task2-TC.labels
999000312,Doubt,4389,4786,article999000312.task2-TC.labels
999000312,Loaded_Language,165,212,article999000312.task2-TC.labels
999000312,Loaded_Language,511,547,article999000312.task2-TC.labels
999000312,"Name_Calling,Labeling",472,493,article999000312.task2-TC.labels
999000312,"Name_Calling,Labeling",771,779,article999000312.task2-TC.labels
999000312,Repetition,1427,1440,article999000312.task2-TC.labels
999000312,"Name_Calling,Labeling",1938,1946,article999000312.task2-TC.labels
999000312,Doubt,1949,2330,article999000312.task2-TC.labels
999000312,Doubt,95,311,article999000312.task2-TC.labels
999000312,"Exaggeration,Minimisation",2358,2421,article999000312.task2-TC.labels
999000312,Doubt,2608,2855,article999000312.task2-TC.labels
999000312,"Exaggeration,Minimisation",3014,3035,article999000312.task2-TC.labels
999000312,Causal_Oversimplification,3146,3353,article999000312.task2-TC.labels
999000312,"Name_Calling,Labeling",3579,3618,article999000312.task2-TC.labels
999000312,"Name_Calling,Labeling",3624,3667,article999000312.task2-TC.labels
999000312,Causal_Oversimplification,3355,3534,article999000312.task2-TC.labels
999000312,Doubt,3568,3900,article999000312.task2-TC.labels
999000312,Causal_Oversimplification,3902,4181,article999000312.task2-TC.labels
999000312,"Name_Calling,Labeling",4198,4222,article999000312.task2-TC.labels
999000312,"Exaggeration,Minimisation",4266,4387,article999000312.task2-TC.labels
999000312,"Name_Calling,Labeling",2367,2421,article999000312.task2-TC.labels
999000312,Appeal_to_fear-prejudice,2953,3144,article999000312.task2-TC.labels
999000312,Doubt,3382,3534,article999000312.task2-TC.labels
737255982,Slogans,46,61,article737255982.task2-TC.labels
737255982,"Name_Calling,Labeling",528,569,article737255982.task2-TC.labels
737255982,Slogans,606,621,article737255982.task2-TC.labels
737255982,Loaded_Language,775,800,article737255982.task2-TC.labels
737255982,Slogans,860,888,article737255982.task2-TC.labels
737255982,Loaded_Language,894,936,article737255982.task2-TC.labels
737255982,Loaded_Language,2166,2189,article737255982.task2-TC.labels
737255982,"Name_Calling,Labeling",154,160,article737255982.task2-TC.labels
737255982,Doubt,2678,2717,article737255982.task2-TC.labels
737255982,Loaded_Language,100,117,article737255982.task2-TC.labels
737255982,"Exaggeration,Minimisation",1538,1642,article737255982.task2-TC.labels
737255982,Black-and-White_Fallacy,2412,2457,article737255982.task2-TC.labels
737255982,"Name_Calling,Labeling",2760,2774,article737255982.task2-TC.labels
111111133,Loaded_Language,1224,1244,article111111133.task2-TC.labels
111111133,Loaded_Language,2593,2606,article111111133.task2-TC.labels
111111133,Black-and-White_Fallacy,4159,4173,article111111133.task2-TC.labels
111111133,Loaded_Language,358,367,article111111133.task2-TC.labels
111111133,Loaded_Language,460,465,article111111133.task2-TC.labels
111111133,Loaded_Language,504,507,article111111133.task2-TC.labels
111111133,Loaded_Language,1070,1077,article111111133.task2-TC.labels
111111133,Loaded_Language,2572,2589,article111111133.task2-TC.labels
111111133,"Name_Calling,Labeling",2625,2646,article111111133.task2-TC.labels
111111133,Loaded_Language,2944,2950,article111111133.task2-TC.labels
111111133,Loaded_Language,3830,3836,article111111133.task2-TC.labels
739091070,Appeal_to_Authority,569,644,article739091070.task2-TC.labels
739091070,Loaded_Language,1745,1763,article739091070.task2-TC.labels
739091070,Loaded_Language,192,216,article739091070.task2-TC.labels
739091070,Loaded_Language,245,252,article739091070.task2-TC.labels
739091070,Loaded_Language,1395,1476,article739091070.task2-TC.labels
787142429,Loaded_Language,1150,1204,article787142429.task2-TC.labels
787142429,Slogans,2735,2758,article787142429.task2-TC.labels
787142429,Loaded_Language,1106,1123,article787142429.task2-TC.labels
787142429,Appeal_to_Authority,2684,2815,article787142429.task2-TC.labels
790667730,Loaded_Language,23,42,article790667730.task2-TC.labels
790667730,Loaded_Language,292,310,article790667730.task2-TC.labels
790667730,Flag-Waving,1217,1309,article790667730.task2-TC.labels
790667730,Loaded_Language,752,794,article790667730.task2-TC.labels
790667730,Loaded_Language,1129,1133,article790667730.task2-TC.labels
790667730,Loaded_Language,1164,1215,article790667730.task2-TC.labels
790667730,"Exaggeration,Minimisation",69,117,article790667730.task2-TC.labels
790667730,"Exaggeration,Minimisation",359,422,article790667730.task2-TC.labels
790667730,Causal_Oversimplification,910,1003,article790667730.task2-TC.labels
790667730,"Exaggeration,Minimisation",1110,1161,article790667730.task2-TC.labels
790667730,Loaded_Language,1967,1984,article790667730.task2-TC.labels
790667730,Loaded_Language,2019,2045,article790667730.task2-TC.labels
790667730,"Name_Calling,Labeling",69,88,article790667730.task2-TC.labels
790667730,Loaded_Language,84,88,article790667730.task2-TC.labels
790667730,"Exaggeration,Minimisation",910,956,article790667730.task2-TC.labels
790667730,"Name_Calling,Labeling",1110,1133,article790667730.task2-TC.labels
790667730,Loaded_Language,1265,1269,article790667730.task2-TC.labels
111111117,Causal_Oversimplification,671,753,article111111117.task2-TC.labels
763761219,Flag-Waving,1875,1890,article763761219.task2-TC.labels
763761219,Slogans,116,140,article763761219.task2-TC.labels
763761219,Repetition,1452,1465,article763761219.task2-TC.labels
763761219,Repetition,1645,1658,article763761219.task2-TC.labels
763761219,Flag-Waving,2295,2306,article763761219.task2-TC.labels
729410793,Loaded_Language,29,77,article729410793.task2-TC.labels
729410793,Loaded_Language,316,397,article729410793.task2-TC.labels
729410793,Black-and-White_Fallacy,657,705,article729410793.task2-TC.labels
729410793,Appeal_to_Authority,708,752,article729410793.task2-TC.labels
729410793,Causal_Oversimplification,754,1017,article729410793.task2-TC.labels
729410793,Appeal_to_Authority,1018,1342,article729410793.task2-TC.labels
729410793,Thought-terminating_Cliches,1563,1603,article729410793.task2-TC.labels
729410793,Black-and-White_Fallacy,3356,3482,article729410793.task2-TC.labels
729410793,Appeal_to_fear-prejudice,3510,3676,article729410793.task2-TC.labels
729410793,Loaded_Language,4126,4166,article729410793.task2-TC.labels
729410793,Black-and-White_Fallacy,4237,4365,article729410793.task2-TC.labels
729410793,Appeal_to_Authority,4586,4678,article729410793.task2-TC.labels
729410793,"Exaggeration,Minimisation",841,847,article729410793.task2-TC.labels
697472447,Doubt,3600,3640,article697472447.task2-TC.labels
697472447,Doubt,2430,2528,article697472447.task2-TC.labels
697472447,Doubt,3397,3459,article697472447.task2-TC.labels
706661242,"Name_Calling,Labeling",95,113,article706661242.task2-TC.labels
706661242,"Name_Calling,Labeling",1316,1341,article706661242.task2-TC.labels
706661242,"Name_Calling,Labeling",150,171,article706661242.task2-TC.labels
778664280,Loaded_Language,5485,5501,article778664280.task2-TC.labels
778664280,Loaded_Language,9810,9822,article778664280.task2-TC.labels
778664280,Loaded_Language,12232,12252,article778664280.task2-TC.labels
778664280,Loaded_Language,12284,12302,article778664280.task2-TC.labels
778664280,Loaded_Language,888,912,article778664280.task2-TC.labels
778664280,Loaded_Language,3969,3990,article778664280.task2-TC.labels
778664280,Loaded_Language,8734,8750,article778664280.task2-TC.labels
778664280,Loaded_Language,9347,9368,article778664280.task2-TC.labels
778664280,Loaded_Language,9542,9566,article778664280.task2-TC.labels
778664280,Loaded_Language,11060,11085,article778664280.task2-TC.labels
778664280,Loaded_Language,9600,9617,article778664280.task2-TC.labels
778664280,Loaded_Language,11430,11441,article778664280.task2-TC.labels
778664280,Loaded_Language,10838,10854,article778664280.task2-TC.labels
778664280,Loaded_Language,7004,7014,article778664280.task2-TC.labels
778664280,Loaded_Language,10174,10193,article778664280.task2-TC.labels
778664280,Loaded_Language,402,430,article778664280.task2-TC.labels
778664280,Loaded_Language,4569,4584,article778664280.task2-TC.labels
778664280,Loaded_Language,5422,5440,article778664280.task2-TC.labels
778664280,Loaded_Language,8088,8139,article778664280.task2-TC.labels
778664280,Loaded_Language,8907,8921,article778664280.task2-TC.labels
778664280,Loaded_Language,8949,8995,article778664280.task2-TC.labels
778664280,Loaded_Language,9764,9785,article778664280.task2-TC.labels
778664280,Loaded_Language,9878,9905,article778664280.task2-TC.labels
778664280,Loaded_Language,9959,9974,article778664280.task2-TC.labels
778664280,Loaded_Language,10114,10148,article778664280.task2-TC.labels
778664280,Loaded_Language,10691,10720,article778664280.task2-TC.labels
778664280,Flag-Waving,1196,1206,article778664280.task2-TC.labels
778664280,Flag-Waving,11091,11282,article778664280.task2-TC.labels
778664280,"Name_Calling,Labeling",3016,3042,article778664280.task2-TC.labels
778664280,"Name_Calling,Labeling",4132,4158,article778664280.task2-TC.labels
778664280,"Name_Calling,Labeling",4168,4211,article778664280.task2-TC.labels
778664280,"Name_Calling,Labeling",8730,8750,article778664280.task2-TC.labels
778664280,"Name_Calling,Labeling",9002,9026,article778664280.task2-TC.labels
778664280,"Name_Calling,Labeling",9027,9050,article778664280.task2-TC.labels
778664280,"Name_Calling,Labeling",11426,11450,article778664280.task2-TC.labels
778664280,"Name_Calling,Labeling",2036,2050,article778664280.task2-TC.labels
778664280,"Name_Calling,Labeling",5195,5210,article778664280.task2-TC.labels
778664280,"Name_Calling,Labeling",5973,6034,article778664280.task2-TC.labels
778664280,"Name_Calling,Labeling",5718,5731,article778664280.task2-TC.labels
778664280,"Name_Calling,Labeling",7174,7201,article778664280.task2-TC.labels
778664280,"Name_Calling,Labeling",7959,7973,article778664280.task2-TC.labels
778664280,"Name_Calling,Labeling",8140,8241,article778664280.task2-TC.labels
778664280,"Name_Calling,Labeling",8360,8382,article778664280.task2-TC.labels
778664280,"Name_Calling,Labeling",8875,8897,article778664280.task2-TC.labels
778664280,"Name_Calling,Labeling",9070,9100,article778664280.task2-TC.labels
778664280,"Name_Calling,Labeling",10532,10550,article778664280.task2-TC.labels
778664280,"Name_Calling,Labeling",10755,10775,article778664280.task2-TC.labels
778664280,"Name_Calling,Labeling",11811,11875,article778664280.task2-TC.labels
778664280,"Name_Calling,Labeling",12280,12302,article778664280.task2-TC.labels
778664280,"Name_Calling,Labeling",660,744,article778664280.task2-TC.labels
778664280,Doubt,9052,9178,article778664280.task2-TC.labels
778664280,Doubt,9787,9822,article778664280.task2-TC.labels
778664280,Doubt,10287,10453,article778664280.task2-TC.labels
778664280,Doubt,6964,7167,article778664280.task2-TC.labels
778664280,Doubt,9180,9436,article778664280.task2-TC.labels
778664280,Doubt,10832,11050,article778664280.task2-TC.labels
778664280,Doubt,10455,10720,article778664280.task2-TC.labels
778664280,Causal_Oversimplification,9976,10029,article778664280.task2-TC.labels
778664280,Causal_Oversimplification,6037,6169,article778664280.task2-TC.labels
778664280,Causal_Oversimplification,6543,6921,article778664280.task2-TC.labels
778664280,Causal_Oversimplification,7514,7815,article778664280.task2-TC.labels
778664280,Causal_Oversimplification,9824,9974,article778664280.task2-TC.labels
778664280,"Exaggeration,Minimisation",2737,2809,article778664280.task2-TC.labels
778664280,"Exaggeration,Minimisation",10174,10260,article778664280.task2-TC.labels
778664280,"Exaggeration,Minimisation",12227,12265,article778664280.task2-TC.labels
778664280,"Exaggeration,Minimisation",865,912,article778664280.task2-TC.labels
778664280,Appeal_to_fear-prejudice,1442,1720,article778664280.task2-TC.labels
778664280,Appeal_to_fear-prejudice,9347,9436,article778664280.task2-TC.labels
778664280,Appeal_to_fear-prejudice,10722,10830,article778664280.task2-TC.labels
778664280,Appeal_to_fear-prejudice,11052,11282,article778664280.task2-TC.labels
778664280,Appeal_to_fear-prejudice,11529,11693,article778664280.task2-TC.labels
778664280,Appeal_to_fear-prejudice,11877,12098,article778664280.task2-TC.labels
778664280,Appeal_to_fear-prejudice,5517,5839,article778664280.task2-TC.labels
778664280,Slogans,4787,4847,article778664280.task2-TC.labels
778664280,Thought-terminating_Cliches,9619,9647,article778664280.task2-TC.labels
780414700,Repetition,2944,2954,article780414700.task2-TC.labels
780414700,Repetition,2964,2974,article780414700.task2-TC.labels
780414700,Repetition,3011,3021,article780414700.task2-TC.labels
780414700,Repetition,3051,3061,article780414700.task2-TC.labels
780414700,Repetition,3177,3187,article780414700.task2-TC.labels
780414700,Repetition,13333,13358,article780414700.task2-TC.labels
780414700,Repetition,14442,14467,article780414700.task2-TC.labels
780414700,Repetition,16466,16470,article780414700.task2-TC.labels
780414700,Repetition,16519,16523,article780414700.task2-TC.labels
780414700,Repetition,16549,16553,article780414700.task2-TC.labels
780414700,Repetition,3591,3599,article780414700.task2-TC.labels
780414700,Repetition,5135,5138,article780414700.task2-TC.labels
780414700,Repetition,14834,14844,article780414700.task2-TC.labels
780414700,Loaded_Language,8867,8878,article780414700.task2-TC.labels
780414700,Loaded_Language,7243,7257,article780414700.task2-TC.labels
780414700,Loaded_Language,1586,1596,article780414700.task2-TC.labels
780414700,Loaded_Language,3254,3261,article780414700.task2-TC.labels
780414700,Loaded_Language,2997,3009,article780414700.task2-TC.labels
780414700,Loaded_Language,3485,3494,article780414700.task2-TC.labels
780414700,Loaded_Language,4434,4438,article780414700.task2-TC.labels
780414700,Loaded_Language,8883,8903,article780414700.task2-TC.labels
780414700,Loaded_Language,8935,8952,article780414700.task2-TC.labels
780414700,Loaded_Language,9663,9717,article780414700.task2-TC.labels
780414700,Loaded_Language,9794,9804,article780414700.task2-TC.labels
780414700,Loaded_Language,9815,9842,article780414700.task2-TC.labels
780414700,Loaded_Language,13309,13331,article780414700.task2-TC.labels
780414700,Loaded_Language,13520,13530,article780414700.task2-TC.labels
780414700,Loaded_Language,14823,14844,article780414700.task2-TC.labels
780414700,Loaded_Language,1370,1385,article780414700.task2-TC.labels
780414700,Loaded_Language,1817,1846,article780414700.task2-TC.labels
780414700,Loaded_Language,3373,3388,article780414700.task2-TC.labels
780414700,Loaded_Language,9347,9401,article780414700.task2-TC.labels
780414700,Loaded_Language,17788,17830,article780414700.task2-TC.labels
780414700,Loaded_Language,1653,1691,article780414700.task2-TC.labels
780414700,Loaded_Language,17440,17457,article780414700.task2-TC.labels
780414700,Loaded_Language,483,504,article780414700.task2-TC.labels
780414700,Loaded_Language,866,887,article780414700.task2-TC.labels
780414700,Loaded_Language,926,961,article780414700.task2-TC.labels
780414700,Loaded_Language,6315,6393,article780414700.task2-TC.labels
780414700,Loaded_Language,6561,6601,article780414700.task2-TC.labels
780414700,Loaded_Language,14986,15028,article780414700.task2-TC.labels
780414700,Loaded_Language,16614,16639,article780414700.task2-TC.labels
780414700,Loaded_Language,17980,18035,article780414700.task2-TC.labels
780414700,Loaded_Language,601,654,article780414700.task2-TC.labels
780414700,Loaded_Language,1711,1720,article780414700.task2-TC.labels
780414700,Loaded_Language,1971,1981,article780414700.task2-TC.labels
780414700,"Name_Calling,Labeling",726,735,article780414700.task2-TC.labels
780414700,"Name_Calling,Labeling",1304,1325,article780414700.task2-TC.labels
780414700,"Name_Calling,Labeling",2183,2225,article780414700.task2-TC.labels
780414700,"Name_Calling,Labeling",7820,7867,article780414700.task2-TC.labels
780414700,"Name_Calling,Labeling",7877,7917,article780414700.task2-TC.labels
780414700,"Name_Calling,Labeling",300,319,article780414700.task2-TC.labels
780414700,"Name_Calling,Labeling",572,654,article780414700.task2-TC.labels
780414700,"Name_Calling,Labeling",1811,1846,article780414700.task2-TC.labels
780414700,"Name_Calling,Labeling",3233,3317,article780414700.task2-TC.labels
780414700,"Name_Calling,Labeling",4434,4471,article780414700.task2-TC.labels
780414700,"Name_Calling,Labeling",5514,5522,article780414700.task2-TC.labels
780414700,"Name_Calling,Labeling",7410,7450,article780414700.task2-TC.labels
780414700,"Name_Calling,Labeling",10905,10959,article780414700.task2-TC.labels
780414700,"Name_Calling,Labeling",10993,11030,article780414700.task2-TC.labels
780414700,"Name_Calling,Labeling",11035,11072,article780414700.task2-TC.labels
780414700,"Name_Calling,Labeling",13920,13988,article780414700.task2-TC.labels
780414700,Slogans,866,887,article780414700.task2-TC.labels
780414700,Slogans,2286,2330,article780414700.task2-TC.labels
780414700,Slogans,2944,2962,article780414700.task2-TC.labels
780414700,Slogans,18812,18834,article780414700.task2-TC.labels
780414700,"Exaggeration,Minimisation",1361,1404,article780414700.task2-TC.labels
780414700,"Exaggeration,Minimisation",9113,9135,article780414700.task2-TC.labels
780414700,"Exaggeration,Minimisation",1698,1738,article780414700.task2-TC.labels
780414700,"Exaggeration,Minimisation",1852,1943,article780414700.task2-TC.labels
780414700,"Exaggeration,Minimisation",3534,3578,article780414700.task2-TC.labels
780414700,"Exaggeration,Minimisation",8632,8678,article780414700.task2-TC.labels
780414700,"Exaggeration,Minimisation",9347,9373,article780414700.task2-TC.labels
780414700,"Exaggeration,Minimisation",9661,9717,article780414700.task2-TC.labels
780414700,Appeal_to_fear-prejudice,4907,5047,article780414700.task2-TC.labels
780414700,Appeal_to_fear-prejudice,1740,2022,article780414700.task2-TC.labels
780414700,Appeal_to_fear-prejudice,5821,5941,article780414700.task2-TC.labels
780414700,Appeal_to_fear-prejudice,15632,15697,article780414700.task2-TC.labels
780414700,Causal_Oversimplification,1192,1265,article780414700.task2-TC.labels
780414700,Causal_Oversimplification,5145,5206,article780414700.task2-TC.labels
780414700,Causal_Oversimplification,6832,6905,article780414700.task2-TC.labels
780414700,Causal_Oversimplification,7580,7638,article780414700.task2-TC.labels
780414700,Causal_Oversimplification,10488,10673,article780414700.task2-TC.labels
780414700,Causal_Oversimplification,4363,4517,article780414700.task2-TC.labels
780414700,"Bandwagon,Reductio_ad_hitlerum",1338,1615,article780414700.task2-TC.labels
780414700,"Bandwagon,Reductio_ad_hitlerum",17034,17229,article780414700.task2-TC.labels
780414700,Black-and-White_Fallacy,2060,2284,article780414700.task2-TC.labels
780414700,Doubt,5425,5738,article780414700.task2-TC.labels
999000145,Appeal_to_fear-prejudice,247,384,article999000145.task2-TC.labels
999000145,Repetition,1502,1516,article999000145.task2-TC.labels
999000145,Loaded_Language,2251,2318,article999000145.task2-TC.labels
999000145,Loaded_Language,2393,2447,article999000145.task2-TC.labels
999000145,Loaded_Language,2677,2703,article999000145.task2-TC.labels
730268758,Repetition,2346,2365,article730268758.task2-TC.labels
730268758,"Name_Calling,Labeling",34,58,article730268758.task2-TC.labels
730268758,Loaded_Language,259,282,article730268758.task2-TC.labels
730268758,"Name_Calling,Labeling",320,336,article730268758.task2-TC.labels
730268758,"Name_Calling,Labeling",517,535,article730268758.task2-TC.labels
730268758,"Name_Calling,Labeling",686,703,article730268758.task2-TC.labels
730268758,"Name_Calling,Labeling",1414,1439,article730268758.task2-TC.labels
730268758,"Name_Calling,Labeling",2006,2036,article730268758.task2-TC.labels
730268758,Loaded_Language,2088,2117,article730268758.task2-TC.labels
730268758,Loaded_Language,5051,5097,article730268758.task2-TC.labels
730268758,Loaded_Language,6052,6068,article730268758.task2-TC.labels
730268758,"Exaggeration,Minimisation",6213,6298,article730268758.task2-TC.labels
730268758,"Exaggeration,Minimisation",6587,6706,article730268758.task2-TC.labels
730268758,Repetition,6748,6765,article730268758.task2-TC.labels
730268758,"Name_Calling,Labeling",7129,7163,article730268758.task2-TC.labels
730268758,Loaded_Language,7654,7680,article730268758.task2-TC.labels
730268758,Loaded_Language,320,336,article730268758.task2-TC.labels
730268758,Loaded_Language,728,737,article730268758.task2-TC.labels
730268758,"Bandwagon,Reductio_ad_hitlerum",2539,2621,article730268758.task2-TC.labels
730268758,"Name_Calling,Labeling",3350,3357,article730268758.task2-TC.labels
730268758,Loaded_Language,3527,3534,article730268758.task2-TC.labels
730268758,Loaded_Language,4818,4839,article730268758.task2-TC.labels
730268758,Loaded_Language,7131,7163,article730268758.task2-TC.labels
730268758,Loaded_Language,7186,7193,article730268758.task2-TC.labels
787668628,Loaded_Language,613,656,article787668628.task2-TC.labels
787668628,Loaded_Language,673,688,article787668628.task2-TC.labels
787668628,Flag-Waving,720,766,article787668628.task2-TC.labels
787668628,Black-and-White_Fallacy,0,118,article787668628.task2-TC.labels
787668628,Causal_Oversimplification,475,499,article787668628.task2-TC.labels
787668628,"Name_Calling,Labeling",592,602,article787668628.task2-TC.labels
787668628,Slogans,2408,2425,article787668628.task2-TC.labels
787668628,"Exaggeration,Minimisation",3729,3842,article787668628.task2-TC.labels
787668628,Doubt,4993,5125,article787668628.task2-TC.labels
787668628,Loaded_Language,5982,5997,article787668628.task2-TC.labels
787668628,Appeal_to_Authority,5153,5360,article787668628.task2-TC.labels
787668628,Loaded_Language,5373,5392,article787668628.task2-TC.labels
766084411,Loaded_Language,2018,2024,article766084411.task2-TC.labels
766084411,Doubt,1793,1799,article766084411.task2-TC.labels
766084411,Doubt,3958,3991,article766084411.task2-TC.labels
766084411,"Name_Calling,Labeling",4170,4174,article766084411.task2-TC.labels
766084411,Repetition,1914,1924,article766084411.task2-TC.labels
766084411,Repetition,2131,2140,article766084411.task2-TC.labels
766084411,Repetition,2437,2447,article766084411.task2-TC.labels
766084411,Repetition,4062,4072,article766084411.task2-TC.labels
766084411,Repetition,4529,4539,article766084411.task2-TC.labels
766084411,Repetition,4688,4697,article766084411.task2-TC.labels
766084411,Repetition,5224,5234,article766084411.task2-TC.labels
766084411,Loaded_Language,4035,4040,article766084411.task2-TC.labels
766084411,Loaded_Language,4045,4056,article766084411.task2-TC.labels
772947654,Flag-Waving,683,720,article772947654.task2-TC.labels
772947654,Loaded_Language,6314,6322,article772947654.task2-TC.labels
772947654,"Name_Calling,Labeling",228,244,article772947654.task2-TC.labels
772947654,Flag-Waving,5686,5713,article772947654.task2-TC.labels
772947654,Loaded_Language,1606,1618,article772947654.task2-TC.labels
772947654,"Exaggeration,Minimisation",148,157,article772947654.task2-TC.labels
772947654,"Whataboutism,Straw_Men,Red_Herring",2050,2176,article772947654.task2-TC.labels
772947654,Causal_Oversimplification,2339,2392,article772947654.task2-TC.labels
772947654,Causal_Oversimplification,2780,2838,article772947654.task2-TC.labels
772947654,Repetition,2944,2967,article772947654.task2-TC.labels
772947654,Repetition,3010,3023,article772947654.task2-TC.labels
772947654,"Exaggeration,Minimisation",4482,4510,article772947654.task2-TC.labels
772947654,Repetition,5221,5225,article772947654.task2-TC.labels
772947654,Slogans,5653,5668,article772947654.task2-TC.labels
772947654,"Exaggeration,Minimisation",6229,6246,article772947654.task2-TC.labels
772947654,Causal_Oversimplification,6327,6352,article772947654.task2-TC.labels
772947654,Loaded_Language,319,322,article772947654.task2-TC.labels
772947654,"Exaggeration,Minimisation",440,456,article772947654.task2-TC.labels
772947654,Flag-Waving,1510,1513,article772947654.task2-TC.labels
772947654,Repetition,1719,1722,article772947654.task2-TC.labels
772947654,Repetition,1760,1763,article772947654.task2-TC.labels
772947654,"Exaggeration,Minimisation",3153,3160,article772947654.task2-TC.labels
772947654,"Exaggeration,Minimisation",3311,3319,article772947654.task2-TC.labels
772947654,Loaded_Language,3334,3343,article772947654.task2-TC.labels
772947654,Flag-Waving,3483,3501,article772947654.task2-TC.labels
772947654,Loaded_Language,3766,3776,article772947654.task2-TC.labels
772947654,Repetition,3662,3686,article772947654.task2-TC.labels
772947654,Repetition,3787,3811,article772947654.task2-TC.labels
772947654,Repetition,4833,4857,article772947654.task2-TC.labels
772947654,Repetition,5180,5204,article772947654.task2-TC.labels
772947654,Black-and-White_Fallacy,4196,4254,article772947654.task2-TC.labels
772947654,Flag-Waving,4274,4277,article772947654.task2-TC.labels
772947654,Flag-Waving,4722,4725,article772947654.task2-TC.labels
772947654,Loaded_Language,5455,5462,article772947654.task2-TC.labels
772947654,Loaded_Language,6577,6588,article772947654.task2-TC.labels
697063039,Thought-terminating_Cliches,1975,2072,article697063039.task2-TC.labels
697063039,"Exaggeration,Minimisation",1160,1220,article697063039.task2-TC.labels
697063039,"Exaggeration,Minimisation",1375,1413,article697063039.task2-TC.labels
697063039,"Name_Calling,Labeling",1824,1852,article697063039.task2-TC.labels
697063039,Loaded_Language,115,120,article697063039.task2-TC.labels
697063039,Loaded_Language,142,152,article697063039.task2-TC.labels
697063039,Flag-Waving,1226,1346,article697063039.task2-TC.labels
697063039,Loaded_Language,1828,1845,article697063039.task2-TC.labels
999001032,"Name_Calling,Labeling",491,526,article999001032.task2-TC.labels
999001032,"Name_Calling,Labeling",861,890,article999001032.task2-TC.labels
999001032,Repetition,2565,2587,article999001032.task2-TC.labels
999001032,"Name_Calling,Labeling",2882,2898,article999001032.task2-TC.labels
999001032,"Name_Calling,Labeling",4210,4236,article999001032.task2-TC.labels
999001032,"Name_Calling,Labeling",465,478,article999001032.task2-TC.labels
999001032,Loaded_Language,549,564,article999001032.task2-TC.labels
999001032,Doubt,1415,1571,article999001032.task2-TC.labels
999001032,Loaded_Language,2847,2860,article999001032.task2-TC.labels
999001032,Appeal_to_Authority,1727,1852,article999001032.task2-TC.labels
999001032,Loaded_Language,3003,3035,article999001032.task2-TC.labels
999001032,Loaded_Language,3280,3306,article999001032.task2-TC.labels
999001032,Loaded_Language,3226,3237,article999001032.task2-TC.labels
999001032,Loaded_Language,3454,3461,article999001032.task2-TC.labels
999001032,Repetition,3770,3803,article999001032.task2-TC.labels
999001032,Doubt,0,35,article999001032.task2-TC.labels
999001032,"Exaggeration,Minimisation",595,659,article999001032.task2-TC.labels
999001032,"Name_Calling,Labeling",835,848,article999001032.task2-TC.labels
999001032,Loaded_Language,903,927,article999001032.task2-TC.labels
999001032,Doubt,1574,1627,article999001032.task2-TC.labels
999001032,Doubt,1780,1852,article999001032.task2-TC.labels
999001032,Doubt,1854,1954,article999001032.task2-TC.labels
999001032,Doubt,2201,2282,article999001032.task2-TC.labels
999001032,Doubt,2333,2587,article999001032.task2-TC.labels
999001032,"Exaggeration,Minimisation",3003,3061,article999001032.task2-TC.labels
999001032,"Name_Calling,Labeling",3117,3145,article999001032.task2-TC.labels
999001032,Repetition,3166,3211,article999001032.task2-TC.labels
999001032,"Exaggeration,Minimisation",3222,3332,article999001032.task2-TC.labels
999001032,Loaded_Language,3707,3738,article999001032.task2-TC.labels
999001032,Thought-terminating_Cliches,3806,3832,article999001032.task2-TC.labels
999001032,Loaded_Language,4168,4197,article999001032.task2-TC.labels
999001032,Appeal_to_fear-prejudice,3962,4085,article999001032.task2-TC.labels
999001032,Repetition,4331,4364,article999001032.task2-TC.labels
999001032,Doubt,4473,4532,article999001032.task2-TC.labels
999001032,Repetition,4701,4715,article999001032.task2-TC.labels
999001032,"Name_Calling,Labeling",4586,4600,article999001032.task2-TC.labels
999001032,"Name_Calling,Labeling",4618,4642,article999001032.task2-TC.labels
999001032,"Name_Calling,Labeling",5503,5516,article999001032.task2-TC.labels
999001032,"Name_Calling,Labeling",5521,5542,article999001032.task2-TC.labels
999001032,Doubt,5437,5559,article999001032.task2-TC.labels
999001032,Repetition,607,619,article999001032.task2-TC.labels
999001032,Loaded_Language,864,873,article999001032.task2-TC.labels
999001032,"Name_Calling,Labeling",4310,4323,article999001032.task2-TC.labels
999001970,"Name_Calling,Labeling",1660,1674,article999001970.task2-TC.labels
999001970,Loaded_Language,143,169,article999001970.task2-TC.labels
999001970,"Exaggeration,Minimisation",186,249,article999001970.task2-TC.labels
999001970,Slogans,191,213,article999001970.task2-TC.labels
999001970,"Exaggeration,Minimisation",1043,1148,article999001970.task2-TC.labels
999001970,"Name_Calling,Labeling",1164,1183,article999001970.task2-TC.labels
999001970,"Exaggeration,Minimisation",1607,1674,article999001970.task2-TC.labels
999001970,"Exaggeration,Minimisation",2611,2651,article999001970.task2-TC.labels
702077434,Loaded_Language,1264,1275,article702077434.task2-TC.labels
702077434,Thought-terminating_Cliches,1377,1393,article702077434.task2-TC.labels
702077434,Loaded_Language,1377,1414,article702077434.task2-TC.labels
702077434,"Exaggeration,Minimisation",1701,1732,article702077434.task2-TC.labels
702077434,Repetition,1830,1891,article702077434.task2-TC.labels
754231597,Appeal_to_fear-prejudice,171,231,article754231597.task2-TC.labels
999001241,Flag-Waving,2211,2240,article999001241.task2-TC.labels
999001241,Loaded_Language,166,235,article999001241.task2-TC.labels
999001241,Repetition,526,541,article999001241.task2-TC.labels
723844295,Loaded_Language,15,29,article723844295.task2-TC.labels
723844295,Doubt,220,273,article723844295.task2-TC.labels
723844295,Doubt,1242,1270,article723844295.task2-TC.labels
723844295,Causal_Oversimplification,2445,2696,article723844295.task2-TC.labels
723844295,Repetition,1963,1994,article723844295.task2-TC.labels
723844295,Flag-Waving,2027,2040,article723844295.task2-TC.labels
793921939,Flag-Waving,398,407,article793921939.task2-TC.labels
793921939,Slogans,1974,1989,article793921939.task2-TC.labels
793921939,Loaded_Language,2968,2974,article793921939.task2-TC.labels
793921939,Loaded_Language,6673,6691,article793921939.task2-TC.labels
793921939,Repetition,7500,7505,article793921939.task2-TC.labels
793921939,Black-and-White_Fallacy,381,407,article793921939.task2-TC.labels
793921939,Doubt,7357,7478,article793921939.task2-TC.labels
793921939,Doubt,7479,7522,article793921939.task2-TC.labels
793921939,Flag-Waving,7676,7689,article793921939.task2-TC.labels
763440871,Loaded_Language,843,866,article763440871.task2-TC.labels
763440871,Loaded_Language,45,60,article763440871.task2-TC.labels
763440871,Loaded_Language,1705,1713,article763440871.task2-TC.labels
763440871,Loaded_Language,1719,1727,article763440871.task2-TC.labels
763440871,Loaded_Language,1859,1868,article763440871.task2-TC.labels
763440871,Loaded_Language,727,734,article763440871.task2-TC.labels
763440871,Loaded_Language,1371,1381,article763440871.task2-TC.labels
763440871,Repetition,478,493,article763440871.task2-TC.labels
763440871,Repetition,934,942,article763440871.task2-TC.labels
763440871,Repetition,1536,1545,article763440871.task2-TC.labels
763440871,Repetition,3309,3317,article763440871.task2-TC.labels
763440871,Repetition,3339,3347,article763440871.task2-TC.labels
763440871,Black-and-White_Fallacy,3228,3359,article763440871.task2-TC.labels
763440871,"Name_Calling,Labeling",1825,1853,article763440871.task2-TC.labels
763440871,Slogans,3254,3287,article763440871.task2-TC.labels
763440871,"Exaggeration,Minimisation",980,988,article763440871.task2-TC.labels
763440871,"Exaggeration,Minimisation",2472,2491,article763440871.task2-TC.labels
764518567,Repetition,6123,6139,article764518567.task2-TC.labels
764518567,Repetition,6460,6476,article764518567.task2-TC.labels
764518567,Repetition,6669,6685,article764518567.task2-TC.labels
764518567,Repetition,6919,6935,article764518567.task2-TC.labels
764518567,Loaded_Language,1113,1133,article764518567.task2-TC.labels
764518567,Repetition,5809,5826,article764518567.task2-TC.labels
764518567,Loaded_Language,7942,7961,article764518567.task2-TC.labels
764518567,Loaded_Language,2954,2972,article764518567.task2-TC.labels
764518567,Repetition,5832,5850,article764518567.task2-TC.labels
764518567,Loaded_Language,1924,1933,article764518567.task2-TC.labels
764518567,Doubt,2303,2349,article764518567.task2-TC.labels
764518567,Loaded_Language,5191,5208,article764518567.task2-TC.labels
764518567,Repetition,5887,5903,article764518567.task2-TC.labels
764518567,Doubt,8001,8054,article764518567.task2-TC.labels
764518567,"Exaggeration,Minimisation",9804,9833,article764518567.task2-TC.labels
764518567,Loaded_Language,11690,11756,article764518567.task2-TC.labels
764518567,Loaded_Language,1258,1266,article764518567.task2-TC.labels
764518567,Loaded_Language,2316,2331,article764518567.task2-TC.labels
764518567,Loaded_Language,4804,4852,article764518567.task2-TC.labels
764518567,Repetition,6093,6111,article764518567.task2-TC.labels
764518567,Loaded_Language,8365,8402,article764518567.task2-TC.labels
764518567,Repetition,9264,9272,article764518567.task2-TC.labels
764518567,Doubt,10680,10702,article764518567.task2-TC.labels
781768042,Loaded_Language,460,471,article781768042.task2-TC.labels
781768042,Loaded_Language,7029,7044,article781768042.task2-TC.labels
781768042,Loaded_Language,7079,7098,article781768042.task2-TC.labels
781768042,"Name_Calling,Labeling",10249,10311,article781768042.task2-TC.labels
781768042,"Name_Calling,Labeling",4963,4971,article781768042.task2-TC.labels
781768042,"Name_Calling,Labeling",5923,6076,article781768042.task2-TC.labels
781768042,"Name_Calling,Labeling",6255,6266,article781768042.task2-TC.labels
781768042,Doubt,11503,11705,article781768042.task2-TC.labels
781768042,Causal_Oversimplification,0,108,article781768042.task2-TC.labels
781768042,"Name_Calling,Labeling",98,108,article781768042.task2-TC.labels
781768042,Loaded_Language,112,126,article781768042.task2-TC.labels
781768042,Loaded_Language,173,210,article781768042.task2-TC.labels
781768042,Doubt,238,360,article781768042.task2-TC.labels
781768042,Appeal_to_fear-prejudice,727,770,article781768042.task2-TC.labels
781768042,Doubt,382,597,article781768042.task2-TC.labels
781768042,"Name_Calling,Labeling",2681,2691,article781768042.task2-TC.labels
781768042,"Name_Calling,Labeling",2662,2675,article781768042.task2-TC.labels
781768042,"Name_Calling,Labeling",2721,2730,article781768042.task2-TC.labels
781768042,Repetition,2809,2818,article781768042.task2-TC.labels
781768042,"Name_Calling,Labeling",2892,2905,article781768042.task2-TC.labels
781768042,Repetition,2911,2921,article781768042.task2-TC.labels
781768042,"Name_Calling,Labeling",2932,2945,article781768042.task2-TC.labels
781768042,"Name_Calling,Labeling",2959,2969,article781768042.task2-TC.labels
781768042,"Name_Calling,Labeling",3085,3094,article781768042.task2-TC.labels
781768042,"Name_Calling,Labeling",3326,3335,article781768042.task2-TC.labels
781768042,Loaded_Language,4699,4732,article781768042.task2-TC.labels
781768042,Loaded_Language,4972,4998,article781768042.task2-TC.labels
781768042,Loaded_Language,5533,5589,article781768042.task2-TC.labels
781768042,Loaded_Language,6149,6167,article781768042.task2-TC.labels
781768042,Loaded_Language,6346,6400,article781768042.task2-TC.labels
781768042,Loaded_Language,6785,6854,article781768042.task2-TC.labels
781768042,Causal_Oversimplification,7046,7169,article781768042.task2-TC.labels
781768042,Causal_Oversimplification,7261,7377,article781768042.task2-TC.labels
781768042,"Name_Calling,Labeling",7411,7420,article781768042.task2-TC.labels
781768042,Repetition,8553,8562,article781768042.task2-TC.labels
781768042,"Name_Calling,Labeling",9062,9099,article781768042.task2-TC.labels
781768042,Loaded_Language,10840,10869,article781768042.task2-TC.labels
781768042,"Name_Calling,Labeling",11255,11307,article781768042.task2-TC.labels
781768042,Loaded_Language,11333,11353,article781768042.task2-TC.labels
781768042,Loaded_Language,11802,11855,article781768042.task2-TC.labels
781768042,Doubt,9062,9438,article781768042.task2-TC.labels
781768042,Doubt,10346,10762,article781768042.task2-TC.labels
781768042,Doubt,10765,10929,article781768042.task2-TC.labels
781768042,Doubt,10931,11420,article781768042.task2-TC.labels
781768042,Doubt,11423,11501,article781768042.task2-TC.labels
781768042,Doubt,11707,11947,article781768042.task2-TC.labels
781768042,Causal_Oversimplification,11987,12104,article781768042.task2-TC.labels
781768042,"Name_Calling,Labeling",12069,12082,article781768042.task2-TC.labels
781768042,"Name_Calling,Labeling",12131,12141,article781768042.task2-TC.labels
781768042,Doubt,12322,12401,article781768042.task2-TC.labels
781768042,Loaded_Language,12365,12401,article781768042.task2-TC.labels
781768042,Causal_Oversimplification,12449,12526,article781768042.task2-TC.labels
781768042,Doubt,7516,7650,article781768042.task2-TC.labels
781768042,Flag-Waving,10346,10527,article781768042.task2-TC.labels
781768042,Flag-Waving,11857,11947,article781768042.task2-TC.labels
783702663,Loaded_Language,886,905,article783702663.task2-TC.labels
783702663,Loaded_Language,1134,1181,article783702663.task2-TC.labels
783702663,"Name_Calling,Labeling",1957,1974,article783702663.task2-TC.labels
783702663,Loaded_Language,2799,2861,article783702663.task2-TC.labels
783702663,Black-and-White_Fallacy,3189,3303,article783702663.task2-TC.labels
783702663,Loaded_Language,5092,5149,article783702663.task2-TC.labels
783702663,"Name_Calling,Labeling",6681,6716,article783702663.task2-TC.labels
783702663,"Name_Calling,Labeling",7073,7126,article783702663.task2-TC.labels
783702663,Appeal_to_fear-prejudice,7449,7626,article783702663.task2-TC.labels
783702663,Loaded_Language,9381,9396,article783702663.task2-TC.labels
783702663,Loaded_Language,9500,9531,article783702663.task2-TC.labels
783702663,Loaded_Language,9548,9613,article783702663.task2-TC.labels
783702663,Appeal_to_Authority,10688,10895,article783702663.task2-TC.labels
783702663,Appeal_to_Authority,11247,11501,article783702663.task2-TC.labels
783702663,Appeal_to_Authority,11506,11702,article783702663.task2-TC.labels
783702663,Doubt,12390,12552,article783702663.task2-TC.labels
783702663,"Name_Calling,Labeling",14791,14829,article783702663.task2-TC.labels
783702663,"Name_Calling,Labeling",15209,15232,article783702663.task2-TC.labels
783702663,Loaded_Language,15536,15557,article783702663.task2-TC.labels
783702663,"Name_Calling,Labeling",15722,15754,article783702663.task2-TC.labels
783702663,"Name_Calling,Labeling",18709,18726,article783702663.task2-TC.labels
783702663,"Name_Calling,Labeling",18759,18770,article783702663.task2-TC.labels
783702663,Loaded_Language,18791,18808,article783702663.task2-TC.labels
783702663,"Name_Calling,Labeling",22136,22159,article783702663.task2-TC.labels
783702663,Loaded_Language,24519,24555,article783702663.task2-TC.labels
783702663,Slogans,29165,29189,article783702663.task2-TC.labels
783702663,Loaded_Language,29621,29644,article783702663.task2-TC.labels
783702663,Loaded_Language,30190,30230,article783702663.task2-TC.labels
783702663,Loaded_Language,33077,33099,article783702663.task2-TC.labels
783702663,Doubt,33818,33977,article783702663.task2-TC.labels
783702663,Loaded_Language,34116,34136,article783702663.task2-TC.labels
783702663,Loaded_Language,34151,34167,article783702663.task2-TC.labels
783702663,Doubt,3568,3733,article783702663.task2-TC.labels
783702663,Loaded_Language,5271,5287,article783702663.task2-TC.labels
783702663,Loaded_Language,5539,5559,article783702663.task2-TC.labels
783702663,"Whataboutism,Straw_Men,Red_Herring",8097,8164,article783702663.task2-TC.labels
783702663,Doubt,9010,9121,article783702663.task2-TC.labels
783702663,"Name_Calling,Labeling",17407,17437,article783702663.task2-TC.labels
783702663,Appeal_to_fear-prejudice,23605,23830,article783702663.task2-TC.labels
783702663,Loaded_Language,28842,28862,article783702663.task2-TC.labels
783702663,Causal_Oversimplification,40191,40629,article783702663.task2-TC.labels
783702663,Repetition,47145,47240,article783702663.task2-TC.labels
783702663,Loaded_Language,26,49,article783702663.task2-TC.labels
783702663,Appeal_to_Authority,2268,2375,article783702663.task2-TC.labels
783702663,"Name_Calling,Labeling",2050,2071,article783702663.task2-TC.labels
783702663,Doubt,2082,2266,article783702663.task2-TC.labels
783702663,"Exaggeration,Minimisation",2714,2737,article783702663.task2-TC.labels
783702663,Loaded_Language,3081,3113,article783702663.task2-TC.labels
783702663,Loaded_Language,2925,2968,article783702663.task2-TC.labels
783702663,"Name_Calling,Labeling",3697,3733,article783702663.task2-TC.labels
783702663,"Name_Calling,Labeling",3761,3797,article783702663.task2-TC.labels
783702663,"Name_Calling,Labeling",3904,3916,article783702663.task2-TC.labels
783702663,Loaded_Language,3959,3997,article783702663.task2-TC.labels
783702663,Loaded_Language,4167,4224,article783702663.task2-TC.labels
783702663,"Exaggeration,Minimisation",4252,4277,article783702663.task2-TC.labels
783702663,"Name_Calling,Labeling",5291,5314,article783702663.task2-TC.labels
783702663,"Exaggeration,Minimisation",5585,5624,article783702663.task2-TC.labels
783702663,Doubt,5414,5624,article783702663.task2-TC.labels
783702663,Appeal_to_fear-prejudice,5780,6010,article783702663.task2-TC.labels
783702663,Loaded_Language,6047,6055,article783702663.task2-TC.labels
783702663,Slogans,6236,6254,article783702663.task2-TC.labels
783702663,Repetition,6323,6335,article783702663.task2-TC.labels
783702663,Loaded_Language,6511,6527,article783702663.task2-TC.labels
783702663,Loaded_Language,6779,6786,article783702663.task2-TC.labels
783702663,Doubt,6891,6960,article783702663.task2-TC.labels
783702663,Loaded_Language,7199,7210,article783702663.task2-TC.labels
783702663,"Exaggeration,Minimisation",7886,7905,article783702663.task2-TC.labels
783702663,Causal_Oversimplification,7704,7905,article783702663.task2-TC.labels
783702663,Loaded_Language,8068,8094,article783702663.task2-TC.labels
783702663,Doubt,8314,8369,article783702663.task2-TC.labels
783702663,Loaded_Language,8440,8457,article783702663.task2-TC.labels
783702663,"Exaggeration,Minimisation",8871,8924,article783702663.task2-TC.labels
783702663,"Exaggeration,Minimisation",9215,9252,article783702663.task2-TC.labels
783702663,"Name_Calling,Labeling",9432,9466,article783702663.task2-TC.labels
783702663,Doubt,9774,9818,article783702663.task2-TC.labels
783702663,"Name_Calling,Labeling",9820,9852,article783702663.task2-TC.labels
783702663,Loaded_Language,9885,9893,article783702663.task2-TC.labels
783702663,Appeal_to_Authority,9951,10100,article783702663.task2-TC.labels
783702663,Thought-terminating_Cliches,10090,10100,article783702663.task2-TC.labels
783702663,Appeal_to_Authority,10947,11164,article783702663.task2-TC.labels
783702663,Loaded_Language,11091,11119,article783702663.task2-TC.labels
783702663,"Exaggeration,Minimisation",11637,11667,article783702663.task2-TC.labels
783702663,Appeal_to_Authority,11731,11877,article783702663.task2-TC.labels
783702663,"Name_Calling,Labeling",11904,11967,article783702663.task2-TC.labels
783702663,"Name_Calling,Labeling",13659,13719,article783702663.task2-TC.labels
783702663,Loaded_Language,13735,13781,article783702663.task2-TC.labels
783702663,Causal_Oversimplification,13518,13641,article783702663.task2-TC.labels
783702663,"Name_Calling,Labeling",14013,14038,article783702663.task2-TC.labels
783702663,Loaded_Language,14261,14295,article783702663.task2-TC.labels
783702663,Loaded_Language,14642,14683,article783702663.task2-TC.labels
783702663,Loaded_Language,14710,14749,article783702663.task2-TC.labels
783702663,Loaded_Language,14950,14972,article783702663.task2-TC.labels
783702663,Doubt,15115,15186,article783702663.task2-TC.labels
783702663,Loaded_Language,15654,15666,article783702663.task2-TC.labels
783702663,Doubt,15952,16007,article783702663.task2-TC.labels
783702663,"Exaggeration,Minimisation",16012,16031,article783702663.task2-TC.labels
783702663,Loaded_Language,16802,16842,article783702663.task2-TC.labels
783702663,"Exaggeration,Minimisation",16865,16958,article783702663.task2-TC.labels
783702663,Loaded_Language,17351,17366,article783702663.task2-TC.labels
783702663,"Name_Calling,Labeling",17370,17399,article783702663.task2-TC.labels
783702663,Loaded_Language,18078,18102,article783702663.task2-TC.labels
783702663,Causal_Oversimplification,18354,18420,article783702663.task2-TC.labels
783702663,"Name_Calling,Labeling",19166,19196,article783702663.task2-TC.labels
783702663,Loaded_Language,19735,19833,article783702663.task2-TC.labels
783702663,"Name_Calling,Labeling",20065,20097,article783702663.task2-TC.labels
783702663,Loaded_Language,20165,20189,article783702663.task2-TC.labels
783702663,Doubt,20296,20354,article783702663.task2-TC.labels
783702663,"Name_Calling,Labeling",20423,20449,article783702663.task2-TC.labels
783702663,Loaded_Language,20554,20568,article783702663.task2-TC.labels
783702663,"Name_Calling,Labeling",20589,20619,article783702663.task2-TC.labels
783702663,Doubt,20466,20660,article783702663.task2-TC.labels
783702663,Loaded_Language,20662,20679,article783702663.task2-TC.labels
783702663,Loaded_Language,20753,20765,article783702663.task2-TC.labels
783702663,"Name_Calling,Labeling",20774,20796,article783702663.task2-TC.labels
783702663,Loaded_Language,20923,20938,article783702663.task2-TC.labels
783702663,"Name_Calling,Labeling",20895,20922,article783702663.task2-TC.labels
783702663,Appeal_to_fear-prejudice,21246,21515,article783702663.task2-TC.labels
783702663,"Name_Calling,Labeling",21293,21315,article783702663.task2-TC.labels
783702663,Loaded_Language,21355,21378,article783702663.task2-TC.labels
783702663,"Name_Calling,Labeling",21384,21409,article783702663.task2-TC.labels
783702663,Loaded_Language,21422,21515,article783702663.task2-TC.labels
783702663,"Name_Calling,Labeling",21524,21560,article783702663.task2-TC.labels
783702663,"Name_Calling,Labeling",21638,21701,article783702663.task2-TC.labels
783702663,"Name_Calling,Labeling",21907,21959,article783702663.task2-TC.labels
783702663,"Name_Calling,Labeling",22579,22643,article783702663.task2-TC.labels
783702663,Loaded_Language,22692,22714,article783702663.task2-TC.labels
783702663,Repetition,23021,23037,article783702663.task2-TC.labels
783702663,Loaded_Language,23085,23127,article783702663.task2-TC.labels
783702663,"Name_Calling,Labeling",23358,23510,article783702663.task2-TC.labels
783702663,"Name_Calling,Labeling",23580,23596,article783702663.task2-TC.labels
783702663,"Exaggeration,Minimisation",23674,23765,article783702663.task2-TC.labels
783702663,Loaded_Language,23845,23869,article783702663.task2-TC.labels
783702663,"Name_Calling,Labeling",23940,23995,article783702663.task2-TC.labels
783702663,"Exaggeration,Minimisation",23929,23995,article783702663.task2-TC.labels
783702663,"Name_Calling,Labeling",24612,24642,article783702663.task2-TC.labels
783702663,"Name_Calling,Labeling",24671,24695,article783702663.task2-TC.labels
783702663,Loaded_Language,25357,25376,article783702663.task2-TC.labels
783702663,Loaded_Language,25679,25708,article783702663.task2-TC.labels
783702663,Loaded_Language,25770,25795,article783702663.task2-TC.labels
783702663,"Name_Calling,Labeling",25913,25926,article783702663.task2-TC.labels
783702663,"Exaggeration,Minimisation",26507,26533,article783702663.task2-TC.labels
783702663,Loaded_Language,27574,27598,article783702663.task2-TC.labels
783702663,"Exaggeration,Minimisation",27601,27725,article783702663.task2-TC.labels
783702663,Loaded_Language,27843,27872,article783702663.task2-TC.labels
783702663,Repetition,27862,27872,article783702663.task2-TC.labels
783702663,Appeal_to_Authority,27888,28217,article783702663.task2-TC.labels
783702663,Loaded_Language,28372,28499,article783702663.task2-TC.labels
783702663,Loaded_Language,29144,29162,article783702663.task2-TC.labels
783702663,Loaded_Language,29897,29916,article783702663.task2-TC.labels
783702663,Loaded_Language,30241,30248,article783702663.task2-TC.labels
783702663,"Name_Calling,Labeling",30594,30612,article783702663.task2-TC.labels
783702663,"Name_Calling,Labeling",30852,30872,article783702663.task2-TC.labels
783702663,"Name_Calling,Labeling",30931,30967,article783702663.task2-TC.labels
783702663,Causal_Oversimplification,30701,30900,article783702663.task2-TC.labels
783702663,Loaded_Language,31205,31218,article783702663.task2-TC.labels
783702663,"Name_Calling,Labeling",31410,31438,article783702663.task2-TC.labels
783702663,Causal_Oversimplification,31142,31280,article783702663.task2-TC.labels
783702663,Causal_Oversimplification,31586,31656,article783702663.task2-TC.labels
783702663,Loaded_Language,31756,31781,article783702663.task2-TC.labels
783702663,Loaded_Language,31850,31873,article783702663.task2-TC.labels
783702663,"Name_Calling,Labeling",31911,31946,article783702663.task2-TC.labels
783702663,Loaded_Language,32155,32196,article783702663.task2-TC.labels
783702663,Loaded_Language,32894,32959,article783702663.task2-TC.labels
783702663,Loaded_Language,33129,33156,article783702663.task2-TC.labels
783702663,Doubt,34719,34815,article783702663.task2-TC.labels
783702663,Doubt,35182,35214,article783702663.task2-TC.labels
783702663,"Exaggeration,Minimisation",35664,35814,article783702663.task2-TC.labels
783702663,"Name_Calling,Labeling",35682,35739,article783702663.task2-TC.labels
783702663,"Name_Calling,Labeling",35774,35814,article783702663.task2-TC.labels
783702663,"Name_Calling,Labeling",35872,36008,article783702663.task2-TC.labels
783702663,Appeal_to_Authority,36086,36449,article783702663.task2-TC.labels
783702663,Loaded_Language,36648,36684,article783702663.task2-TC.labels
783702663,Loaded_Language,37069,37101,article783702663.task2-TC.labels
783702663,Loaded_Language,37193,37232,article783702663.task2-TC.labels
783702663,Loaded_Language,37486,37576,article783702663.task2-TC.labels
783702663,Loaded_Language,37819,37855,article783702663.task2-TC.labels
783702663,Causal_Oversimplification,37874,38077,article783702663.task2-TC.labels
783702663,"Name_Calling,Labeling",38570,38665,article783702663.task2-TC.labels
783702663,"Name_Calling,Labeling",38762,38802,article783702663.task2-TC.labels
783702663,Black-and-White_Fallacy,39084,39201,article783702663.task2-TC.labels
783702663,"Exaggeration,Minimisation",39734,39790,article783702663.task2-TC.labels
783702663,Loaded_Language,39978,40056,article783702663.task2-TC.labels
783702663,Causal_Oversimplification,39952,40189,article783702663.task2-TC.labels
783702663,"Exaggeration,Minimisation",40500,40629,article783702663.task2-TC.labels
783702663,"Name_Calling,Labeling",40668,40693,article783702663.task2-TC.labels
783702663,"Bandwagon,Reductio_ad_hitlerum",40750,41110,article783702663.task2-TC.labels
783702663,Loaded_Language,41090,41110,article783702663.task2-TC.labels
783702663,Loaded_Language,41371,41386,article783702663.task2-TC.labels
783702663,"Name_Calling,Labeling",41478,41496,article783702663.task2-TC.labels
783702663,"Exaggeration,Minimisation",41466,41543,article783702663.task2-TC.labels
783702663,Loaded_Language,41648,41664,article783702663.task2-TC.labels
783702663,"Name_Calling,Labeling",41769,41788,article783702663.task2-TC.labels
783702663,Loaded_Language,41790,41826,article783702663.task2-TC.labels
783702663,"Name_Calling,Labeling",42660,42701,article783702663.task2-TC.labels
783702663,Loaded_Language,43870,43891,article783702663.task2-TC.labels
783702663,Loaded_Language,44153,44273,article783702663.task2-TC.labels
783702663,Loaded_Language,46117,46145,article783702663.task2-TC.labels
783702663,Loaded_Language,46305,46328,article783702663.task2-TC.labels
783702663,Loaded_Language,46478,46554,article783702663.task2-TC.labels
783702663,Loaded_Language,46655,46673,article783702663.task2-TC.labels
783702663,Causal_Oversimplification,46620,46760,article783702663.task2-TC.labels
783702663,"Exaggeration,Minimisation",46813,46852,article783702663.task2-TC.labels
783702663,Loaded_Language,46902,46948,article783702663.task2-TC.labels
783702663,Loaded_Language,47108,47126,article783702663.task2-TC.labels
783702663,Loaded_Language,47271,47306,article783702663.task2-TC.labels
783702663,"Name_Calling,Labeling",47332,47391,article783702663.task2-TC.labels
783702663,Causal_Oversimplification,6013,6234,article783702663.task2-TC.labels
783702663,"Name_Calling,Labeling",6964,7010,article783702663.task2-TC.labels
783702663,Appeal_to_Authority,8045,8094,article783702663.task2-TC.labels
783702663,"Exaggeration,Minimisation",10344,10372,article783702663.task2-TC.labels
783702663,Loaded_Language,24371,24386,article783702663.task2-TC.labels
783702663,Loaded_Language,25545,25559,article783702663.task2-TC.labels
783702663,Loaded_Language,29256,29266,article783702663.task2-TC.labels
783702663,"Name_Calling,Labeling",29714,29724,article783702663.task2-TC.labels
783702663,Doubt,31311,31349,article783702663.task2-TC.labels
783702663,Doubt,31572,31946,article783702663.task2-TC.labels
783702663,Doubt,31948,32272,article783702663.task2-TC.labels
783702663,Appeal_to_Authority,39397,39470,article783702663.task2-TC.labels
783702663,Doubt,39700,39919,article783702663.task2-TC.labels
783702663,Loaded_Language,41525,41536,article783702663.task2-TC.labels
783702663,Doubt,45187,45317,article783702663.task2-TC.labels
795379208,Loaded_Language,1711,1730,article795379208.task2-TC.labels
795379208,Loaded_Language,764,770,article795379208.task2-TC.labels
795379208,Appeal_to_fear-prejudice,1818,1849,article795379208.task2-TC.labels
795379208,Appeal_to_Authority,2157,2342,article795379208.task2-TC.labels
795379208,"Name_Calling,Labeling",4009,4023,article795379208.task2-TC.labels
790677230,Loaded_Language,812,822,article790677230.task2-TC.labels
790677230,Loaded_Language,2773,2797,article790677230.task2-TC.labels
790677230,Flag-Waving,9516,9568,article790677230.task2-TC.labels
790677230,Loaded_Language,9878,9895,article790677230.task2-TC.labels
790677230,"Name_Calling,Labeling",10304,10321,article790677230.task2-TC.labels
790677230,"Exaggeration,Minimisation",10409,10636,article790677230.task2-TC.labels
790677230,Flag-Waving,10579,10636,article790677230.task2-TC.labels
790677230,"Name_Calling,Labeling",11178,11218,article790677230.task2-TC.labels
790677230,Loaded_Language,9213,9217,article790677230.task2-TC.labels
790677230,Repetition,10562,10567,article790677230.task2-TC.labels
790677230,Slogans,492,515,article790677230.task2-TC.labels
790677230,"Name_Calling,Labeling",741,768,article790677230.task2-TC.labels
790677230,Loaded_Language,1202,1237,article790677230.task2-TC.labels
790677230,Loaded_Language,2043,2061,article790677230.task2-TC.labels
790677230,"Name_Calling,Labeling",2231,2244,article790677230.task2-TC.labels
790677230,Doubt,3473,3704,article790677230.task2-TC.labels
790677230,Loaded_Language,3981,4021,article790677230.task2-TC.labels
790677230,Loaded_Language,4339,4360,article790677230.task2-TC.labels
790677230,Doubt,4977,5036,article790677230.task2-TC.labels
790677230,Loaded_Language,8987,8998,article790677230.task2-TC.labels
790677230,"Exaggeration,Minimisation",9194,9245,article790677230.task2-TC.labels
790677230,Causal_Oversimplification,9351,9443,article790677230.task2-TC.labels
790677230,Loaded_Language,9447,9470,article790677230.task2-TC.labels
790677230,"Exaggeration,Minimisation",9702,9762,article790677230.task2-TC.labels
790677230,Loaded_Language,9784,9807,article790677230.task2-TC.labels
790677230,"Exaggeration,Minimisation",10043,10068,article790677230.task2-TC.labels
790677230,Doubt,10304,10354,article790677230.task2-TC.labels
790677230,Appeal_to_Authority,866,886,article790677230.task2-TC.labels
790677230,Loaded_Language,1121,1145,article790677230.task2-TC.labels
790677230,Repetition,1964,1972,article790677230.task2-TC.labels
790677230,Loaded_Language,2144,2171,article790677230.task2-TC.labels
790677230,Doubt,4513,4620,article790677230.task2-TC.labels
790677230,Repetition,5626,5635,article790677230.task2-TC.labels
790677230,Doubt,7400,7497,article790677230.task2-TC.labels
790677230,Loaded_Language,8857,8869,article790677230.task2-TC.labels
790677230,Loaded_Language,9564,9568,article790677230.task2-TC.labels
790677230,Appeal_to_fear-prejudice,9666,9762,article790677230.task2-TC.labels
731063195,Loaded_Language,592,599,article731063195.task2-TC.labels
731063195,Loaded_Language,119,127,article731063195.task2-TC.labels
776616374,"Exaggeration,Minimisation",149,174,article776616374.task2-TC.labels
776616374,"Exaggeration,Minimisation",751,785,article776616374.task2-TC.labels
776616374,"Name_Calling,Labeling",831,849,article776616374.task2-TC.labels
776616374,Flag-Waving,2641,2650,article776616374.task2-TC.labels
776616374,Loaded_Language,2771,2782,article776616374.task2-TC.labels
776616374,Loaded_Language,2804,2810,article776616374.task2-TC.labels
776616374,Loaded_Language,3282,3292,article776616374.task2-TC.labels
776616374,Loaded_Language,756,769,article776616374.task2-TC.labels
776616374,Loaded_Language,2990,3007,article776616374.task2-TC.labels
700461600,"Exaggeration,Minimisation",717,760,article700461600.task2-TC.labels
700461600,"Whataboutism,Straw_Men,Red_Herring",1547,1746,article700461600.task2-TC.labels
700461600,Black-and-White_Fallacy,2352,2497,article700461600.task2-TC.labels
700461600,Doubt,2805,2868,article700461600.task2-TC.labels
700461600,Flag-Waving,2726,2788,article700461600.task2-TC.labels
700461600,Black-and-White_Fallacy,3073,3131,article700461600.task2-TC.labels
700461600,"Name_Calling,Labeling",3549,3559,article700461600.task2-TC.labels
700461600,Flag-Waving,3963,4080,article700461600.task2-TC.labels
700461600,Appeal_to_fear-prejudice,4210,4440,article700461600.task2-TC.labels
700461600,Doubt,1551,1562,article700461600.task2-TC.labels
700461600,Doubt,1613,1620,article700461600.task2-TC.labels
700461600,Appeal_to_fear-prejudice,2400,2497,article700461600.task2-TC.labels
700461600,Doubt,2318,2351,article700461600.task2-TC.labels
700461600,Appeal_to_fear-prejudice,3073,3255,article700461600.task2-TC.labels
700461600,"Name_Calling,Labeling",4510,4530,article700461600.task2-TC.labels
700461600,"Bandwagon,Reductio_ad_hitlerum",4657,4709,article700461600.task2-TC.labels
706088110,Repetition,3279,3292,article706088110.task2-TC.labels
706088110,Causal_Oversimplification,1117,1229,article706088110.task2-TC.labels
706088110,Causal_Oversimplification,1019,1068,article706088110.task2-TC.labels
706088110,"Whataboutism,Straw_Men,Red_Herring",2203,2282,article706088110.task2-TC.labels
706088110,Black-and-White_Fallacy,3513,3590,article706088110.task2-TC.labels
706088110,Repetition,818,832,article706088110.task2-TC.labels
706088110,Repetition,1081,1087,article706088110.task2-TC.labels
706088110,Repetition,1330,1344,article706088110.task2-TC.labels
706088110,Repetition,2103,2117,article706088110.task2-TC.labels
706088110,Repetition,2578,2591,article706088110.task2-TC.labels
706088110,Repetition,2914,2928,article706088110.task2-TC.labels
706088110,Repetition,3223,3236,article706088110.task2-TC.labels
706088110,Repetition,3458,3472,article706088110.task2-TC.labels
737457870,"Name_Calling,Labeling",1730,1747,article737457870.task2-TC.labels
737457870,Doubt,1093,1129,article737457870.task2-TC.labels
737457870,Loaded_Language,1024,1054,article737457870.task2-TC.labels
737457870,Causal_Oversimplification,1606,1713,article737457870.task2-TC.labels
737457870,Doubt,1410,1478,article737457870.task2-TC.labels
737457870,"Whataboutism,Straw_Men,Red_Herring",2196,2464,article737457870.task2-TC.labels
737457870,Doubt,2850,2879,article737457870.task2-TC.labels
737457870,"Whataboutism,Straw_Men,Red_Herring",2928,3027,article737457870.task2-TC.labels
705409419,Loaded_Language,138,158,article705409419.task2-TC.labels
705409419,Loaded_Language,1367,1418,article705409419.task2-TC.labels
705409419,Doubt,1702,1830,article705409419.task2-TC.labels
705409419,"Name_Calling,Labeling",2058,2114,article705409419.task2-TC.labels
705409419,Causal_Oversimplification,4226,4381,article705409419.task2-TC.labels
705409419,Loaded_Language,4383,4570,article705409419.task2-TC.labels
705409419,Loaded_Language,6069,6164,article705409419.task2-TC.labels
705409419,Loaded_Language,950,1042,article705409419.task2-TC.labels
793534424,Loaded_Language,434,467,article793534424.task2-TC.labels
793534424,"Exaggeration,Minimisation",6528,6597,article793534424.task2-TC.labels
793534424,"Name_Calling,Labeling",4,22,article793534424.task2-TC.labels
793534424,Loaded_Language,290,298,article793534424.task2-TC.labels
793534424,Loaded_Language,415,420,article793534424.task2-TC.labels
793534424,Loaded_Language,206,217,article793534424.task2-TC.labels
793534424,"Name_Calling,Labeling",1598,1613,article793534424.task2-TC.labels
793534424,Loaded_Language,1620,1624,article793534424.task2-TC.labels
793534424,Loaded_Language,1804,1821,article793534424.task2-TC.labels
793534424,"Name_Calling,Labeling",1916,1934,article793534424.task2-TC.labels
793534424,Loaded_Language,3182,3190,article793534424.task2-TC.labels
793534424,Loaded_Language,7655,7660,article793534424.task2-TC.labels
723793978,Repetition,973,979,article723793978.task2-TC.labels
723793978,Thought-terminating_Cliches,1418,1430,article723793978.task2-TC.labels
723793978,"Exaggeration,Minimisation",1106,1256,article723793978.task2-TC.labels
764715911,Loaded_Language,4380,4391,article764715911.task2-TC.labels
764715911,Repetition,4015,4028,article764715911.task2-TC.labels
764715911,Black-and-White_Fallacy,2859,2916,article764715911.task2-TC.labels
764715911,Flag-Waving,132,142,article764715911.task2-TC.labels
764715911,Black-and-White_Fallacy,254,348,article764715911.task2-TC.labels
764715911,Doubt,937,1001,article764715911.task2-TC.labels
764715911,Black-and-White_Fallacy,1667,1713,article764715911.task2-TC.labels
764715911,Repetition,3722,3734,article764715911.task2-TC.labels
764715911,Black-and-White_Fallacy,6379,6427,article764715911.task2-TC.labels
764715911,Loaded_Language,6958,6981,article764715911.task2-TC.labels
764715911,Loaded_Language,6832,6852,article764715911.task2-TC.labels
764715911,"Whataboutism,Straw_Men,Red_Herring",7265,7459,article764715911.task2-TC.labels
764715911,Causal_Oversimplification,7652,7700,article764715911.task2-TC.labels
764715911,Flag-Waving,272,285,article764715911.task2-TC.labels
764715911,"Name_Calling,Labeling",573,584,article764715911.task2-TC.labels
764715911,Loaded_Language,1728,1734,article764715911.task2-TC.labels
764715911,Flag-Waving,2558,2561,article764715911.task2-TC.labels
764715911,Repetition,5779,5788,article764715911.task2-TC.labels
764715911,Flag-Waving,6646,6649,article764715911.task2-TC.labels
764715911,Doubt,7479,7513,article764715911.task2-TC.labels
764715911,Doubt,7514,7597,article764715911.task2-TC.labels
727174208,"Exaggeration,Minimisation",112,162,article727174208.task2-TC.labels
727174208,"Exaggeration,Minimisation",1452,1494,article727174208.task2-TC.labels
770945799,Loaded_Language,815,827,article770945799.task2-TC.labels
770945799,Loaded_Language,1994,2001,article770945799.task2-TC.labels
770945799,Loaded_Language,1017,1030,article770945799.task2-TC.labels
770945799,Flag-Waving,2046,2055,article770945799.task2-TC.labels
707772906,Loaded_Language,2351,2365,article707772906.task2-TC.labels
707772906,Loaded_Language,5409,5463,article707772906.task2-TC.labels
707772906,Loaded_Language,265,281,article707772906.task2-TC.labels
707772906,"Exaggeration,Minimisation",1121,1165,article707772906.task2-TC.labels
707772906,"Whataboutism,Straw_Men,Red_Herring",4042,4181,article707772906.task2-TC.labels
707772906,"Name_Calling,Labeling",4879,4904,article707772906.task2-TC.labels
707772906,Black-and-White_Fallacy,5174,5329,article707772906.task2-TC.labels
707772906,"Exaggeration,Minimisation",550,604,article707772906.task2-TC.labels
707772906,Loaded_Language,906,972,article707772906.task2-TC.labels
707772906,Slogans,1363,1383,article707772906.task2-TC.labels
707772906,"Exaggeration,Minimisation",1705,1727,article707772906.task2-TC.labels
707772906,"Exaggeration,Minimisation",1743,1762,article707772906.task2-TC.labels
707772906,"Exaggeration,Minimisation",1829,1850,article707772906.task2-TC.labels
707772906,Appeal_to_fear-prejudice,2221,2323,article707772906.task2-TC.labels
707772906,Loaded_Language,2626,2644,article707772906.task2-TC.labels
707772906,Loaded_Language,3360,3405,article707772906.task2-TC.labels
707772906,Loaded_Language,3635,3674,article707772906.task2-TC.labels
707772906,Loaded_Language,3916,3967,article707772906.task2-TC.labels
707772906,Appeal_to_fear-prejudice,4652,4751,article707772906.task2-TC.labels
707772906,Appeal_to_fear-prejudice,5077,5172,article707772906.task2-TC.labels
999000135,Appeal_to_fear-prejudice,70,92,article999000135.task2-TC.labels
999000135,Repetition,1951,1959,article999000135.task2-TC.labels
999000135,Loaded_Language,70,92,article999000135.task2-TC.labels
999000135,Loaded_Language,135,167,article999000135.task2-TC.labels
999000135,Doubt,542,608,article999000135.task2-TC.labels
999000135,"Exaggeration,Minimisation",668,704,article999000135.task2-TC.labels
999000135,Loaded_Language,940,957,article999000135.task2-TC.labels
999000135,"Exaggeration,Minimisation",970,1024,article999000135.task2-TC.labels
999000135,Appeal_to_fear-prejudice,924,1185,article999000135.task2-TC.labels
999000135,Loaded_Language,1948,1959,article999000135.task2-TC.labels
999000135,"Exaggeration,Minimisation",2017,2042,article999000135.task2-TC.labels
999000135,Repetition,2085,2095,article999000135.task2-TC.labels
999000135,Loaded_Language,2138,2148,article999000135.task2-TC.labels
999000135,Loaded_Language,2231,2241,article999000135.task2-TC.labels
999000135,Loaded_Language,2394,2404,article999000135.task2-TC.labels
999000135,Causal_Oversimplification,2629,2748,article999000135.task2-TC.labels
999000135,Loaded_Language,2750,2766,article999000135.task2-TC.labels
999000135,Loaded_Language,907,921,article999000135.task2-TC.labels
729578579,Doubt,645,742,article729578579.task2-TC.labels
729578579,Thought-terminating_Cliches,6851,6898,article729578579.task2-TC.labels
729578579,Thought-terminating_Cliches,16495,16517,article729578579.task2-TC.labels
729578579,Doubt,18426,18473,article729578579.task2-TC.labels
729578579,Repetition,21886,21905,article729578579.task2-TC.labels
729578579,"Name_Calling,Labeling",225,260,article729578579.task2-TC.labels
729578579,"Name_Calling,Labeling",368,403,article729578579.task2-TC.labels
729578579,Loaded_Language,604,636,article729578579.task2-TC.labels
729578579,Doubt,1794,1861,article729578579.task2-TC.labels
729578579,Appeal_to_Authority,3538,3671,article729578579.task2-TC.labels
729578579,"Name_Calling,Labeling",6929,6946,article729578579.task2-TC.labels
729578579,"Name_Calling,Labeling",7133,7153,article729578579.task2-TC.labels
729578579,Thought-terminating_Cliches,7731,7744,article729578579.task2-TC.labels
729578579,Loaded_Language,13378,13403,article729578579.task2-TC.labels
729578579,"Name_Calling,Labeling",14278,14294,article729578579.task2-TC.labels
729578579,Thought-terminating_Cliches,16987,17002,article729578579.task2-TC.labels
729578579,"Name_Calling,Labeling",18429,18448,article729578579.task2-TC.labels
729578579,Loaded_Language,18738,18761,article729578579.task2-TC.labels
729578579,Loaded_Language,18932,18958,article729578579.task2-TC.labels
729578579,Loaded_Language,19546,19578,article729578579.task2-TC.labels
729578579,Loaded_Language,21375,21389,article729578579.task2-TC.labels
729578579,Loaded_Language,21538,21553,article729578579.task2-TC.labels
729578579,"Name_Calling,Labeling",21766,21785,article729578579.task2-TC.labels
729578579,"Name_Calling,Labeling",22024,22037,article729578579.task2-TC.labels
729578579,Loaded_Language,22774,22811,article729578579.task2-TC.labels
729578579,Appeal_to_fear-prejudice,23321,23414,article729578579.task2-TC.labels
729578579,Loaded_Language,23700,23714,article729578579.task2-TC.labels
729578579,Loaded_Language,23757,23780,article729578579.task2-TC.labels
729578579,Loaded_Language,23823,23867,article729578579.task2-TC.labels
729578579,Loaded_Language,24443,24488,article729578579.task2-TC.labels
729578579,Loaded_Language,421,428,article729578579.task2-TC.labels
729578579,Loaded_Language,509,513,article729578579.task2-TC.labels
729578579,Loaded_Language,1090,1106,article729578579.task2-TC.labels
729578579,Repetition,6046,6058,article729578579.task2-TC.labels
729578579,Thought-terminating_Cliches,7201,7218,article729578579.task2-TC.labels
729578579,Loaded_Language,8306,8314,article729578579.task2-TC.labels
729578579,Loaded_Language,8907,8922,article729578579.task2-TC.labels
729578579,"Exaggeration,Minimisation",9194,9218,article729578579.task2-TC.labels
729578579,"Name_Calling,Labeling",13405,13432,article729578579.task2-TC.labels
729578579,Loaded_Language,13500,13507,article729578579.task2-TC.labels
729578579,Loaded_Language,13997,14021,article729578579.task2-TC.labels
729578579,Loaded_Language,14627,14644,article729578579.task2-TC.labels
729578579,Loaded_Language,14809,14822,article729578579.task2-TC.labels
729578579,Appeal_to_fear-prejudice,15614,15630,article729578579.task2-TC.labels
729578579,Loaded_Language,17741,17758,article729578579.task2-TC.labels
729578579,Loaded_Language,18366,18386,article729578579.task2-TC.labels
729578579,Appeal_to_Authority,18656,18706,article729578579.task2-TC.labels
729578579,Loaded_Language,19054,19073,article729578579.task2-TC.labels
729578579,Loaded_Language,19377,19401,article729578579.task2-TC.labels
729578579,Loaded_Language,19466,19544,article729578579.task2-TC.labels
729578579,Loaded_Language,21304,21337,article729578579.task2-TC.labels
729578579,Appeal_to_fear-prejudice,22303,22521,article729578579.task2-TC.labels
729578579,"Name_Calling,Labeling",22719,22752,article729578579.task2-TC.labels
729578579,Loaded_Language,24898,24905,article729578579.task2-TC.labels
729578579,Loaded_Language,25127,25146,article729578579.task2-TC.labels
729578579,Doubt,26581,26625,article729578579.task2-TC.labels
727736595,"Exaggeration,Minimisation",285,335,article727736595.task2-TC.labels
725731328,Slogans,547,563,article725731328.task2-TC.labels
725731328,"Bandwagon,Reductio_ad_hitlerum",1007,1044,article725731328.task2-TC.labels
725731328,Loaded_Language,2099,2115,article725731328.task2-TC.labels
725731328,Loaded_Language,2149,2167,article725731328.task2-TC.labels
725731328,Thought-terminating_Cliches,2132,2167,article725731328.task2-TC.labels
725731328,Repetition,2252,2279,article725731328.task2-TC.labels
725731328,"Bandwagon,Reductio_ad_hitlerum",2617,2654,article725731328.task2-TC.labels
725731328,Appeal_to_fear-prejudice,2817,2827,article725731328.task2-TC.labels
725731328,Loaded_Language,120,139,article725731328.task2-TC.labels
725731328,Loaded_Language,619,640,article725731328.task2-TC.labels
725731328,Doubt,794,1076,article725731328.task2-TC.labels
725731328,"Exaggeration,Minimisation",1945,1992,article725731328.task2-TC.labels
725731328,"Exaggeration,Minimisation",2232,2279,article725731328.task2-TC.labels
725731328,Loaded_Language,2505,2577,article725731328.task2-TC.labels
725731328,"Whataboutism,Straw_Men,Red_Herring",2670,2722,article725731328.task2-TC.labels
725731328,Loaded_Language,2933,2973,article725731328.task2-TC.labels
725731328,Loaded_Language,4044,4062,article725731328.task2-TC.labels
725731328,Loaded_Language,4719,4731,article725731328.task2-TC.labels
725731328,"Exaggeration,Minimisation",282,289,article725731328.task2-TC.labels
725731328,Appeal_to_fear-prejudice,1996,2062,article725731328.task2-TC.labels
725731328,Flag-Waving,2091,2167,article725731328.task2-TC.labels
725731328,"Bandwagon,Reductio_ad_hitlerum",2171,2224,article725731328.task2-TC.labels
725731328,Appeal_to_fear-prejudice,2381,2577,article725731328.task2-TC.labels
725731328,Appeal_to_fear-prejudice,2861,3020,article725731328.task2-TC.labels
739140767,Loaded_Language,758,802,article739140767.task2-TC.labels
759337941,"Name_Calling,Labeling",133,182,article759337941.task2-TC.labels
759337941,"Name_Calling,Labeling",194,205,article759337941.task2-TC.labels
759337941,Loaded_Language,1184,1219,article759337941.task2-TC.labels
759337941,Loaded_Language,1226,1278,article759337941.task2-TC.labels
759337941,Loaded_Language,35,61,article759337941.task2-TC.labels
759337941,"Name_Calling,Labeling",65,97,article759337941.task2-TC.labels
759337941,Loaded_Language,113,131,article759337941.task2-TC.labels
759337941,"Exaggeration,Minimisation",304,327,article759337941.task2-TC.labels
759337941,Loaded_Language,348,361,article759337941.task2-TC.labels
759337941,"Name_Calling,Labeling",402,414,article759337941.task2-TC.labels
759337941,"Exaggeration,Minimisation",418,481,article759337941.task2-TC.labels
759337941,"Exaggeration,Minimisation",528,557,article759337941.task2-TC.labels
759337941,Loaded_Language,1342,1360,article759337941.task2-TC.labels
759337941,"Name_Calling,Labeling",1369,1389,article759337941.task2-TC.labels
759337941,"Name_Calling,Labeling",1606,1621,article759337941.task2-TC.labels
759337941,Repetition,1606,1616,article759337941.task2-TC.labels
759337941,"Name_Calling,Labeling",1777,1817,article759337941.task2-TC.labels
759337941,Loaded_Language,2042,2063,article759337941.task2-TC.labels
759337941,Loaded_Language,2380,2397,article759337941.task2-TC.labels
759337941,"Exaggeration,Minimisation",2987,3010,article759337941.task2-TC.labels
759337941,Doubt,2064,2224,article759337941.task2-TC.labels
759337941,Doubt,99,111,article759337941.task2-TC.labels
770376380,"Name_Calling,Labeling",1583,1611,article770376380.task2-TC.labels
770376380,Loaded_Language,24,47,article770376380.task2-TC.labels
770376380,Repetition,1383,1405,article770376380.task2-TC.labels
770376380,Loaded_Language,357,416,article770376380.task2-TC.labels
770376380,Loaded_Language,599,623,article770376380.task2-TC.labels
770376380,Loaded_Language,678,688,article770376380.task2-TC.labels
770376380,Loaded_Language,1127,1152,article770376380.task2-TC.labels
770376380,Loaded_Language,1305,1323,article770376380.task2-TC.labels
770376380,Loaded_Language,1411,1500,article770376380.task2-TC.labels
770376380,Doubt,1532,1745,article770376380.task2-TC.labels
770376380,Loaded_Language,3926,3942,article770376380.task2-TC.labels
770376380,Doubt,3864,3956,article770376380.task2-TC.labels
770376380,Loaded_Language,4340,4357,article770376380.task2-TC.labels
770376380,"Exaggeration,Minimisation",4460,4501,article770376380.task2-TC.labels
770376380,Loaded_Language,4636,4656,article770376380.task2-TC.labels
770376380,Causal_Oversimplification,4504,4782,article770376380.task2-TC.labels
770376380,"Name_Calling,Labeling",4974,5056,article770376380.task2-TC.labels
770376380,"Name_Calling,Labeling",5167,5181,article770376380.task2-TC.labels
770376380,Appeal_to_fear-prejudice,4963,5181,article770376380.task2-TC.labels
770376380,"Name_Calling,Labeling",5472,5484,article770376380.task2-TC.labels
770376380,Doubt,1937,2253,article770376380.task2-TC.labels
770376380,Repetition,2121,2138,article770376380.task2-TC.labels
770376380,Doubt,3609,3676,article770376380.task2-TC.labels
731762731,Causal_Oversimplification,2388,2502,article731762731.task2-TC.labels
731762731,"Name_Calling,Labeling",2683,2717,article731762731.task2-TC.labels
731762731,Loaded_Language,1184,1208,article731762731.task2-TC.labels
731762731,Doubt,2262,2295,article731762731.task2-TC.labels
731762731,Loaded_Language,2311,2353,article731762731.task2-TC.labels
731762731,Loaded_Language,3701,3752,article731762731.task2-TC.labels
731762731,Loaded_Language,2751,2758,article731762731.task2-TC.labels
731762731,Doubt,3552,3585,article731762731.task2-TC.labels
757611486,Loaded_Language,3830,3838,article757611486.task2-TC.labels
757611486,Loaded_Language,976,984,article757611486.task2-TC.labels
757611486,Loaded_Language,1068,1077,article757611486.task2-TC.labels
757611486,Loaded_Language,2319,2336,article757611486.task2-TC.labels
757611486,Repetition,993,1006,article757611486.task2-TC.labels
757611486,Repetition,3523,3536,article757611486.task2-TC.labels
757611486,Repetition,3696,3708,article757611486.task2-TC.labels
757611486,"Name_Calling,Labeling",3793,3803,article757611486.task2-TC.labels
757611486,Loaded_Language,3850,3862,article757611486.task2-TC.labels
757611486,"Whataboutism,Straw_Men,Red_Herring",5830,5846,article757611486.task2-TC.labels
757611486,Loaded_Language,6078,6084,article757611486.task2-TC.labels
757611486,Loaded_Language,6390,6402,article757611486.task2-TC.labels
757611486,Repetition,7167,7179,article757611486.task2-TC.labels
757611486,Repetition,7332,7346,article757611486.task2-TC.labels
757611486,Repetition,5212,5224,article757611486.task2-TC.labels
757611486,Loaded_Language,583,598,article757611486.task2-TC.labels
757611486,Loaded_Language,603,623,article757611486.task2-TC.labels
757611486,Loaded_Language,3961,3971,article757611486.task2-TC.labels
761897089,Flag-Waving,4638,4650,article761897089.task2-TC.labels
761897089,Flag-Waving,4692,4711,article761897089.task2-TC.labels
761897089,Flag-Waving,4565,4576,article761897089.task2-TC.labels
761897089,Flag-Waving,4475,4484,article761897089.task2-TC.labels
761897089,"Name_Calling,Labeling",3490,3506,article761897089.task2-TC.labels
761897089,"Name_Calling,Labeling",4511,4529,article761897089.task2-TC.labels
761897089,Causal_Oversimplification,3636,3712,article761897089.task2-TC.labels
761897089,Loaded_Language,4629,4637,article761897089.task2-TC.labels
761897089,Loaded_Language,4586,4593,article761897089.task2-TC.labels
761897089,Loaded_Language,4138,4148,article761897089.task2-TC.labels
761897089,Loaded_Language,3364,3371,article761897089.task2-TC.labels
761897089,"Whataboutism,Straw_Men,Red_Herring",1775,1816,article761897089.task2-TC.labels
761897089,"Whataboutism,Straw_Men,Red_Herring",1849,1920,article761897089.task2-TC.labels
758812201,Loaded_Language,1473,1482,article758812201.task2-TC.labels
765982381,Loaded_Language,2063,2106,article765982381.task2-TC.labels
765982381,Loaded_Language,3369,3469,article765982381.task2-TC.labels
765982381,Slogans,6856,6882,article765982381.task2-TC.labels
765982381,"Bandwagon,Reductio_ad_hitlerum",2851,2932,article765982381.task2-TC.labels
765982381,Doubt,4183,4248,article765982381.task2-TC.labels
765982381,"Name_Calling,Labeling",4494,4523,article765982381.task2-TC.labels
765982381,"Name_Calling,Labeling",5207,5240,article765982381.task2-TC.labels
765982381,Loaded_Language,5379,5391,article765982381.task2-TC.labels
765982381,"Name_Calling,Labeling",398,410,article765982381.task2-TC.labels
765982381,"Exaggeration,Minimisation",416,448,article765982381.task2-TC.labels
765982381,Repetition,955,963,article765982381.task2-TC.labels
765982381,Loaded_Language,1025,1044,article765982381.task2-TC.labels
765982381,Loaded_Language,1367,1376,article765982381.task2-TC.labels
765982381,"Exaggeration,Minimisation",2200,2230,article765982381.task2-TC.labels
765982381,Causal_Oversimplification,2422,2462,article765982381.task2-TC.labels
765982381,Loaded_Language,2324,2346,article765982381.task2-TC.labels
765982381,Loaded_Language,2511,2530,article765982381.task2-TC.labels
765982381,"Name_Calling,Labeling",2588,2622,article765982381.task2-TC.labels
765982381,Loaded_Language,2626,2635,article765982381.task2-TC.labels
765982381,"Name_Calling,Labeling",2831,2848,article765982381.task2-TC.labels
765982381,"Exaggeration,Minimisation",2949,3043,article765982381.task2-TC.labels
765982381,Loaded_Language,3095,3187,article765982381.task2-TC.labels
765982381,"Exaggeration,Minimisation",3207,3222,article765982381.task2-TC.labels
765982381,Loaded_Language,3309,3352,article765982381.task2-TC.labels
765982381,"Whataboutism,Straw_Men,Red_Herring",3364,3566,article765982381.task2-TC.labels
765982381,"Name_Calling,Labeling",3888,3916,article765982381.task2-TC.labels
765982381,Loaded_Language,4110,4131,article765982381.task2-TC.labels
765982381,"Exaggeration,Minimisation",4947,4995,article765982381.task2-TC.labels
765982381,Repetition,5207,5220,article765982381.task2-TC.labels
765982381,Loaded_Language,5976,6023,article765982381.task2-TC.labels
765982381,"Name_Calling,Labeling",6039,6057,article765982381.task2-TC.labels
765982381,"Name_Calling,Labeling",6063,6090,article765982381.task2-TC.labels
765982381,Thought-terminating_Cliches,6197,6250,article765982381.task2-TC.labels
765982381,Loaded_Language,6262,6295,article765982381.task2-TC.labels
765982381,"Name_Calling,Labeling",6415,6438,article765982381.task2-TC.labels
765982381,Doubt,770,1044,article765982381.task2-TC.labels
765982381,Doubt,1600,1817,article765982381.task2-TC.labels
765982381,Doubt,2492,2555,article765982381.task2-TC.labels
721406153,"Name_Calling,Labeling",97,129,article721406153.task2-TC.labels
721406153,Doubt,3079,3218,article721406153.task2-TC.labels
721406153,Repetition,4102,4106,article721406153.task2-TC.labels
721406153,Repetition,5473,5478,article721406153.task2-TC.labels
721406153,Repetition,5502,5506,article721406153.task2-TC.labels
721406153,Repetition,5942,5947,article721406153.task2-TC.labels
721406153,Loaded_Language,0,35,article721406153.task2-TC.labels
721406153,Loaded_Language,294,466,article721406153.task2-TC.labels
721406153,Loaded_Language,1123,1150,article721406153.task2-TC.labels
721406153,Loaded_Language,1264,1282,article721406153.task2-TC.labels
721406153,Loaded_Language,1465,1488,article721406153.task2-TC.labels
721406153,Loaded_Language,1992,2020,article721406153.task2-TC.labels
721406153,Black-and-White_Fallacy,2022,2210,article721406153.task2-TC.labels
721406153,Loaded_Language,2530,2575,article721406153.task2-TC.labels
721406153,Causal_Oversimplification,2893,3218,article721406153.task2-TC.labels
721406153,Loaded_Language,5339,5439,article721406153.task2-TC.labels
721406153,Appeal_to_fear-prejudice,5787,5926,article721406153.task2-TC.labels
721406153,Loaded_Language,5927,6036,article721406153.task2-TC.labels
721406153,Loaded_Language,5115,5139,article721406153.task2-TC.labels
694811415,Black-and-White_Fallacy,274,321,article694811415.task2-TC.labels
694811415,Thought-terminating_Cliches,854,913,article694811415.task2-TC.labels
694811415,Doubt,1013,1112,article694811415.task2-TC.labels
694811415,"Bandwagon,Reductio_ad_hitlerum",1629,1719,article694811415.task2-TC.labels
694811415,Appeal_to_Authority,498,546,article694811415.task2-TC.labels
694811415,Doubt,1,23,article694811415.task2-TC.labels
715588833,"Exaggeration,Minimisation",660,681,article715588833.task2-TC.labels
715588833,Loaded_Language,2437,2464,article715588833.task2-TC.labels
715588833,Loaded_Language,7098,7129,article715588833.task2-TC.labels
715588833,Doubt,7155,7185,article715588833.task2-TC.labels
715588833,"Name_Calling,Labeling",8811,8841,article715588833.task2-TC.labels
715588833,"Whataboutism,Straw_Men,Red_Herring",10678,10918,article715588833.task2-TC.labels
715588833,"Name_Calling,Labeling",0,17,article715588833.task2-TC.labels
715588833,"Name_Calling,Labeling",412,499,article715588833.task2-TC.labels
715588833,Loaded_Language,624,681,article715588833.task2-TC.labels
715588833,Loaded_Language,1046,1074,article715588833.task2-TC.labels
715588833,Repetition,1753,1770,article715588833.task2-TC.labels
715588833,Loaded_Language,2061,2160,article715588833.task2-TC.labels
715588833,"Exaggeration,Minimisation",2622,2773,article715588833.task2-TC.labels
715588833,Loaded_Language,6660,6744,article715588833.task2-TC.labels
715588833,Black-and-White_Fallacy,7638,7734,article715588833.task2-TC.labels
715588833,Loaded_Language,7829,7855,article715588833.task2-TC.labels
715588833,"Exaggeration,Minimisation",7857,7909,article715588833.task2-TC.labels
715588833,Loaded_Language,8548,8641,article715588833.task2-TC.labels
715588833,"Exaggeration,Minimisation",8479,8546,article715588833.task2-TC.labels
715588833,Loaded_Language,8797,8841,article715588833.task2-TC.labels
715588833,Appeal_to_fear-prejudice,8643,8940,article715588833.task2-TC.labels
715588833,Thought-terminating_Cliches,9232,9268,article715588833.task2-TC.labels
715588833,Loaded_Language,9456,9504,article715588833.task2-TC.labels
715588833,Loaded_Language,9836,10048,article715588833.task2-TC.labels
715588833,"Name_Calling,Labeling",10802,10884,article715588833.task2-TC.labels
715588833,Loaded_Language,11273,11388,article715588833.task2-TC.labels
715588833,Repetition,11390,11426,article715588833.task2-TC.labels
715588833,Loaded_Language,11846,12085,article715588833.task2-TC.labels
715588833,Flag-Waving,11575,11844,article715588833.task2-TC.labels
715588833,Loaded_Language,412,498,article715588833.task2-TC.labels
790720714,"Name_Calling,Labeling",931,1011,article790720714.task2-TC.labels
790720714,Loaded_Language,378,402,article790720714.task2-TC.labels
790720714,Loaded_Language,642,667,article790720714.task2-TC.labels
790720714,Loaded_Language,3971,3996,article790720714.task2-TC.labels
790720714,Loaded_Language,577,590,article790720714.task2-TC.labels
790720714,Loaded_Language,718,747,article790720714.task2-TC.labels
790720714,Doubt,1022,1063,article790720714.task2-TC.labels
790720714,Causal_Oversimplification,1924,1956,article790720714.task2-TC.labels
790720714,Loaded_Language,2180,2206,article790720714.task2-TC.labels
790720714,Loaded_Language,2247,2298,article790720714.task2-TC.labels
790720714,Causal_Oversimplification,2760,2943,article790720714.task2-TC.labels
790720714,Doubt,2945,3034,article790720714.task2-TC.labels
790720714,"Exaggeration,Minimisation",3136,3158,article790720714.task2-TC.labels
790720714,Causal_Oversimplification,3502,3581,article790720714.task2-TC.labels
790720714,Causal_Oversimplification,3882,4070,article790720714.task2-TC.labels
790720714,"Exaggeration,Minimisation",964,1011,article790720714.task2-TC.labels
790720714,Doubt,1882,1922,article790720714.task2-TC.labels
790720714,Appeal_to_Authority,2627,2757,article790720714.task2-TC.labels
790720714,Doubt,3693,3732,article790720714.task2-TC.labels
788056108,"Name_Calling,Labeling",235,279,article788056108.task2-TC.labels
788056108,"Name_Calling,Labeling",587,636,article788056108.task2-TC.labels
788056108,"Name_Calling,Labeling",979,1012,article788056108.task2-TC.labels
788056108,Appeal_to_fear-prejudice,2930,3059,article788056108.task2-TC.labels
788056108,"Name_Calling,Labeling",4632,4680,article788056108.task2-TC.labels
788056108,"Exaggeration,Minimisation",4780,4804,article788056108.task2-TC.labels
788056108,Loaded_Language,15243,15303,article788056108.task2-TC.labels
788056108,Loaded_Language,60,76,article788056108.task2-TC.labels
788056108,"Bandwagon,Reductio_ad_hitlerum",818,860,article788056108.task2-TC.labels
788056108,"Exaggeration,Minimisation",5941,5977,article788056108.task2-TC.labels
788056108,Loaded_Language,14061,14080,article788056108.task2-TC.labels
788056108,Black-and-White_Fallacy,15683,15829,article788056108.task2-TC.labels
788056108,Loaded_Language,183,201,article788056108.task2-TC.labels
788056108,"Name_Calling,Labeling",364,393,article788056108.task2-TC.labels
788056108,Loaded_Language,694,731,article788056108.task2-TC.labels
788056108,Loaded_Language,763,787,article788056108.task2-TC.labels
788056108,"Name_Calling,Labeling",1110,1133,article788056108.task2-TC.labels
788056108,"Name_Calling,Labeling",1144,1174,article788056108.task2-TC.labels
788056108,"Bandwagon,Reductio_ad_hitlerum",1338,1405,article788056108.task2-TC.labels
788056108,"Bandwagon,Reductio_ad_hitlerum",1407,1640,article788056108.task2-TC.labels
788056108,"Name_Calling,Labeling",1946,1965,article788056108.task2-TC.labels
788056108,"Whataboutism,Straw_Men,Red_Herring",2058,2139,article788056108.task2-TC.labels
788056108,Causal_Oversimplification,2142,2479,article788056108.task2-TC.labels
788056108,"Bandwagon,Reductio_ad_hitlerum",2482,2506,article788056108.task2-TC.labels
788056108,Causal_Oversimplification,2768,2923,article788056108.task2-TC.labels
788056108,"Name_Calling,Labeling",3243,3274,article788056108.task2-TC.labels
788056108,Loaded_Language,3490,3623,article788056108.task2-TC.labels
788056108,Loaded_Language,3765,3783,article788056108.task2-TC.labels
788056108,"Exaggeration,Minimisation",4187,4202,article788056108.task2-TC.labels
788056108,"Name_Calling,Labeling",4716,4733,article788056108.task2-TC.labels
788056108,Doubt,5537,5636,article788056108.task2-TC.labels
788056108,Causal_Oversimplification,6680,6851,article788056108.task2-TC.labels
788056108,Loaded_Language,6875,6898,article788056108.task2-TC.labels
788056108,"Name_Calling,Labeling",7174,7199,article788056108.task2-TC.labels
788056108,"Name_Calling,Labeling",7226,7254,article788056108.task2-TC.labels
788056108,"Name_Calling,Labeling",7337,7382,article788056108.task2-TC.labels
788056108,"Name_Calling,Labeling",7755,7832,article788056108.task2-TC.labels
788056108,Loaded_Language,8012,8070,article788056108.task2-TC.labels
788056108,"Name_Calling,Labeling",8936,8962,article788056108.task2-TC.labels
788056108,Loaded_Language,10272,10297,article788056108.task2-TC.labels
788056108,Loaded_Language,10440,10465,article788056108.task2-TC.labels
788056108,"Name_Calling,Labeling",10603,10746,article788056108.task2-TC.labels
788056108,"Name_Calling,Labeling",10760,10914,article788056108.task2-TC.labels
788056108,Doubt,11123,11255,article788056108.task2-TC.labels
788056108,"Exaggeration,Minimisation",11957,11980,article788056108.task2-TC.labels
788056108,"Name_Calling,Labeling",12155,12167,article788056108.task2-TC.labels
788056108,"Exaggeration,Minimisation",12176,12222,article788056108.task2-TC.labels
788056108,Appeal_to_Authority,12547,13082,article788056108.task2-TC.labels
788056108,Appeal_to_Authority,13084,13617,article788056108.task2-TC.labels
788056108,Doubt,14028,14312,article788056108.task2-TC.labels
788056108,Doubt,14365,14417,article788056108.task2-TC.labels
788056108,Appeal_to_Authority,14419,14785,article788056108.task2-TC.labels
788056108,"Exaggeration,Minimisation",15317,15352,article788056108.task2-TC.labels
788056108,Doubt,15142,15456,article788056108.task2-TC.labels
788056108,Loaded_Language,15895,16016,article788056108.task2-TC.labels
788056108,"Name_Calling,Labeling",16028,16077,article788056108.task2-TC.labels
788056108,Doubt,16357,16533,article788056108.task2-TC.labels
788056108,Doubt,16939,17166,article788056108.task2-TC.labels
788056108,"Name_Calling,Labeling",17271,17330,article788056108.task2-TC.labels
788056108,Loaded_Language,17169,17184,article788056108.task2-TC.labels
788056108,Loaded_Language,17355,17391,article788056108.task2-TC.labels
788056108,"Exaggeration,Minimisation",17392,17427,article788056108.task2-TC.labels
788056108,Loaded_Language,17572,17590,article788056108.task2-TC.labels
788056108,Appeal_to_fear-prejudice,17512,17805,article788056108.task2-TC.labels
788056108,"Exaggeration,Minimisation",17917,17969,article788056108.task2-TC.labels
788056108,Loaded_Language,92,99,article788056108.task2-TC.labels
788056108,Doubt,2482,2701,article788056108.task2-TC.labels
788056108,Doubt,3625,3710,article788056108.task2-TC.labels
788056108,Loaded_Language,10856,10863,article788056108.task2-TC.labels
788056108,Loaded_Language,12204,12215,article788056108.task2-TC.labels
111111136,Loaded_Language,1243,1254,article111111136.task2-TC.labels
111111136,Flag-Waving,1874,2026,article111111136.task2-TC.labels
999000880,Flag-Waving,3114,3143,article999000880.task2-TC.labels
999000880,Loaded_Language,2704,2709,article999000880.task2-TC.labels
769427494,Loaded_Language,8476,8487,article769427494.task2-TC.labels
769427494,"Name_Calling,Labeling",5083,5102,article769427494.task2-TC.labels
769427494,Loaded_Language,50,58,article769427494.task2-TC.labels
769427494,"Name_Calling,Labeling",62,91,article769427494.task2-TC.labels
769427494,Loaded_Language,217,236,article769427494.task2-TC.labels
769427494,Flag-Waving,242,281,article769427494.task2-TC.labels
769427494,Loaded_Language,1260,1268,article769427494.task2-TC.labels
769427494,Doubt,5221,5426,article769427494.task2-TC.labels
769427494,Loaded_Language,6542,6575,article769427494.task2-TC.labels
769427494,Doubt,7254,7366,article769427494.task2-TC.labels
769427494,Loaded_Language,9281,9297,article769427494.task2-TC.labels
769427494,Doubt,93,281,article769427494.task2-TC.labels
769427494,Doubt,5704,5794,article769427494.task2-TC.labels
729940206,Loaded_Language,571,609,article729940206.task2-TC.labels
729940206,Thought-terminating_Cliches,1178,1216,article729940206.task2-TC.labels
729940206,Repetition,1866,1874,article729940206.task2-TC.labels
729940206,Loaded_Language,327,337,article729940206.task2-TC.labels
729940206,Doubt,251,402,article729940206.task2-TC.labels
729940206,"Exaggeration,Minimisation",522,540,article729940206.task2-TC.labels
729940206,Loaded_Language,1039,1046,article729940206.task2-TC.labels
729940206,Doubt,1167,1216,article729940206.task2-TC.labels
729940206,Doubt,1218,1282,article729940206.task2-TC.labels
729940206,"Name_Calling,Labeling",1838,1859,article729940206.task2-TC.labels
729940206,Loaded_Language,357,402,article729940206.task2-TC.labels
999000159,Loaded_Language,499,510,article999000159.task2-TC.labels
999000159,Loaded_Language,373,433,article999000159.task2-TC.labels
999000159,"Name_Calling,Labeling",478,495,article999000159.task2-TC.labels
999000159,Appeal_to_fear-prejudice,1233,1354,article999000159.task2-TC.labels
999000159,Loaded_Language,1464,1482,article999000159.task2-TC.labels
999000159,"Exaggeration,Minimisation",1701,1753,article999000159.task2-TC.labels
999000159,Loaded_Language,166,178,article999000159.task2-TC.labels
999000159,Loaded_Language,1622,1653,article999000159.task2-TC.labels
711716996,"Name_Calling,Labeling",1610,1632,article711716996.task2-TC.labels
711716996,Repetition,5284,5298,article711716996.task2-TC.labels
711716996,Causal_Oversimplification,30,85,article711716996.task2-TC.labels
711716996,Causal_Oversimplification,724,862,article711716996.task2-TC.labels
711716996,Loaded_Language,957,992,article711716996.task2-TC.labels
711716996,"Name_Calling,Labeling",1444,1453,article711716996.task2-TC.labels
711716996,"Whataboutism,Straw_Men,Red_Herring",1936,2064,article711716996.task2-TC.labels
711716996,"Exaggeration,Minimisation",2231,2268,article711716996.task2-TC.labels
711716996,Loaded_Language,2320,2345,article711716996.task2-TC.labels
711716996,Causal_Oversimplification,2760,2843,article711716996.task2-TC.labels
711716996,Loaded_Language,2910,2941,article711716996.task2-TC.labels
711716996,Loaded_Language,4002,4025,article711716996.task2-TC.labels
711716996,Loaded_Language,298,304,article711716996.task2-TC.labels
711716996,"Name_Calling,Labeling",839,862,article711716996.task2-TC.labels
711716996,"Name_Calling,Labeling",982,992,article711716996.task2-TC.labels
711716996,Loaded_Language,1600,1631,article711716996.task2-TC.labels
711716996,Loaded_Language,2050,2060,article711716996.task2-TC.labels
711716996,"Name_Calling,Labeling",2933,2941,article711716996.task2-TC.labels
711716996,Repetition,2308,2314,article711716996.task2-TC.labels
711716996,Repetition,3978,3992,article711716996.task2-TC.labels
711716996,Repetition,4068,4082,article711716996.task2-TC.labels
711716996,Repetition,4563,4569,article711716996.task2-TC.labels
711716996,Repetition,4959,4973,article711716996.task2-TC.labels
790483991,Loaded_Language,710,728,article790483991.task2-TC.labels
790483991,Doubt,5439,5564,article790483991.task2-TC.labels
790483991,Loaded_Language,1457,1487,article790483991.task2-TC.labels
790483991,Loaded_Language,5992,6014,article790483991.task2-TC.labels
790483991,Flag-Waving,9520,9593,article790483991.task2-TC.labels
790483991,"Exaggeration,Minimisation",354,431,article790483991.task2-TC.labels
790483991,"Name_Calling,Labeling",919,944,article790483991.task2-TC.labels
790483991,Causal_Oversimplification,1056,1230,article790483991.task2-TC.labels
790483991,"Name_Calling,Labeling",1089,1151,article790483991.task2-TC.labels
790483991,"Exaggeration,Minimisation",1176,1230,article790483991.task2-TC.labels
790483991,"Exaggeration,Minimisation",1323,1364,article790483991.task2-TC.labels
790483991,Loaded_Language,1375,1400,article790483991.task2-TC.labels
790483991,"Exaggeration,Minimisation",1517,1612,article790483991.task2-TC.labels
790483991,Loaded_Language,2070,2192,article790483991.task2-TC.labels
790483991,"Exaggeration,Minimisation",3626,3696,article790483991.task2-TC.labels
790483991,"Exaggeration,Minimisation",3742,3961,article790483991.task2-TC.labels
790483991,Loaded_Language,4083,4117,article790483991.task2-TC.labels
790483991,Loaded_Language,4947,4961,article790483991.task2-TC.labels
790483991,Loaded_Language,5654,5675,article790483991.task2-TC.labels
790483991,"Name_Calling,Labeling",6212,6281,article790483991.task2-TC.labels
790483991,Doubt,6016,6191,article790483991.task2-TC.labels
790483991,Doubt,6988,7139,article790483991.task2-TC.labels
790483991,Doubt,7413,7594,article790483991.task2-TC.labels
790483991,Flag-Waving,8298,8326,article790483991.task2-TC.labels
790483991,"Name_Calling,Labeling",8985,9026,article790483991.task2-TC.labels
790483991,Causal_Oversimplification,9064,9214,article790483991.task2-TC.labels
790483991,"Name_Calling,Labeling",9968,9982,article790483991.task2-TC.labels
790483991,Flag-Waving,9616,9982,article790483991.task2-TC.labels
790483991,"Name_Calling,Labeling",354,401,article790483991.task2-TC.labels
790483991,"Name_Calling,Labeling",1152,1230,article790483991.task2-TC.labels
790483991,Appeal_to_fear-prejudice,1784,1912,article790483991.task2-TC.labels
790483991,Loaded_Language,3759,3789,article790483991.task2-TC.labels
790483991,Loaded_Language,3800,3846,article790483991.task2-TC.labels
790483991,Doubt,5725,6014,article790483991.task2-TC.labels
790483991,Doubt,7141,7331,article790483991.task2-TC.labels
790483991,Doubt,8170,8296,article790483991.task2-TC.labels
757243988,Loaded_Language,339,350,article757243988.task2-TC.labels
757243988,Loaded_Language,461,467,article757243988.task2-TC.labels
757243988,"Exaggeration,Minimisation",1447,1457,article757243988.task2-TC.labels
757243988,"Exaggeration,Minimisation",1658,1671,article757243988.task2-TC.labels
757243988,Repetition,2267,2276,article757243988.task2-TC.labels
757243988,Repetition,2635,2644,article757243988.task2-TC.labels
701939679,Doubt,234,337,article701939679.task2-TC.labels
701939679,"Name_Calling,Labeling",361,374,article701939679.task2-TC.labels
701939679,Doubt,339,529,article701939679.task2-TC.labels
701939679,Repetition,1474,1664,article701939679.task2-TC.labels
759478604,Loaded_Language,35,46,article759478604.task2-TC.labels
759478604,Loaded_Language,1312,1323,article759478604.task2-TC.labels
759478604,Loaded_Language,1696,1704,article759478604.task2-TC.labels
759478604,Loaded_Language,8701,8707,article759478604.task2-TC.labels
759478604,"Name_Calling,Labeling",12527,12534,article759478604.task2-TC.labels
759478604,Loaded_Language,14664,14676,article759478604.task2-TC.labels
759478604,Loaded_Language,12783,12825,article759478604.task2-TC.labels
759478604,Black-and-White_Fallacy,244,264,article759478604.task2-TC.labels
759478604,Loaded_Language,1407,1414,article759478604.task2-TC.labels
759478604,Loaded_Language,1746,1757,article759478604.task2-TC.labels
759478604,Black-and-White_Fallacy,2451,2548,article759478604.task2-TC.labels
759478604,"Exaggeration,Minimisation",4303,4386,article759478604.task2-TC.labels
759478604,Black-and-White_Fallacy,5052,5083,article759478604.task2-TC.labels
759478604,Loaded_Language,9407,9420,article759478604.task2-TC.labels
759478604,Loaded_Language,9832,9859,article759478604.task2-TC.labels
759478604,Loaded_Language,10856,10866,article759478604.task2-TC.labels
759478604,Loaded_Language,10752,10759,article759478604.task2-TC.labels
759478604,Loaded_Language,12559,12579,article759478604.task2-TC.labels
759478604,Loaded_Language,13700,13717,article759478604.task2-TC.labels
759478604,Appeal_to_fear-prejudice,2551,2581,article759478604.task2-TC.labels
759478604,Appeal_to_fear-prejudice,2609,2640,article759478604.task2-TC.labels
759478604,Loaded_Language,8430,8438,article759478604.task2-TC.labels
759478604,Repetition,11614,11639,article759478604.task2-TC.labels
759478604,Repetition,12165,12190,article759478604.task2-TC.labels
759478604,Repetition,14704,14729,article759478604.task2-TC.labels
765953146,Loaded_Language,2168,2186,article765953146.task2-TC.labels
765953146,Loaded_Language,787,816,article765953146.task2-TC.labels
765953146,Repetition,982,1011,article765953146.task2-TC.labels
765953146,Loaded_Language,1099,1110,article765953146.task2-TC.labels
765953146,Loaded_Language,2193,2209,article765953146.task2-TC.labels
765953146,Loaded_Language,5320,5335,article765953146.task2-TC.labels
765953146,Repetition,2497,2507,article765953146.task2-TC.labels
999001297,Repetition,2257,2276,article999001297.task2-TC.labels
999001297,Loaded_Language,31,62,article999001297.task2-TC.labels
999001297,Loaded_Language,242,263,article999001297.task2-TC.labels
779394730,Loaded_Language,2965,2986,article779394730.task2-TC.labels
779394730,Loaded_Language,3247,3274,article779394730.task2-TC.labels
779394730,Loaded_Language,3728,3749,article779394730.task2-TC.labels
779394730,Loaded_Language,4043,4118,article779394730.task2-TC.labels
779394730,Loaded_Language,1222,1239,article779394730.task2-TC.labels
779394730,Loaded_Language,1382,1407,article779394730.task2-TC.labels
779394730,Loaded_Language,1479,1511,article779394730.task2-TC.labels
779394730,Doubt,3715,4118,article779394730.task2-TC.labels
779394730,Loaded_Language,4015,4030,article779394730.task2-TC.labels
779394730,Doubt,4120,4323,article779394730.task2-TC.labels
779394730,Loaded_Language,2710,2739,article779394730.task2-TC.labels
779394730,Loaded_Language,4141,4162,article779394730.task2-TC.labels
779394730,Loaded_Language,966,984,article779394730.task2-TC.labels
779394730,Doubt,1419,1612,article779394730.task2-TC.labels
779394730,Doubt,1615,1772,article779394730.task2-TC.labels
779394730,Doubt,1774,1886,article779394730.task2-TC.labels
779394730,"Name_Calling,Labeling",1926,1965,article779394730.task2-TC.labels
779394730,"Exaggeration,Minimisation",2070,2106,article779394730.task2-TC.labels
779394730,Doubt,2609,2739,article779394730.task2-TC.labels
779394730,Loaded_Language,3306,3340,article779394730.task2-TC.labels
779394730,"Name_Calling,Labeling",3476,3535,article779394730.task2-TC.labels
779394730,Appeal_to_Authority,3554,3695,article779394730.task2-TC.labels
779394730,Doubt,3343,3462,article779394730.task2-TC.labels
779394730,Loaded_Language,3700,3713,article779394730.task2-TC.labels
779394730,"Name_Calling,Labeling",4183,4206,article779394730.task2-TC.labels
779394730,Loaded_Language,4172,4226,article779394730.task2-TC.labels
741802985,"Bandwagon,Reductio_ad_hitlerum",1786,1816,article741802985.task2-TC.labels
741802985,Doubt,0,116,article741802985.task2-TC.labels
741802985,Doubt,369,512,article741802985.task2-TC.labels
741802985,Loaded_Language,354,366,article741802985.task2-TC.labels
741802985,Appeal_to_fear-prejudice,604,765,article741802985.task2-TC.labels
741802985,Appeal_to_fear-prejudice,514,602,article741802985.task2-TC.labels
741802985,Loaded_Language,1902,1931,article741802985.task2-TC.labels
780619695,Repetition,1538,1554,article780619695.task2-TC.labels
780619695,Repetition,1728,1744,article780619695.task2-TC.labels
780619695,Repetition,2018,2034,article780619695.task2-TC.labels
780619695,Repetition,2245,2261,article780619695.task2-TC.labels
780619695,Repetition,2838,2854,article780619695.task2-TC.labels
780619695,Repetition,3066,3082,article780619695.task2-TC.labels
780619695,Slogans,44,62,article780619695.task2-TC.labels
780619695,Loaded_Language,3735,3740,article780619695.task2-TC.labels
780619695,Slogans,6301,6314,article780619695.task2-TC.labels
780619695,Repetition,1321,1337,article780619695.task2-TC.labels
780619695,Loaded_Language,1935,1959,article780619695.task2-TC.labels
780619695,Loaded_Language,4123,4129,article780619695.task2-TC.labels
780619695,"Exaggeration,Minimisation",137,148,article780619695.task2-TC.labels
780619695,Loaded_Language,149,160,article780619695.task2-TC.labels
780619695,Loaded_Language,162,168,article780619695.task2-TC.labels
780619695,Loaded_Language,174,183,article780619695.task2-TC.labels
780619695,"Name_Calling,Labeling",120,136,article780619695.task2-TC.labels
780619695,"Name_Calling,Labeling",1245,1262,article780619695.task2-TC.labels
780619695,Loaded_Language,1770,1794,article780619695.task2-TC.labels
780619695,Loaded_Language,2318,2325,article780619695.task2-TC.labels
780619695,Loaded_Language,2329,2338,article780619695.task2-TC.labels
780619695,Loaded_Language,2343,2359,article780619695.task2-TC.labels
780619695,Repetition,3207,3224,article780619695.task2-TC.labels
780619695,Loaded_Language,3933,3941,article780619695.task2-TC.labels
780619695,Repetition,4212,4229,article780619695.task2-TC.labels
780619695,Loaded_Language,4298,4309,article780619695.task2-TC.labels
780619695,Loaded_Language,4504,4513,article780619695.task2-TC.labels
780619695,Appeal_to_fear-prejudice,4696,4736,article780619695.task2-TC.labels
780619695,Repetition,4856,4874,article780619695.task2-TC.labels
780619695,Loaded_Language,5547,5553,article780619695.task2-TC.labels
780619695,Loaded_Language,5985,6015,article780619695.task2-TC.labels
780619695,Slogans,6232,6251,article780619695.task2-TC.labels
780619695,Repetition,6302,6314,article780619695.task2-TC.labels
111111112,Slogans,191,219,article111111112.task2-TC.labels
111111112,Black-and-White_Fallacy,476,556,article111111112.task2-TC.labels
111111112,Slogans,785,798,article111111112.task2-TC.labels
111111112,Loaded_Language,958,1013,article111111112.task2-TC.labels
111111112,Flag-Waving,1456,1535,article111111112.task2-TC.labels
111111112,"Name_Calling,Labeling",1810,1824,article111111112.task2-TC.labels
111111112,Loaded_Language,2095,2123,article111111112.task2-TC.labels
111111112,Loaded_Language,911,942,article111111112.task2-TC.labels
111111112,"Name_Calling,Labeling",1738,1787,article111111112.task2-TC.labels
111111115,Loaded_Language,658,700,article111111115.task2-TC.labels
111111115,Loaded_Language,1870,1893,article111111115.task2-TC.labels
111111115,Appeal_to_Authority,1655,1745,article111111115.task2-TC.labels
111111115,Loaded_Language,2389,2418,article111111115.task2-TC.labels
735265649,"Exaggeration,Minimisation",2028,2040,article735265649.task2-TC.labels
735265649,"Whataboutism,Straw_Men,Red_Herring",169,177,article735265649.task2-TC.labels
735265649,"Whataboutism,Straw_Men,Red_Herring",905,915,article735265649.task2-TC.labels
735265649,Appeal_to_Authority,1169,1383,article735265649.task2-TC.labels
735265649,Loaded_Language,1332,1349,article735265649.task2-TC.labels
735265649,Appeal_to_Authority,1385,1536,article735265649.task2-TC.labels
735265649,Appeal_to_Authority,1538,1599,article735265649.task2-TC.labels
735265649,Appeal_to_Authority,1865,2088,article735265649.task2-TC.labels
735265649,Appeal_to_fear-prejudice,1235,1306,article735265649.task2-TC.labels
735265649,Flag-Waving,1457,1536,article735265649.task2-TC.labels
735265649,Loaded_Language,1919,1934,article735265649.task2-TC.labels
735265649,Loaded_Language,2028,2040,article735265649.task2-TC.labels
765029945,Loaded_Language,1412,1423,article765029945.task2-TC.labels
765029945,Appeal_to_fear-prejudice,1618,1642,article765029945.task2-TC.labels
765029945,"Bandwagon,Reductio_ad_hitlerum",334,400,article765029945.task2-TC.labels
765029945,"Bandwagon,Reductio_ad_hitlerum",424,470,article765029945.task2-TC.labels
765029945,Appeal_to_fear-prejudice,677,687,article765029945.task2-TC.labels
765029945,Loaded_Language,746,765,article765029945.task2-TC.labels
765029945,Black-and-White_Fallacy,251,329,article765029945.task2-TC.labels
765029945,Appeal_to_fear-prejudice,1114,1129,article765029945.task2-TC.labels
765029945,Appeal_to_fear-prejudice,1326,1339,article765029945.task2-TC.labels
765029945,Causal_Oversimplification,1502,1561,article765029945.task2-TC.labels
765029945,"Exaggeration,Minimisation",1643,1650,article765029945.task2-TC.labels
765029945,Loaded_Language,1590,1603,article765029945.task2-TC.labels
765029945,"Name_Calling,Labeling",256,265,article765029945.task2-TC.labels
765029945,Repetition,873,877,article765029945.task2-TC.labels
765029945,Repetition,951,955,article765029945.task2-TC.labels
765029945,Repetition,1043,1047,article765029945.task2-TC.labels
765029945,Repetition,1375,1379,article765029945.task2-TC.labels
752287274,Loaded_Language,327,341,article752287274.task2-TC.labels
752287274,"Name_Calling,Labeling",1508,1566,article752287274.task2-TC.labels
752287274,"Name_Calling,Labeling",1569,1590,article752287274.task2-TC.labels
752287274,"Name_Calling,Labeling",0,34,article752287274.task2-TC.labels
752287274,Loaded_Language,1488,1494,article752287274.task2-TC.labels
752287274,Doubt,1833,1884,article752287274.task2-TC.labels
752287274,"Name_Calling,Labeling",2818,2838,article752287274.task2-TC.labels
752287274,"Exaggeration,Minimisation",5207,5218,article752287274.task2-TC.labels
752287274,Doubt,5865,6089,article752287274.task2-TC.labels
752287274,Doubt,6563,6604,article752287274.task2-TC.labels
752287274,Thought-terminating_Cliches,6882,6904,article752287274.task2-TC.labels
752287274,Doubt,7141,7216,article752287274.task2-TC.labels
752287274,"Exaggeration,Minimisation",7512,7547,article752287274.task2-TC.labels
752287274,Appeal_to_fear-prejudice,7552,7607,article752287274.task2-TC.labels
752287274,Doubt,1938,2026,article752287274.task2-TC.labels
752287274,Doubt,3360,3385,article752287274.task2-TC.labels
752287274,Loaded_Language,6619,6636,article752287274.task2-TC.labels
752287274,Doubt,6798,6835,article752287274.task2-TC.labels
795079843,Loaded_Language,2185,2199,article795079843.task2-TC.labels
795079843,Loaded_Language,105,114,article795079843.task2-TC.labels
795079843,Loaded_Language,575,579,article795079843.task2-TC.labels
795079843,Loaded_Language,700,706,article795079843.task2-TC.labels
795079843,Appeal_to_fear-prejudice,1462,1498,article795079843.task2-TC.labels
795079843,Loaded_Language,3165,3173,article795079843.task2-TC.labels
777488669,Doubt,8420,8479,article777488669.task2-TC.labels
777488669,"Exaggeration,Minimisation",17648,17724,article777488669.task2-TC.labels
777488669,Causal_Oversimplification,111,184,article777488669.task2-TC.labels
777488669,"Exaggeration,Minimisation",1372,1390,article777488669.task2-TC.labels
777488669,Slogans,2625,2698,article777488669.task2-TC.labels
777488669,Loaded_Language,7981,8009,article777488669.task2-TC.labels
777488669,"Exaggeration,Minimisation",13629,13645,article777488669.task2-TC.labels
777488669,"Exaggeration,Minimisation",13779,13797,article777488669.task2-TC.labels
777488669,"Exaggeration,Minimisation",13460,13476,article777488669.task2-TC.labels
777488669,Loaded_Language,21934,21955,article777488669.task2-TC.labels
777488669,"Exaggeration,Minimisation",278,389,article777488669.task2-TC.labels
777488669,Loaded_Language,503,527,article777488669.task2-TC.labels
777488669,Causal_Oversimplification,694,833,article777488669.task2-TC.labels
777488669,Loaded_Language,1113,1127,article777488669.task2-TC.labels
777488669,Loaded_Language,1151,1162,article777488669.task2-TC.labels
777488669,"Name_Calling,Labeling",1234,1245,article777488669.task2-TC.labels
777488669,Loaded_Language,1750,1759,article777488669.task2-TC.labels
777488669,Causal_Oversimplification,2379,2485,article777488669.task2-TC.labels
777488669,Loaded_Language,3108,3118,article777488669.task2-TC.labels
777488669,Causal_Oversimplification,4583,4947,article777488669.task2-TC.labels
777488669,Causal_Oversimplification,6374,6406,article777488669.task2-TC.labels
777488669,"Name_Calling,Labeling",6788,6827,article777488669.task2-TC.labels
777488669,"Name_Calling,Labeling",6922,6961,article777488669.task2-TC.labels
777488669,"Name_Calling,Labeling",7592,7621,article777488669.task2-TC.labels
777488669,Repetition,8903,8976,article777488669.task2-TC.labels
777488669,Appeal_to_fear-prejudice,9024,9133,article777488669.task2-TC.labels
777488669,"Name_Calling,Labeling",9590,9606,article777488669.task2-TC.labels
777488669,Loaded_Language,9651,9660,article777488669.task2-TC.labels
777488669,"Name_Calling,Labeling",9849,9867,article777488669.task2-TC.labels
777488669,Loaded_Language,10681,10700,article777488669.task2-TC.labels
777488669,Loaded_Language,10554,10580,article777488669.task2-TC.labels
777488669,Thought-terminating_Cliches,10582,10639,article777488669.task2-TC.labels
777488669,Doubt,10733,10815,article777488669.task2-TC.labels
777488669,Loaded_Language,11201,11245,article777488669.task2-TC.labels
777488669,Loaded_Language,11262,11280,article777488669.task2-TC.labels
777488669,Loaded_Language,12262,12282,article777488669.task2-TC.labels
777488669,Loaded_Language,12413,12427,article777488669.task2-TC.labels
777488669,Loaded_Language,12557,12573,article777488669.task2-TC.labels
777488669,Loaded_Language,12887,12920,article777488669.task2-TC.labels
777488669,Loaded_Language,12952,12974,article777488669.task2-TC.labels
777488669,"Exaggeration,Minimisation",13570,13592,article777488669.task2-TC.labels
777488669,Black-and-White_Fallacy,14593,14726,article777488669.task2-TC.labels
777488669,Loaded_Language,14771,14890,article777488669.task2-TC.labels
777488669,Causal_Oversimplification,14892,15109,article777488669.task2-TC.labels
777488669,Causal_Oversimplification,15401,15484,article777488669.task2-TC.labels
777488669,Loaded_Language,15655,15688,article777488669.task2-TC.labels
777488669,"Name_Calling,Labeling",15722,15748,article777488669.task2-TC.labels
777488669,Loaded_Language,15762,15781,article777488669.task2-TC.labels
777488669,"Exaggeration,Minimisation",15843,15905,article777488669.task2-TC.labels
777488669,"Exaggeration,Minimisation",15990,16052,article777488669.task2-TC.labels
777488669,Loaded_Language,16281,16322,article777488669.task2-TC.labels
777488669,Repetition,16567,16576,article777488669.task2-TC.labels
777488669,"Name_Calling,Labeling",16590,16658,article777488669.task2-TC.labels
777488669,Loaded_Language,16977,17007,article777488669.task2-TC.labels
777488669,Causal_Oversimplification,17289,17340,article777488669.task2-TC.labels
777488669,Loaded_Language,17465,17488,article777488669.task2-TC.labels
777488669,"Exaggeration,Minimisation",17543,17581,article777488669.task2-TC.labels
777488669,"Name_Calling,Labeling",18269,18309,article777488669.task2-TC.labels
777488669,Causal_Oversimplification,18451,18671,article777488669.task2-TC.labels
777488669,"Name_Calling,Labeling",19644,19717,article777488669.task2-TC.labels
777488669,Loaded_Language,19871,19878,article777488669.task2-TC.labels
777488669,Loaded_Language,19920,19936,article777488669.task2-TC.labels
777488669,"Exaggeration,Minimisation",20377,20446,article777488669.task2-TC.labels
777488669,Loaded_Language,20595,20629,article777488669.task2-TC.labels
777488669,Loaded_Language,20485,20533,article777488669.task2-TC.labels
777488669,Causal_Oversimplification,21752,21843,article777488669.task2-TC.labels
777488669,Loaded_Language,22330,22358,article777488669.task2-TC.labels
777488669,Causal_Oversimplification,22360,22575,article777488669.task2-TC.labels
777488669,Loaded_Language,9170,9177,article777488669.task2-TC.labels
777488669,Doubt,9166,9295,article777488669.task2-TC.labels
777488669,Appeal_to_fear-prejudice,10056,10226,article777488669.task2-TC.labels
777488669,Loaded_Language,20399,20425,article777488669.task2-TC.labels
769962236,"Name_Calling,Labeling",0,9,article769962236.task2-TC.labels
769962236,"Name_Calling,Labeling",32,47,article769962236.task2-TC.labels
769962236,Loaded_Language,80,89,article769962236.task2-TC.labels
769962236,Loaded_Language,94,101,article769962236.task2-TC.labels
769962236,Loaded_Language,139,143,article769962236.task2-TC.labels
769962236,"Exaggeration,Minimisation",163,168,article769962236.task2-TC.labels
769962236,Loaded_Language,169,177,article769962236.task2-TC.labels
769962236,Slogans,207,212,article769962236.task2-TC.labels
769962236,"Name_Calling,Labeling",222,239,article769962236.task2-TC.labels
769962236,"Exaggeration,Minimisation",241,244,article769962236.task2-TC.labels
769962236,Flag-Waving,1033,1074,article769962236.task2-TC.labels
769962236,Loaded_Language,1760,1771,article769962236.task2-TC.labels
769962236,Loaded_Language,1857,1864,article769962236.task2-TC.labels
769962236,Slogans,2200,2223,article769962236.task2-TC.labels
769962236,Loaded_Language,2634,2637,article769962236.task2-TC.labels
769962236,Flag-Waving,2921,2934,article769962236.task2-TC.labels
769962236,"Name_Calling,Labeling",2964,2977,article769962236.task2-TC.labels
769962236,Slogans,3260,3278,article769962236.task2-TC.labels
769962236,Loaded_Language,3903,3912,article769962236.task2-TC.labels
769962236,Loaded_Language,3917,3921,article769962236.task2-TC.labels
999000147,Thought-terminating_Cliches,219,233,article999000147.task2-TC.labels
999000147,Doubt,3241,3324,article999000147.task2-TC.labels
999000147,Doubt,2559,2678,article999000147.task2-TC.labels
999000147,Appeal_to_Authority,2681,2918,article999000147.task2-TC.labels
999000147,Flag-Waving,3231,3323,article999000147.task2-TC.labels
999000147,Loaded_Language,701,709,article999000147.task2-TC.labels
781847297,"Whataboutism,Straw_Men,Red_Herring",419,485,article781847297.task2-TC.labels
781847297,Loaded_Language,835,850,article781847297.task2-TC.labels
781847297,Loaded_Language,205,224,article781847297.task2-TC.labels
781847297,"Name_Calling,Labeling",1057,1075,article781847297.task2-TC.labels
781847297,"Exaggeration,Minimisation",1659,1675,article781847297.task2-TC.labels
781847297,"Name_Calling,Labeling",1502,1520,article781847297.task2-TC.labels
781847297,"Exaggeration,Minimisation",82,116,article781847297.task2-TC.labels
781847297,Doubt,313,416,article781847297.task2-TC.labels
781847297,Doubt,639,670,article781847297.task2-TC.labels
781847297,Loaded_Language,1408,1426,article781847297.task2-TC.labels
781847297,"Name_Calling,Labeling",1652,1656,article781847297.task2-TC.labels
780787440,"Name_Calling,Labeling",822,856,article780787440.task2-TC.labels
780787440,Loaded_Language,2059,2073,article780787440.task2-TC.labels
780787440,Loaded_Language,473,497,article780787440.task2-TC.labels
780787440,Doubt,2110,2395,article780787440.task2-TC.labels
780787440,Doubt,3090,3262,article780787440.task2-TC.labels
780787440,Loaded_Language,379,414,article780787440.task2-TC.labels
780787440,Loaded_Language,516,541,article780787440.task2-TC.labels
780787440,Loaded_Language,1227,1248,article780787440.task2-TC.labels
780787440,Doubt,1703,1809,article780787440.task2-TC.labels
780787440,Doubt,1845,1910,article780787440.task2-TC.labels
780787440,Loaded_Language,2110,2135,article780787440.task2-TC.labels
780787440,"Exaggeration,Minimisation",2439,2522,article780787440.task2-TC.labels
780787440,Doubt,2951,3087,article780787440.task2-TC.labels
780787440,Loaded_Language,3501,3507,article780787440.task2-TC.labels
780787440,Appeal_to_Authority,3740,4317,article780787440.task2-TC.labels
780787440,Doubt,4085,4285,article780787440.task2-TC.labels
780787440,Appeal_to_fear-prejudice,1153,1404,article780787440.task2-TC.labels
780787440,Doubt,3824,3919,article780787440.task2-TC.labels
780787440,Loaded_Language,3959,3966,article780787440.task2-TC.labels
776535164,Loaded_Language,485,500,article776535164.task2-TC.labels
776535164,Loaded_Language,1688,1700,article776535164.task2-TC.labels
776535164,Loaded_Language,16,32,article776535164.task2-TC.labels
727869189,Appeal_to_fear-prejudice,1955,1994,article727869189.task2-TC.labels
727869189,Appeal_to_fear-prejudice,2355,2379,article727869189.task2-TC.labels
727869189,Doubt,5091,5216,article727869189.task2-TC.labels
727869189,Loaded_Language,1136,1167,article727869189.task2-TC.labels
727869189,Loaded_Language,1708,1771,article727869189.task2-TC.labels
727869189,Loaded_Language,2622,2641,article727869189.task2-TC.labels
727869189,Loaded_Language,4033,4049,article727869189.task2-TC.labels
727869189,Thought-terminating_Cliches,4544,4615,article727869189.task2-TC.labels
727869189,Loaded_Language,4933,4956,article727869189.task2-TC.labels
727869189,Causal_Oversimplification,2172,2334,article727869189.task2-TC.labels
727869189,Doubt,4332,4473,article727869189.task2-TC.labels
727869189,Appeal_to_fear-prejudice,5557,5773,article727869189.task2-TC.labels
735090638,"Exaggeration,Minimisation",2486,2532,article735090638.task2-TC.labels
735090638,"Name_Calling,Labeling",122,142,article735090638.task2-TC.labels
735090638,Loaded_Language,912,934,article735090638.task2-TC.labels
735090638,Appeal_to_Authority,893,970,article735090638.task2-TC.labels
735090638,Appeal_to_Authority,1087,1168,article735090638.task2-TC.labels
735090638,Loaded_Language,1144,1166,article735090638.task2-TC.labels
735090638,"Whataboutism,Straw_Men,Red_Herring",1877,1887,article735090638.task2-TC.labels
735090638,Appeal_to_Authority,2415,2466,article735090638.task2-TC.labels
735090638,"Exaggeration,Minimisation",256,269,article735090638.task2-TC.labels
735090638,"Name_Calling,Labeling",2138,2169,article735090638.task2-TC.labels
700551604,"Bandwagon,Reductio_ad_hitlerum",5659,5818,article700551604.task2-TC.labels
700551604,Flag-Waving,1881,2028,article700551604.task2-TC.labels
700551604,"Exaggeration,Minimisation",2735,2776,article700551604.task2-TC.labels
700551604,Doubt,3068,3179,article700551604.task2-TC.labels
700551604,"Exaggeration,Minimisation",3209,3232,article700551604.task2-TC.labels
700551604,Loaded_Language,3383,3403,article700551604.task2-TC.labels
700551604,"Name_Calling,Labeling",5322,5341,article700551604.task2-TC.labels
700551604,Loaded_Language,6897,6915,article700551604.task2-TC.labels
700551604,Loaded_Language,1657,1686,article700551604.task2-TC.labels
700551604,Causal_Oversimplification,1881,2028,article700551604.task2-TC.labels
700551604,Causal_Oversimplification,2034,2149,article700551604.task2-TC.labels
700551604,Loaded_Language,2566,2610,article700551604.task2-TC.labels
700551604,"Exaggeration,Minimisation",2830,2880,article700551604.task2-TC.labels
700551604,"Exaggeration,Minimisation",2894,2954,article700551604.task2-TC.labels
700551604,Loaded_Language,3209,3232,article700551604.task2-TC.labels
700551604,Causal_Oversimplification,3326,3364,article700551604.task2-TC.labels
700551604,"Exaggeration,Minimisation",4462,4524,article700551604.task2-TC.labels
700551604,Loaded_Language,4686,4698,article700551604.task2-TC.labels
700551604,Causal_Oversimplification,5977,6095,article700551604.task2-TC.labels
700551604,Causal_Oversimplification,7425,7512,article700551604.task2-TC.labels
700551604,Causal_Oversimplification,7547,7629,article700551604.task2-TC.labels
700551604,Causal_Oversimplification,7694,7798,article700551604.task2-TC.labels
700551604,Flag-Waving,8615,8671,article700551604.task2-TC.labels
700551604,Flag-Waving,8924,8977,article700551604.task2-TC.labels
700551604,Flag-Waving,9219,9324,article700551604.task2-TC.labels
700551604,"Name_Calling,Labeling",3698,3735,article700551604.task2-TC.labels
700551604,"Bandwagon,Reductio_ad_hitlerum",5343,5410,article700551604.task2-TC.labels
776368676,Flag-Waving,314,343,article776368676.task2-TC.labels
776368676,Loaded_Language,378,385,article776368676.task2-TC.labels
776368676,Loaded_Language,447,457,article776368676.task2-TC.labels
776368676,Loaded_Language,706,716,article776368676.task2-TC.labels
776368676,Loaded_Language,1040,1050,article776368676.task2-TC.labels
776368676,"Name_Calling,Labeling",386,408,article776368676.task2-TC.labels
776368676,Flag-Waving,571,623,article776368676.task2-TC.labels
776368676,Flag-Waving,664,738,article776368676.task2-TC.labels
776368676,Flag-Waving,828,957,article776368676.task2-TC.labels
776368676,Flag-Waving,998,1078,article776368676.task2-TC.labels
776368676,Loaded_Language,314,319,article776368676.task2-TC.labels
776368676,"Name_Calling,Labeling",424,457,article776368676.task2-TC.labels
776368676,Loaded_Language,594,599,article776368676.task2-TC.labels
776368676,"Name_Calling,Labeling",664,716,article776368676.task2-TC.labels
776368676,Loaded_Language,928,933,article776368676.task2-TC.labels
776368676,Loaded_Language,974,992,article776368676.task2-TC.labels
776368676,"Exaggeration,Minimisation",974,992,article776368676.task2-TC.labels
776368676,"Name_Calling,Labeling",998,1050,article776368676.task2-TC.labels
776368676,"Name_Calling,Labeling",45,66,article776368676.task2-TC.labels
776368676,Loaded_Language,67,70,article776368676.task2-TC.labels
776368676,"Name_Calling,Labeling",276,297,article776368676.task2-TC.labels
776368676,Repetition,542,559,article776368676.task2-TC.labels
776368676,Loaded_Language,640,658,article776368676.task2-TC.labels
776368676,"Name_Calling,Labeling",876,893,article776368676.task2-TC.labels
776368676,"Name_Calling,Labeling",1164,1176,article776368676.task2-TC.labels
776368676,Loaded_Language,1461,1494,article776368676.task2-TC.labels
776368676,"Exaggeration,Minimisation",1596,1633,article776368676.task2-TC.labels
776368676,Slogans,2017,2033,article776368676.task2-TC.labels
776368676,"Name_Calling,Labeling",2050,2074,article776368676.task2-TC.labels
776368676,Flag-Waving,2085,2118,article776368676.task2-TC.labels
776368676,Loaded_Language,2132,2147,article776368676.task2-TC.labels
776368676,"Name_Calling,Labeling",2164,2174,article776368676.task2-TC.labels
776368676,Loaded_Language,2178,2210,article776368676.task2-TC.labels
776368676,Loaded_Language,3795,3820,article776368676.task2-TC.labels
776368676,"Exaggeration,Minimisation",640,658,article776368676.task2-TC.labels
776345502,"Name_Calling,Labeling",379,398,article776345502.task2-TC.labels
776345502,Loaded_Language,1551,1569,article776345502.task2-TC.labels
776345502,Loaded_Language,1723,1748,article776345502.task2-TC.labels
776345502,"Exaggeration,Minimisation",3002,3053,article776345502.task2-TC.labels
776345502,Loaded_Language,3733,3744,article776345502.task2-TC.labels
776345502,Loaded_Language,4147,4158,article776345502.task2-TC.labels
776345502,Flag-Waving,53,119,article776345502.task2-TC.labels
776345502,Flag-Waving,661,727,article776345502.task2-TC.labels
776345502,Flag-Waving,1575,1649,article776345502.task2-TC.labels
776345502,Loaded_Language,3780,3855,article776345502.task2-TC.labels
776345502,"Name_Calling,Labeling",1575,1627,article776345502.task2-TC.labels
776345502,Loaded_Language,82,92,article776345502.task2-TC.labels
776345502,"Name_Calling,Labeling",97,119,article776345502.task2-TC.labels
776345502,"Name_Calling,Labeling",520,534,article776345502.task2-TC.labels
776345502,Causal_Oversimplification,374,513,article776345502.task2-TC.labels
776345502,Loaded_Language,690,700,article776345502.task2-TC.labels
776345502,"Name_Calling,Labeling",705,727,article776345502.task2-TC.labels
776345502,"Name_Calling,Labeling",333,358,article776345502.task2-TC.labels
776345502,"Name_Calling,Labeling",1477,1499,article776345502.task2-TC.labels
776345502,Loaded_Language,1617,1627,article776345502.task2-TC.labels
776345502,"Name_Calling,Labeling",1632,1649,article776345502.task2-TC.labels
776345502,"Name_Calling,Labeling",2843,2866,article776345502.task2-TC.labels
776345502,Loaded_Language,3612,3630,article776345502.task2-TC.labels
776345502,"Exaggeration,Minimisation",3911,3965,article776345502.task2-TC.labels
776345502,"Name_Calling,Labeling",4002,4035,article776345502.task2-TC.labels
776345502,"Name_Calling,Labeling",4095,4115,article776345502.task2-TC.labels
776345502,Repetition,4131,4145,article776345502.task2-TC.labels
776345502,Appeal_to_Authority,1299,1432,article776345502.task2-TC.labels
776345502,Appeal_to_Authority,1434,1509,article776345502.task2-TC.labels
776345502,Loaded_Language,3953,3965,article776345502.task2-TC.labels
776345502,Doubt,3979,4158,article776345502.task2-TC.labels
704591553,Loaded_Language,238,265,article704591553.task2-TC.labels
704591553,Appeal_to_fear-prejudice,1999,2059,article704591553.task2-TC.labels
704591553,Loaded_Language,2802,2816,article704591553.task2-TC.labels
704591553,Loaded_Language,71,103,article704591553.task2-TC.labels
704591553,Loaded_Language,278,285,article704591553.task2-TC.labels
704591553,Loaded_Language,933,954,article704591553.task2-TC.labels
704591553,"Name_Calling,Labeling",1016,1029,article704591553.task2-TC.labels
704591553,"Name_Calling,Labeling",1125,1141,article704591553.task2-TC.labels
704591553,Loaded_Language,1280,1292,article704591553.task2-TC.labels
704591553,"Name_Calling,Labeling",1805,1832,article704591553.task2-TC.labels
704591553,Doubt,2180,2228,article704591553.task2-TC.labels
704591553,Slogans,2765,2780,article704591553.task2-TC.labels
704591553,Loaded_Language,3153,3163,article704591553.task2-TC.labels
704591553,"Exaggeration,Minimisation",3827,3881,article704591553.task2-TC.labels
704591553,"Name_Calling,Labeling",3883,3911,article704591553.task2-TC.labels
704591553,Repetition,3895,3911,article704591553.task2-TC.labels
704591553,"Exaggeration,Minimisation",4058,4124,article704591553.task2-TC.labels
704591553,"Name_Calling,Labeling",4064,4103,article704591553.task2-TC.labels
704591553,"Name_Calling,Labeling",4454,4480,article704591553.task2-TC.labels
704591553,Loaded_Language,4493,4508,article704591553.task2-TC.labels
704591553,Doubt,4965,5082,article704591553.task2-TC.labels
704591553,Appeal_to_fear-prejudice,697,822,article704591553.task2-TC.labels
704591553,Loaded_Language,1696,1718,article704591553.task2-TC.labels
704591553,Loaded_Language,1868,1883,article704591553.task2-TC.labels
704591553,"Bandwagon,Reductio_ad_hitlerum",3221,3359,article704591553.task2-TC.labels
704591553,Loaded_Language,4398,4405,article704591553.task2-TC.labels
721710340,Repetition,4286,4299,article721710340.task2-TC.labels
721710340,Appeal_to_Authority,3416,3671,article721710340.task2-TC.labels
721710340,Repetition,3416,3475,article721710340.task2-TC.labels
721710340,Repetition,3879,4010,article721710340.task2-TC.labels
721710340,"Name_Calling,Labeling",3568,3595,article721710340.task2-TC.labels
721710340,Flag-Waving,3648,3663,article721710340.task2-TC.labels
721710340,Flag-Waving,4259,4277,article721710340.task2-TC.labels
721710340,Flag-Waving,4305,4350,article721710340.task2-TC.labels
730389374,Loaded_Language,1684,1706,article730389374.task2-TC.labels
730389374,Loaded_Language,1801,1821,article730389374.task2-TC.labels
730389374,Doubt,3517,3611,article730389374.task2-TC.labels
730389374,Flag-Waving,1530,1634,article730389374.task2-TC.labels
730389374,"Name_Calling,Labeling",2955,2970,article730389374.task2-TC.labels
730389374,Loaded_Language,3239,3255,article730389374.task2-TC.labels
730389374,Black-and-White_Fallacy,4016,4053,article730389374.task2-TC.labels
730389374,Flag-Waving,4439,4598,article730389374.task2-TC.labels
730389374,Loaded_Language,4552,4598,article730389374.task2-TC.labels
730389374,Flag-Waving,4400,4438,article730389374.task2-TC.labels
730389374,Doubt,4599,4659,article730389374.task2-TC.labels
766942310,"Name_Calling,Labeling",545,564,article766942310.task2-TC.labels
766942310,"Name_Calling,Labeling",569,577,article766942310.task2-TC.labels
766942310,"Name_Calling,Labeling",1823,1829,article766942310.task2-TC.labels
766942310,Flag-Waving,2081,2090,article766942310.task2-TC.labels
766942310,Loaded_Language,4373,4388,article766942310.task2-TC.labels
766942310,Loaded_Language,1797,1806,article766942310.task2-TC.labels
766942310,"Exaggeration,Minimisation",85,94,article766942310.task2-TC.labels
766942310,"Name_Calling,Labeling",345,363,article766942310.task2-TC.labels
766942310,"Name_Calling,Labeling",374,384,article766942310.task2-TC.labels
766942310,Loaded_Language,621,635,article766942310.task2-TC.labels
766942310,Loaded_Language,1234,1242,article766942310.task2-TC.labels
766942310,"Name_Calling,Labeling",1385,1393,article766942310.task2-TC.labels
766942310,"Name_Calling,Labeling",1410,1426,article766942310.task2-TC.labels
766942310,"Exaggeration,Minimisation",1581,1611,article766942310.task2-TC.labels
766942310,Loaded_Language,1439,1453,article766942310.task2-TC.labels
766942310,Loaded_Language,1724,1739,article766942310.task2-TC.labels
766942310,"Name_Calling,Labeling",1776,1785,article766942310.task2-TC.labels
766942310,Loaded_Language,1838,1849,article766942310.task2-TC.labels
766942310,Loaded_Language,1932,1939,article766942310.task2-TC.labels
766942310,Loaded_Language,2061,2068,article766942310.task2-TC.labels
766942310,Slogans,2081,2125,article766942310.task2-TC.labels
766942310,Doubt,2161,2165,article766942310.task2-TC.labels
766942310,"Exaggeration,Minimisation",2130,2159,article766942310.task2-TC.labels
766942310,Appeal_to_fear-prejudice,2881,2899,article766942310.task2-TC.labels
766942310,Loaded_Language,3330,3348,article766942310.task2-TC.labels
766942310,"Exaggeration,Minimisation",3845,3862,article766942310.task2-TC.labels
766942310,"Exaggeration,Minimisation",3864,3874,article766942310.task2-TC.labels
766942310,Loaded_Language,3888,3892,article766942310.task2-TC.labels
766942310,Loaded_Language,3960,3976,article766942310.task2-TC.labels
766942310,"Name_Calling,Labeling",4188,4205,article766942310.task2-TC.labels
766942310,"Name_Calling,Labeling",757,775,article766942310.task2-TC.labels
766942310,Loaded_Language,1712,1720,article766942310.task2-TC.labels
999001188,Thought-terminating_Cliches,1888,1901,article999001188.task2-TC.labels
999001188,Loaded_Language,30,63,article999001188.task2-TC.labels
999001188,Loaded_Language,90,123,article999001188.task2-TC.labels
999001188,"Name_Calling,Labeling",384,403,article999001188.task2-TC.labels
999001188,Slogans,735,779,article999001188.task2-TC.labels
999001188,"Exaggeration,Minimisation",1374,1408,article999001188.task2-TC.labels
999001188,Loaded_Language,1463,1474,article999001188.task2-TC.labels
999001188,Loaded_Language,388,403,article999001188.task2-TC.labels
707566605,"Name_Calling,Labeling",154,165,article707566605.task2-TC.labels
707566605,Appeal_to_Authority,21,77,article707566605.task2-TC.labels
707566605,Repetition,220,265,article707566605.task2-TC.labels
707566605,Repetition,505,541,article707566605.task2-TC.labels
707566605,Appeal_to_Authority,752,857,article707566605.task2-TC.labels
707566605,"Exaggeration,Minimisation",1222,1253,article707566605.task2-TC.labels
707566605,"Name_Calling,Labeling",1260,1271,article707566605.task2-TC.labels
707566605,Repetition,1385,1430,article707566605.task2-TC.labels
707566605,Repetition,1772,1820,article707566605.task2-TC.labels
707566605,Appeal_to_fear-prejudice,546,586,article707566605.task2-TC.labels
707566605,Appeal_to_fear-prejudice,1665,1718,article707566605.task2-TC.labels
707566605,Appeal_to_fear-prejudice,2652,2693,article707566605.task2-TC.labels
999000124,"Exaggeration,Minimisation",685,725,article999000124.task2-TC.labels
999000124,Appeal_to_Authority,1228,1280,article999000124.task2-TC.labels
111111131,Loaded_Language,84,97,article111111131.task2-TC.labels
111111131,Loaded_Language,102,109,article111111131.task2-TC.labels
111111131,Loaded_Language,180,190,article111111131.task2-TC.labels
111111131,Loaded_Language,207,214,article111111131.task2-TC.labels
111111131,Loaded_Language,326,336,article111111131.task2-TC.labels
111111131,Loaded_Language,352,365,article111111131.task2-TC.labels
111111131,"Name_Calling,Labeling",382,395,article111111131.task2-TC.labels
111111131,"Name_Calling,Labeling",398,413,article111111131.task2-TC.labels
111111131,Loaded_Language,723,731,article111111131.task2-TC.labels
111111131,"Exaggeration,Minimisation",804,811,article111111131.task2-TC.labels
111111131,"Name_Calling,Labeling",823,865,article111111131.task2-TC.labels
111111131,Black-and-White_Fallacy,1031,1068,article111111131.task2-TC.labels
111111131,Loaded_Language,1191,1201,article111111131.task2-TC.labels
111111131,"Name_Calling,Labeling",1977,1992,article111111131.task2-TC.labels
111111131,Loaded_Language,2660,2671,article111111131.task2-TC.labels
111111131,Loaded_Language,2728,2739,article111111131.task2-TC.labels
111111131,Loaded_Language,2897,2908,article111111131.task2-TC.labels
111111131,Loaded_Language,2912,2923,article111111131.task2-TC.labels
111111131,Slogans,2953,2997,article111111131.task2-TC.labels
111111131,Loaded_Language,3396,3416,article111111131.task2-TC.labels
111111131,Loaded_Language,3437,3445,article111111131.task2-TC.labels
111111131,Loaded_Language,3738,3748,article111111131.task2-TC.labels
111111131,Loaded_Language,4008,4014,article111111131.task2-TC.labels
111111131,Repetition,4030,4038,article111111131.task2-TC.labels
111111131,"Name_Calling,Labeling",4152,4169,article111111131.task2-TC.labels
111111131,Loaded_Language,4224,4230,article111111131.task2-TC.labels
111111131,Loaded_Language,4256,4264,article111111131.task2-TC.labels
111111131,Repetition,4339,4352,article111111131.task2-TC.labels
111111131,Repetition,4531,4546,article111111131.task2-TC.labels
111111131,Loaded_Language,4635,4643,article111111131.task2-TC.labels
111111131,Loaded_Language,4752,4768,article111111131.task2-TC.labels
111111131,Loaded_Language,4882,4899,article111111131.task2-TC.labels
111111131,Loaded_Language,5174,5186,article111111131.task2-TC.labels
111111131,"Exaggeration,Minimisation",5244,5262,article111111131.task2-TC.labels
111111131,Repetition,5281,5289,article111111131.task2-TC.labels
111111131,"Exaggeration,Minimisation",5369,5378,article111111131.task2-TC.labels
111111131,Flag-Waving,5904,5916,article111111131.task2-TC.labels
111111131,Repetition,5938,5950,article111111131.task2-TC.labels
111111131,"Name_Calling,Labeling",6920,6937,article111111131.task2-TC.labels
111111131,"Exaggeration,Minimisation",6957,6971,article111111131.task2-TC.labels
111111131,"Name_Calling,Labeling",7314,7324,article111111131.task2-TC.labels
111111131,Repetition,7700,7708,article111111131.task2-TC.labels
761874505,Causal_Oversimplification,2312,2388,article761874505.task2-TC.labels
761874505,"Whataboutism,Straw_Men,Red_Herring",1831,1872,article761874505.task2-TC.labels
761874505,"Whataboutism,Straw_Men,Red_Herring",1905,1976,article761874505.task2-TC.labels
761874505,"Exaggeration,Minimisation",2725,2782,article761874505.task2-TC.labels
761874505,Repetition,2858,2862,article761874505.task2-TC.labels
761874505,Loaded_Language,2921,2937,article761874505.task2-TC.labels
771655795,"Exaggeration,Minimisation",0,35,article771655795.task2-TC.labels
771655795,"Name_Calling,Labeling",71,115,article771655795.task2-TC.labels
771655795,Causal_Oversimplification,123,258,article771655795.task2-TC.labels
771655795,Causal_Oversimplification,260,382,article771655795.task2-TC.labels
771655795,"Exaggeration,Minimisation",453,498,article771655795.task2-TC.labels
771655795,"Name_Calling,Labeling",1045,1073,article771655795.task2-TC.labels
771655795,Appeal_to_fear-prejudice,1090,1206,article771655795.task2-TC.labels
771655795,Appeal_to_fear-prejudice,1564,1678,article771655795.task2-TC.labels
771655795,"Exaggeration,Minimisation",2164,2190,article771655795.task2-TC.labels
771655795,"Whataboutism,Straw_Men,Red_Herring",1780,1944,article771655795.task2-TC.labels
771655795,Thought-terminating_Cliches,3044,3073,article771655795.task2-TC.labels
771655795,"Exaggeration,Minimisation",3706,3807,article771655795.task2-TC.labels
771655795,Loaded_Language,230,258,article771655795.task2-TC.labels
771655795,"Name_Calling,Labeling",1689,1718,article771655795.task2-TC.labels
729561658,Repetition,754,778,article729561658.task2-TC.labels
729561658,Thought-terminating_Cliches,809,833,article729561658.task2-TC.labels
729561658,Repetition,1033,1052,article729561658.task2-TC.labels
729561658,Doubt,1494,1738,article729561658.task2-TC.labels
729561658,Repetition,1494,1537,article729561658.task2-TC.labels
729561658,Doubt,39,89,article729561658.task2-TC.labels
729561658,Doubt,251,312,article729561658.task2-TC.labels
729561658,Doubt,1007,1052,article729561658.task2-TC.labels
769962328,Flag-Waving,2213,2316,article769962328.task2-TC.labels
769962328,"Name_Calling,Labeling",3274,3311,article769962328.task2-TC.labels
769962328,"Name_Calling,Labeling",4074,4086,article769962328.task2-TC.labels
769962328,Doubt,1756,1825,article769962328.task2-TC.labels
769962328,"Name_Calling,Labeling",3749,3790,article769962328.task2-TC.labels
769962328,Loaded_Language,4203,4229,article769962328.task2-TC.labels
769962328,Black-and-White_Fallacy,334,599,article769962328.task2-TC.labels
769962328,"Name_Calling,Labeling",1336,1357,article769962328.task2-TC.labels
769962328,"Name_Calling,Labeling",1978,2012,article769962328.task2-TC.labels
769962328,Appeal_to_fear-prejudice,2086,2195,article769962328.task2-TC.labels
769962328,Slogans,2086,2104,article769962328.task2-TC.labels
769962328,Slogans,2338,2369,article769962328.task2-TC.labels
769962328,"Name_Calling,Labeling",2666,2695,article769962328.task2-TC.labels
769962328,Causal_Oversimplification,3160,3223,article769962328.task2-TC.labels
769962328,Loaded_Language,3110,3157,article769962328.task2-TC.labels
769962328,"Name_Calling,Labeling",3566,3594,article769962328.task2-TC.labels
769962328,Causal_Oversimplification,3663,3706,article769962328.task2-TC.labels
769962328,Loaded_Language,3877,3901,article769962328.task2-TC.labels
769962328,Causal_Oversimplification,3985,4063,article769962328.task2-TC.labels
769962328,Doubt,4088,4269,article769962328.task2-TC.labels
769962328,Doubt,3323,3431,article769962328.task2-TC.labels
769962328,"Name_Calling,Labeling",4301,4332,article769962328.task2-TC.labels
769962328,Flag-Waving,4290,4332,article769962328.task2-TC.labels
769962328,Loaded_Language,4559,4593,article769962328.task2-TC.labels
769962328,Doubt,4650,4767,article769962328.task2-TC.labels
769962328,Repetition,4811,4823,article769962328.task2-TC.labels
769962328,Doubt,4805,4932,article769962328.task2-TC.labels
769962328,Loaded_Language,5059,5103,article769962328.task2-TC.labels
769962328,Causal_Oversimplification,5150,5259,article769962328.task2-TC.labels
769962328,"Name_Calling,Labeling",5348,5370,article769962328.task2-TC.labels
769962328,"Name_Calling,Labeling",5401,5427,article769962328.task2-TC.labels
769962328,Loaded_Language,5463,5493,article769962328.task2-TC.labels
769962328,Loaded_Language,6050,6080,article769962328.task2-TC.labels
769962328,Loaded_Language,6086,6118,article769962328.task2-TC.labels
769962328,Loaded_Language,5946,5975,article769962328.task2-TC.labels
769962328,"Exaggeration,Minimisation",6343,6391,article769962328.task2-TC.labels
769962328,"Name_Calling,Labeling",6411,6428,article769962328.task2-TC.labels
769962328,Doubt,3596,3661,article769962328.task2-TC.labels
769962328,Causal_Oversimplification,5608,5821,article769962328.task2-TC.labels
769962328,Loaded_Language,6310,6391,article769962328.task2-TC.labels
727736557,Repetition,2840,2884,article727736557.task2-TC.labels
727736557,Thought-terminating_Cliches,4511,4544,article727736557.task2-TC.labels
727736557,"Name_Calling,Labeling",85,94,article727736557.task2-TC.labels
727736557,Loaded_Language,650,669,article727736557.task2-TC.labels
727736557,Loaded_Language,983,1001,article727736557.task2-TC.labels
727736557,Causal_Oversimplification,1203,1347,article727736557.task2-TC.labels
727736557,"Name_Calling,Labeling",2226,2239,article727736557.task2-TC.labels
727736557,"Name_Calling,Labeling",2351,2382,article727736557.task2-TC.labels
727736557,Loaded_Language,2429,2447,article727736557.task2-TC.labels
727736557,Thought-terminating_Cliches,4018,4068,article727736557.task2-TC.labels
727736557,"Exaggeration,Minimisation",4574,4602,article727736557.task2-TC.labels
727736557,"Name_Calling,Labeling",186,212,article727736557.task2-TC.labels
727736557,"Name_Calling,Labeling",305,328,article727736557.task2-TC.labels
727736557,Loaded_Language,1761,1770,article727736557.task2-TC.labels
727736557,"Name_Calling,Labeling",1819,1858,article727736557.task2-TC.labels
727736557,"Name_Calling,Labeling",4715,4742,article727736557.task2-TC.labels
727736557,Doubt,5074,5132,article727736557.task2-TC.labels
755459860,Loaded_Language,345,352,article755459860.task2-TC.labels
755459860,Repetition,365,372,article755459860.task2-TC.labels
755459860,Loaded_Language,652,661,article755459860.task2-TC.labels
755459860,Black-and-White_Fallacy,4451,4468,article755459860.task2-TC.labels
755459860,Loaded_Language,7056,7068,article755459860.task2-TC.labels
755459860,Appeal_to_Authority,7222,7241,article755459860.task2-TC.labels
755459860,"Name_Calling,Labeling",7384,7390,article755459860.task2-TC.labels
755459860,Flag-Waving,112,119,article755459860.task2-TC.labels
755459860,Appeal_to_fear-prejudice,81,110,article755459860.task2-TC.labels
755459860,Loaded_Language,772,786,article755459860.task2-TC.labels
755459860,Flag-Waving,6123,6139,article755459860.task2-TC.labels
755459860,Black-and-White_Fallacy,8032,8157,article755459860.task2-TC.labels
786250729,"Exaggeration,Minimisation",1895,1905,article786250729.task2-TC.labels
786250729,"Name_Calling,Labeling",2886,2916,article786250729.task2-TC.labels
786250729,"Name_Calling,Labeling",631,649,article786250729.task2-TC.labels
786250729,"Name_Calling,Labeling",44,60,article786250729.task2-TC.labels
786250729,Loaded_Language,1014,1050,article786250729.task2-TC.labels
786250729,"Exaggeration,Minimisation",1129,1152,article786250729.task2-TC.labels
786250729,Loaded_Language,1267,1308,article786250729.task2-TC.labels
786250729,Loaded_Language,1468,1507,article786250729.task2-TC.labels
786250729,Repetition,1473,1656,article786250729.task2-TC.labels
786250729,Repetition,1764,1770,article786250729.task2-TC.labels
786250729,"Name_Calling,Labeling",2934,2946,article786250729.task2-TC.labels
786250729,"Exaggeration,Minimisation",3166,3187,article786250729.task2-TC.labels
786250729,"Exaggeration,Minimisation",3208,3257,article786250729.task2-TC.labels
786250729,Causal_Oversimplification,121,237,article786250729.task2-TC.labels
762206044,"Name_Calling,Labeling",2378,2397,article762206044.task2-TC.labels
762206044,"Name_Calling,Labeling",2791,2808,article762206044.task2-TC.labels
762206044,Loaded_Language,4136,4157,article762206044.task2-TC.labels
762206044,"Name_Calling,Labeling",7183,7194,article762206044.task2-TC.labels
762206044,Loaded_Language,9251,9263,article762206044.task2-TC.labels
762206044,Loaded_Language,8127,8143,article762206044.task2-TC.labels
762206044,"Name_Calling,Labeling",35,48,article762206044.task2-TC.labels
762206044,"Exaggeration,Minimisation",62,105,article762206044.task2-TC.labels
762206044,"Exaggeration,Minimisation",246,287,article762206044.task2-TC.labels
762206044,"Name_Calling,Labeling",291,304,article762206044.task2-TC.labels
762206044,Loaded_Language,1864,1879,article762206044.task2-TC.labels
762206044,Loaded_Language,1947,1972,article762206044.task2-TC.labels
762206044,"Whataboutism,Straw_Men,Red_Herring",2107,2120,article762206044.task2-TC.labels
762206044,Loaded_Language,3175,3197,article762206044.task2-TC.labels
762206044,Loaded_Language,4046,4083,article762206044.task2-TC.labels
762206044,Loaded_Language,4330,4352,article762206044.task2-TC.labels
762206044,"Exaggeration,Minimisation",5051,5127,article762206044.task2-TC.labels
762206044,Loaded_Language,6682,6692,article762206044.task2-TC.labels
762206044,"Name_Calling,Labeling",7412,7426,article762206044.task2-TC.labels
762206044,Doubt,7945,8168,article762206044.task2-TC.labels
762206044,Loaded_Language,9136,9185,article762206044.task2-TC.labels
762206044,Loaded_Language,10685,10700,article762206044.task2-TC.labels
762206044,Loaded_Language,2378,2385,article762206044.task2-TC.labels
781577820,Doubt,470,494,article781577820.task2-TC.labels
781577820,Loaded_Language,554,561,article781577820.task2-TC.labels
781577820,Loaded_Language,731,741,article781577820.task2-TC.labels
781577820,Loaded_Language,14,25,article781577820.task2-TC.labels
781577820,"Exaggeration,Minimisation",1642,1679,article781577820.task2-TC.labels
781577820,Doubt,163,190,article781577820.task2-TC.labels
781577820,"Name_Calling,Labeling",215,246,article781577820.task2-TC.labels
781577820,Loaded_Language,274,302,article781577820.task2-TC.labels
781577820,Doubt,589,661,article781577820.task2-TC.labels
781577820,"Exaggeration,Minimisation",968,1028,article781577820.task2-TC.labels
781577820,"Exaggeration,Minimisation",1485,1608,article781577820.task2-TC.labels
781577820,Flag-Waving,1031,1218,article781577820.task2-TC.labels
781577820,Flag-Waving,1476,1608,article781577820.task2-TC.labels
771879020,"Exaggeration,Minimisation",1714,1740,article771879020.task2-TC.labels
771879020,Loaded_Language,6650,6680,article771879020.task2-TC.labels
771879020,"Name_Calling,Labeling",6710,6733,article771879020.task2-TC.labels
771879020,Doubt,7546,7582,article771879020.task2-TC.labels
771879020,Loaded_Language,5318,5336,article771879020.task2-TC.labels
771879020,Loaded_Language,249,266,article771879020.task2-TC.labels
771879020,Causal_Oversimplification,1647,1711,article771879020.task2-TC.labels
771879020,"Name_Calling,Labeling",1987,1999,article771879020.task2-TC.labels
771879020,"Exaggeration,Minimisation",2377,2445,article771879020.task2-TC.labels
771879020,Thought-terminating_Cliches,3195,3224,article771879020.task2-TC.labels
771879020,"Exaggeration,Minimisation",3857,3958,article771879020.task2-TC.labels
771879020,Appeal_to_Authority,6516,6608,article771879020.task2-TC.labels
771879020,Loaded_Language,6800,6820,article771879020.task2-TC.labels
771879020,Loaded_Language,7354,7361,article771879020.task2-TC.labels
771879020,"Exaggeration,Minimisation",7367,7413,article771879020.task2-TC.labels
771879020,"Exaggeration,Minimisation",7416,7497,article771879020.task2-TC.labels
771879020,Flag-Waving,8091,8213,article771879020.task2-TC.labels
771879020,"Exaggeration,Minimisation",8216,8269,article771879020.task2-TC.labels
771879020,"Name_Calling,Labeling",108,198,article771879020.task2-TC.labels
771879020,"Name_Calling,Labeling",4547,4614,article771879020.task2-TC.labels
727405181,Loaded_Language,193,210,article727405181.task2-TC.labels
727128296,Loaded_Language,2296,2312,article727128296.task2-TC.labels
787955075,Flag-Waving,2145,2414,article787955075.task2-TC.labels
787955075,"Exaggeration,Minimisation",2097,2131,article787955075.task2-TC.labels
787955075,Loaded_Language,2557,2582,article787955075.task2-TC.labels
787955075,"Name_Calling,Labeling",108,116,article787955075.task2-TC.labels
787955075,"Name_Calling,Labeling",281,302,article787955075.task2-TC.labels
787955075,Loaded_Language,2225,2268,article787955075.task2-TC.labels
787955075,Doubt,2269,2414,article787955075.task2-TC.labels
699291100,Loaded_Language,640,646,article699291100.task2-TC.labels
699291100,Repetition,15,25,article699291100.task2-TC.labels
699291100,Repetition,3420,3430,article699291100.task2-TC.labels
699291100,Repetition,3829,3839,article699291100.task2-TC.labels
699291100,Repetition,4424,4434,article699291100.task2-TC.labels
699291100,Repetition,4836,4846,article699291100.task2-TC.labels
699291100,Repetition,4985,4992,article699291100.task2-TC.labels
699291100,Loaded_Language,200,218,article699291100.task2-TC.labels
699291100,Loaded_Language,4816,4830,article699291100.task2-TC.labels
788173482,"Exaggeration,Minimisation",1025,1088,article788173482.task2-TC.labels
788173482,"Name_Calling,Labeling",2140,2188,article788173482.task2-TC.labels
788173482,"Name_Calling,Labeling",5113,5130,article788173482.task2-TC.labels
788173482,Loaded_Language,5731,5754,article788173482.task2-TC.labels
788173482,Loaded_Language,7619,7636,article788173482.task2-TC.labels
788173482,"Exaggeration,Minimisation",1780,1794,article788173482.task2-TC.labels
788173482,"Name_Calling,Labeling",3326,3349,article788173482.task2-TC.labels
788173482,Doubt,5333,5484,article788173482.task2-TC.labels
788173482,"Name_Calling,Labeling",9,32,article788173482.task2-TC.labels
788173482,"Name_Calling,Labeling",500,510,article788173482.task2-TC.labels
788173482,Loaded_Language,534,586,article788173482.task2-TC.labels
788173482,"Exaggeration,Minimisation",780,818,article788173482.task2-TC.labels
788173482,"Exaggeration,Minimisation",1177,1197,article788173482.task2-TC.labels
788173482,Loaded_Language,1269,1295,article788173482.task2-TC.labels
788173482,"Name_Calling,Labeling",1371,1403,article788173482.task2-TC.labels
788173482,"Name_Calling,Labeling",1507,1533,article788173482.task2-TC.labels
788173482,Loaded_Language,1605,1702,article788173482.task2-TC.labels
788173482,"Name_Calling,Labeling",1827,1842,article788173482.task2-TC.labels
788173482,Loaded_Language,2048,2078,article788173482.task2-TC.labels
788173482,"Name_Calling,Labeling",2228,2280,article788173482.task2-TC.labels
788173482,Loaded_Language,2356,2376,article788173482.task2-TC.labels
788173482,Loaded_Language,2498,2523,article788173482.task2-TC.labels
788173482,"Whataboutism,Straw_Men,Red_Herring",2944,3003,article788173482.task2-TC.labels
788173482,Loaded_Language,3160,3177,article788173482.task2-TC.labels
788173482,Loaded_Language,3402,3435,article788173482.task2-TC.labels
788173482,Loaded_Language,2308,2345,article788173482.task2-TC.labels
788173482,Loaded_Language,4460,4480,article788173482.task2-TC.labels
788173482,Loaded_Language,4610,4684,article788173482.task2-TC.labels
788173482,Loaded_Language,4846,4900,article788173482.task2-TC.labels
788173482,Loaded_Language,4926,4960,article788173482.task2-TC.labels
788173482,Loaded_Language,7906,7917,article788173482.task2-TC.labels
788173482,Loaded_Language,7846,7852,article788173482.task2-TC.labels
788173482,"Name_Calling,Labeling",7970,8005,article788173482.task2-TC.labels
788173482,Flag-Waving,598,655,article788173482.task2-TC.labels
788173482,"Exaggeration,Minimisation",1378,1403,article788173482.task2-TC.labels
788173482,"Name_Calling,Labeling",1639,1656,article788173482.task2-TC.labels
695833178,Doubt,1992,2104,article695833178.task2-TC.labels
695833178,Doubt,364,405,article695833178.task2-TC.labels
695833178,Appeal_to_Authority,546,624,article695833178.task2-TC.labels
695833178,Doubt,2420,2438,article695833178.task2-TC.labels
695833178,Flag-Waving,597,624,article695833178.task2-TC.labels
695833178,Doubt,76,102,article695833178.task2-TC.labels
695833178,Repetition,1040,1093,article695833178.task2-TC.labels
695833178,Flag-Waving,1074,1093,article695833178.task2-TC.labels
695833178,Appeal_to_Authority,837,954,article695833178.task2-TC.labels
695833178,"Name_Calling,Labeling",2420,2438,article695833178.task2-TC.labels
695833178,Doubt,2510,2570,article695833178.task2-TC.labels
761334950,Loaded_Language,726,736,article761334950.task2-TC.labels
761334950,Loaded_Language,1154,1164,article761334950.task2-TC.labels
761334950,"Exaggeration,Minimisation",2207,2221,article761334950.task2-TC.labels
761334950,"Exaggeration,Minimisation",2343,2353,article761334950.task2-TC.labels
761334950,Loaded_Language,2899,2916,article761334950.task2-TC.labels
761334950,Loaded_Language,5837,5872,article761334950.task2-TC.labels
761334950,Loaded_Language,14078,14088,article761334950.task2-TC.labels
761334950,Loaded_Language,14144,14156,article761334950.task2-TC.labels
761334950,Loaded_Language,15508,15534,article761334950.task2-TC.labels
761334950,Doubt,16086,16116,article761334950.task2-TC.labels
761334950,Loaded_Language,1306,1325,article761334950.task2-TC.labels
761334950,Loaded_Language,16086,16116,article761334950.task2-TC.labels
761334950,Repetition,16377,16385,article761334950.task2-TC.labels
761334950,Loaded_Language,17133,17143,article761334950.task2-TC.labels
761334950,Loaded_Language,21111,21119,article761334950.task2-TC.labels
787529309,Loaded_Language,70,87,article787529309.task2-TC.labels
787529309,Loaded_Language,288,319,article787529309.task2-TC.labels
787529309,Loaded_Language,924,960,article787529309.task2-TC.labels
787529309,Loaded_Language,2405,2430,article787529309.task2-TC.labels
787529309,Loaded_Language,2694,2708,article787529309.task2-TC.labels
787529309,Loaded_Language,3158,3173,article787529309.task2-TC.labels
787529309,"Name_Calling,Labeling",8209,8231,article787529309.task2-TC.labels
787529309,"Name_Calling,Labeling",8337,8365,article787529309.task2-TC.labels
787529309,Loaded_Language,8567,8585,article787529309.task2-TC.labels
787529309,Loaded_Language,8686,8710,article787529309.task2-TC.labels
787529309,Causal_Oversimplification,9303,9384,article787529309.task2-TC.labels
787529309,Loaded_Language,9661,9697,article787529309.task2-TC.labels
787529309,Slogans,16,39,article787529309.task2-TC.labels
787529309,Loaded_Language,5159,5195,article787529309.task2-TC.labels
787529309,Slogans,323,346,article787529309.task2-TC.labels
787529309,"Name_Calling,Labeling",2338,2356,article787529309.task2-TC.labels
787529309,"Name_Calling,Labeling",5394,5414,article787529309.task2-TC.labels
787529309,Doubt,6056,6347,article787529309.task2-TC.labels
787529309,Appeal_to_Authority,6678,6784,article787529309.task2-TC.labels
787529309,Loaded_Language,7626,7677,article787529309.task2-TC.labels
787529309,Slogans,7814,7853,article787529309.task2-TC.labels
787529309,Causal_Oversimplification,8200,8310,article787529309.task2-TC.labels
787529309,Loaded_Language,2871,2876,article787529309.task2-TC.labels
787529309,Doubt,9173,9282,article787529309.task2-TC.labels
766632016,Doubt,114,247,article766632016.task2-TC.labels
766632016,Doubt,3742,3775,article766632016.task2-TC.labels
766632016,Doubt,3858,4015,article766632016.task2-TC.labels
766632016,Appeal_to_fear-prejudice,488,515,article766632016.task2-TC.labels
766632016,Appeal_to_fear-prejudice,4525,4596,article766632016.task2-TC.labels
766632016,"Exaggeration,Minimisation",3594,3609,article766632016.task2-TC.labels
766632016,"Exaggeration,Minimisation",5319,5340,article766632016.task2-TC.labels
766632016,Repetition,3475,3482,article766632016.task2-TC.labels
766632016,Repetition,3695,3702,article766632016.task2-TC.labels
766632016,Repetition,3655,3670,article766632016.task2-TC.labels
766632016,Repetition,4062,4076,article766632016.task2-TC.labels
766632016,Repetition,3796,3808,article766632016.task2-TC.labels
766632016,Repetition,2663,2674,article766632016.task2-TC.labels
766632016,Repetition,4196,4208,article766632016.task2-TC.labels
766632016,Repetition,4238,4248,article766632016.task2-TC.labels
766632016,Repetition,4253,4264,article766632016.task2-TC.labels
766632016,Repetition,4332,4343,article766632016.task2-TC.labels
766632016,Repetition,4431,4441,article766632016.task2-TC.labels
766632016,Repetition,4546,4558,article766632016.task2-TC.labels
766632016,Repetition,4641,4653,article766632016.task2-TC.labels
766632016,Repetition,4718,4729,article766632016.task2-TC.labels
766632016,Repetition,4777,4788,article766632016.task2-TC.labels
766632016,Repetition,4859,4871,article766632016.task2-TC.labels
766632016,Repetition,4894,4905,article766632016.task2-TC.labels
766632016,Repetition,5133,5144,article766632016.task2-TC.labels
766632016,Repetition,5569,5583,article766632016.task2-TC.labels
766632016,Repetition,5863,5872,article766632016.task2-TC.labels
766632016,"Whataboutism,Straw_Men,Red_Herring",3858,3903,article766632016.task2-TC.labels
766632016,Loaded_Language,4972,4983,article766632016.task2-TC.labels
766632016,Loaded_Language,1925,1969,article766632016.task2-TC.labels
766632016,Loaded_Language,455,470,article766632016.task2-TC.labels
766632016,Loaded_Language,486,507,article766632016.task2-TC.labels
766632016,Loaded_Language,2640,2674,article766632016.task2-TC.labels
766632016,Loaded_Language,3586,3670,article766632016.task2-TC.labels
766632016,Loaded_Language,4626,4653,article766632016.task2-TC.labels
766632016,Loaded_Language,3796,3808,article766632016.task2-TC.labels
766632016,Loaded_Language,564,590,article766632016.task2-TC.labels
766632016,Loaded_Language,1679,1711,article766632016.task2-TC.labels
766632016,Loaded_Language,2584,2601,article766632016.task2-TC.labels
766632016,Loaded_Language,3535,3553,article766632016.task2-TC.labels
766632016,Loaded_Language,4332,4343,article766632016.task2-TC.labels
766632016,Loaded_Language,4431,4441,article766632016.task2-TC.labels
766632016,Loaded_Language,4525,4558,article766632016.task2-TC.labels
766632016,Loaded_Language,4718,4729,article766632016.task2-TC.labels
766632016,Loaded_Language,4777,4788,article766632016.task2-TC.labels
766632016,Loaded_Language,5109,5144,article766632016.task2-TC.labels
766632016,Loaded_Language,5425,5456,article766632016.task2-TC.labels
766632016,Appeal_to_Authority,2060,2180,article766632016.task2-TC.labels
766632016,Appeal_to_Authority,249,366,article766632016.task2-TC.labels
766632016,Appeal_to_Authority,1294,1402,article766632016.task2-TC.labels
766632016,"Whataboutism,Straw_Men,Red_Herring",4756,4842,article766632016.task2-TC.labels
766632016,"Whataboutism,Straw_Men,Red_Herring",4091,4184,article766632016.task2-TC.labels
766632016,"Whataboutism,Straw_Men,Red_Herring",4462,4596,article766632016.task2-TC.labels
766632016,"Whataboutism,Straw_Men,Red_Herring",4655,4754,article766632016.task2-TC.labels
766632016,"Whataboutism,Straw_Men,Red_Herring",5602,5736,article766632016.task2-TC.labels
766632016,Causal_Oversimplification,5743,5861,article766632016.task2-TC.labels
732708002,"Name_Calling,Labeling",3040,3055,article732708002.task2-TC.labels
732708002,Repetition,3646,3662,article732708002.task2-TC.labels
732708002,Loaded_Language,3716,3750,article732708002.task2-TC.labels
732708002,"Name_Calling,Labeling",4228,4263,article732708002.task2-TC.labels
732708002,Loaded_Language,5483,5517,article732708002.task2-TC.labels
732708002,Loaded_Language,4228,4263,article732708002.task2-TC.labels
732708002,"Name_Calling,Labeling",5204,5211,article732708002.task2-TC.labels
732708002,Doubt,5519,5604,article732708002.task2-TC.labels
727493378,Doubt,563,822,article727493378.task2-TC.labels
727493378,Thought-terminating_Cliches,1272,1285,article727493378.task2-TC.labels
727493378,Loaded_Language,493,502,article727493378.task2-TC.labels
727493378,Doubt,1769,1866,article727493378.task2-TC.labels
727493378,Loaded_Language,1943,1995,article727493378.task2-TC.labels
727493378,Doubt,1997,2265,article727493378.task2-TC.labels
727493378,Doubt,3072,3149,article727493378.task2-TC.labels
999000870,Repetition,3812,3831,article999000870.task2-TC.labels
774007496,Repetition,3008,3022,article774007496.task2-TC.labels
774007496,Slogans,493,528,article774007496.task2-TC.labels
774007496,Repetition,1756,1770,article774007496.task2-TC.labels
774007496,Repetition,2500,2512,article774007496.task2-TC.labels
774007496,Repetition,2602,2614,article774007496.task2-TC.labels
774007496,Repetition,478,491,article774007496.task2-TC.labels
774007496,Loaded_Language,1498,1517,article774007496.task2-TC.labels
774007496,"Name_Calling,Labeling",1857,1870,article774007496.task2-TC.labels
774007496,Loaded_Language,1895,1918,article774007496.task2-TC.labels
774007496,Loaded_Language,2161,2169,article774007496.task2-TC.labels
774007496,Repetition,2242,2254,article774007496.task2-TC.labels
774007496,Loaded_Language,1017,1031,article774007496.task2-TC.labels
774007496,"Name_Calling,Labeling",1538,1543,article774007496.task2-TC.labels
774007496,Thought-terminating_Cliches,1640,1667,article774007496.task2-TC.labels
774007496,Loaded_Language,3289,3293,article774007496.task2-TC.labels
774007496,Loaded_Language,3330,3336,article774007496.task2-TC.labels
774007496,Doubt,3295,3336,article774007496.task2-TC.labels
774007496,Repetition,2062,2076,article774007496.task2-TC.labels
774007496,Repetition,2385,2399,article774007496.task2-TC.labels
774007496,Repetition,2833,2847,article774007496.task2-TC.labels
770877978,"Name_Calling,Labeling",1000,1018,article770877978.task2-TC.labels
770877978,"Name_Calling,Labeling",1020,1067,article770877978.task2-TC.labels
770877978,Slogans,3117,3146,article770877978.task2-TC.labels
770877978,Black-and-White_Fallacy,3244,3292,article770877978.task2-TC.labels
770877978,Flag-Waving,3133,3146,article770877978.task2-TC.labels
762160164,Loaded_Language,522,532,article762160164.task2-TC.labels
762160164,Doubt,595,618,article762160164.task2-TC.labels
762160164,"Exaggeration,Minimisation",2414,2435,article762160164.task2-TC.labels
762160164,"Exaggeration,Minimisation",2470,2493,article762160164.task2-TC.labels
762160164,Loaded_Language,2572,2581,article762160164.task2-TC.labels
762160164,Repetition,3115,3122,article762160164.task2-TC.labels
762160164,Repetition,3164,3171,article762160164.task2-TC.labels
762160164,"Exaggeration,Minimisation",3185,3194,article762160164.task2-TC.labels
762160164,"Name_Calling,Labeling",1540,1543,article762160164.task2-TC.labels
762160164,Loaded_Language,2520,2529,article762160164.task2-TC.labels
757171650,Repetition,976,994,article757171650.task2-TC.labels
757171650,Loaded_Language,62,71,article757171650.task2-TC.labels
757171650,Repetition,176,194,article757171650.task2-TC.labels
757171650,Repetition,788,806,article757171650.task2-TC.labels
757171650,Appeal_to_fear-prejudice,50,80,article757171650.task2-TC.labels
757171650,Appeal_to_fear-prejudice,955,1003,article757171650.task2-TC.labels
697444415,Loaded_Language,512,539,article697444415.task2-TC.labels
697444415,"Whataboutism,Straw_Men,Red_Herring",1471,1596,article697444415.task2-TC.labels
697444415,Loaded_Language,2817,2831,article697444415.task2-TC.labels
697444415,Doubt,2959,3022,article697444415.task2-TC.labels
697444415,Doubt,2815,2860,article697444415.task2-TC.labels
731513824,Appeal_to_Authority,1616,1905,article731513824.task2-TC.labels
731513824,Appeal_to_Authority,2022,2251,article731513824.task2-TC.labels
731513824,Loaded_Language,2537,2564,article731513824.task2-TC.labels
761610997,Loaded_Language,513,521,article761610997.task2-TC.labels
761610997,Loaded_Language,1157,1161,article761610997.task2-TC.labels
761610997,Slogans,1977,1992,article761610997.task2-TC.labels
761610997,"Exaggeration,Minimisation",1886,1891,article761610997.task2-TC.labels
761610997,Black-and-White_Fallacy,190,244,article761610997.task2-TC.labels
761610997,"Name_Calling,Labeling",1225,1233,article761610997.task2-TC.labels
761610997,Black-and-White_Fallacy,1222,1325,article761610997.task2-TC.labels
761610997,"Exaggeration,Minimisation",1843,1856,article761610997.task2-TC.labels
761610997,"Name_Calling,Labeling",2045,2049,article761610997.task2-TC.labels
761610997,"Name_Calling,Labeling",2202,2209,article761610997.task2-TC.labels
761610997,Flag-Waving,2381,2413,article761610997.task2-TC.labels
761610997,Causal_Oversimplification,2604,2827,article761610997.task2-TC.labels
761610997,Causal_Oversimplification,3663,3719,article761610997.task2-TC.labels
761610997,"Exaggeration,Minimisation",4112,4184,article761610997.task2-TC.labels
761610997,Black-and-White_Fallacy,5045,5071,article761610997.task2-TC.labels
761610997,Loaded_Language,617,634,article761610997.task2-TC.labels
761610997,Slogans,640,664,article761610997.task2-TC.labels
761610997,Loaded_Language,4604,4614,article761610997.task2-TC.labels
999000565,Loaded_Language,297,307,article999000565.task2-TC.labels
999000565,Appeal_to_fear-prejudice,636,719,article999000565.task2-TC.labels
999000565,Appeal_to_fear-prejudice,483,566,article999000565.task2-TC.labels
698780559,Doubt,733,764,article698780559.task2-TC.labels
698780559,Doubt,458,625,article698780559.task2-TC.labels
698780559,Doubt,337,372,article698780559.task2-TC.labels
698780559,Repetition,60,95,article698780559.task2-TC.labels
698780559,Loaded_Language,541,571,article698780559.task2-TC.labels
698780559,Repetition,1908,1931,article698780559.task2-TC.labels
698780559,Doubt,2364,2399,article698780559.task2-TC.labels
785801366,Loaded_Language,1622,1644,article785801366.task2-TC.labels
785801366,"Name_Calling,Labeling",2830,2853,article785801366.task2-TC.labels
785801366,Loaded_Language,4245,4269,article785801366.task2-TC.labels
785801366,Loaded_Language,4563,4568,article785801366.task2-TC.labels
785801366,Loaded_Language,7108,7131,article785801366.task2-TC.labels
785801366,Loaded_Language,8174,8192,article785801366.task2-TC.labels
785801366,Loaded_Language,8212,8241,article785801366.task2-TC.labels
785801366,Loaded_Language,8977,9022,article785801366.task2-TC.labels
785801366,Loaded_Language,4589,4606,article785801366.task2-TC.labels
785801366,"Exaggeration,Minimisation",178,205,article785801366.task2-TC.labels
785801366,"Name_Calling,Labeling",234,245,article785801366.task2-TC.labels
785801366,Loaded_Language,502,525,article785801366.task2-TC.labels
785801366,"Name_Calling,Labeling",543,559,article785801366.task2-TC.labels
785801366,"Name_Calling,Labeling",756,791,article785801366.task2-TC.labels
785801366,Loaded_Language,830,869,article785801366.task2-TC.labels
785801366,"Name_Calling,Labeling",1532,1545,article785801366.task2-TC.labels
785801366,Flag-Waving,1693,1868,article785801366.task2-TC.labels
785801366,"Name_Calling,Labeling",1973,1982,article785801366.task2-TC.labels
785801366,"Name_Calling,Labeling",2078,2107,article785801366.task2-TC.labels
785801366,Repetition,2158,2167,article785801366.task2-TC.labels
785801366,Doubt,1919,2050,article785801366.task2-TC.labels
785801366,"Name_Calling,Labeling",2158,2185,article785801366.task2-TC.labels
785801366,Loaded_Language,2267,2291,article785801366.task2-TC.labels
785801366,"Exaggeration,Minimisation",2441,2468,article785801366.task2-TC.labels
785801366,Loaded_Language,2540,2563,article785801366.task2-TC.labels
785801366,"Name_Calling,Labeling",2595,2605,article785801366.task2-TC.labels
785801366,"Whataboutism,Straw_Men,Red_Herring",2609,2661,article785801366.task2-TC.labels
785801366,Repetition,2757,2775,article785801366.task2-TC.labels
785801366,Causal_Oversimplification,2855,2941,article785801366.task2-TC.labels
785801366,Loaded_Language,2978,3024,article785801366.task2-TC.labels
785801366,Loaded_Language,3332,3371,article785801366.task2-TC.labels
785801366,Appeal_to_Authority,3435,3609,article785801366.task2-TC.labels
785801366,"Name_Calling,Labeling",3636,3662,article785801366.task2-TC.labels
785801366,"Name_Calling,Labeling",3738,3760,article785801366.task2-TC.labels
785801366,Loaded_Language,3716,3725,article785801366.task2-TC.labels
785801366,"Name_Calling,Labeling",3828,3837,article785801366.task2-TC.labels
785801366,Appeal_to_Authority,3939,4427,article785801366.task2-TC.labels
785801366,Loaded_Language,4391,4409,article785801366.task2-TC.labels
785801366,Appeal_to_Authority,4570,4710,article785801366.task2-TC.labels
785801366,"Name_Calling,Labeling",4966,4999,article785801366.task2-TC.labels
785801366,"Name_Calling,Labeling",5275,5286,article785801366.task2-TC.labels
785801366,Repetition,5645,5658,article785801366.task2-TC.labels
785801366,"Name_Calling,Labeling",5765,5772,article785801366.task2-TC.labels
785801366,Repetition,5990,6001,article785801366.task2-TC.labels
785801366,"Name_Calling,Labeling",6434,6461,article785801366.task2-TC.labels
785801366,Loaded_Language,6549,6588,article785801366.task2-TC.labels
785801366,"Name_Calling,Labeling",6717,6726,article785801366.task2-TC.labels
785801366,Appeal_to_Authority,6629,6655,article785801366.task2-TC.labels
785801366,"Name_Calling,Labeling",7162,7179,article785801366.task2-TC.labels
785801366,Flag-Waving,7501,7576,article785801366.task2-TC.labels
785801366,"Name_Calling,Labeling",7600,7632,article785801366.task2-TC.labels
785801366,"Name_Calling,Labeling",7722,7773,article785801366.task2-TC.labels
785801366,"Name_Calling,Labeling",7812,7832,article785801366.task2-TC.labels
785801366,Black-and-White_Fallacy,7892,7927,article785801366.task2-TC.labels
785801366,"Exaggeration,Minimisation",8385,8432,article785801366.task2-TC.labels
785801366,Loaded_Language,8736,8753,article785801366.task2-TC.labels
785801366,Loaded_Language,8780,8788,article785801366.task2-TC.labels
785801366,"Name_Calling,Labeling",8823,8862,article785801366.task2-TC.labels
785801366,Loaded_Language,8892,8912,article785801366.task2-TC.labels
785801366,"Name_Calling,Labeling",8926,8950,article785801366.task2-TC.labels
785801366,Loaded_Language,9054,9078,article785801366.task2-TC.labels
785801366,"Name_Calling,Labeling",9082,9102,article785801366.task2-TC.labels
785801366,"Name_Calling,Labeling",9122,9129,article785801366.task2-TC.labels
785801366,Loaded_Language,182,205,article785801366.task2-TC.labels
785801366,Appeal_to_fear-prejudice,1683,1868,article785801366.task2-TC.labels
785801366,Slogans,2198,2226,article785801366.task2-TC.labels
785801366,Slogans,2230,2258,article785801366.task2-TC.labels
785801366,Flag-Waving,2470,2703,article785801366.task2-TC.labels
785801366,Slogans,2948,2976,article785801366.task2-TC.labels
785801366,Slogans,3686,3714,article785801366.task2-TC.labels
111111114,Appeal_to_fear-prejudice,1705,1824,article111111114.task2-TC.labels
757843275,"Whataboutism,Straw_Men,Red_Herring",3263,3286,article757843275.task2-TC.labels
757843275,Black-and-White_Fallacy,640,653,article757843275.task2-TC.labels
757843275,Loaded_Language,1240,1250,article757843275.task2-TC.labels
757843275,Appeal_to_fear-prejudice,147,208,article757843275.task2-TC.labels
757843275,Appeal_to_fear-prejudice,1049,1081,article757843275.task2-TC.labels
757843275,Appeal_to_fear-prejudice,2032,2087,article757843275.task2-TC.labels
757843275,Appeal_to_fear-prejudice,2666,2675,article757843275.task2-TC.labels
757843275,Appeal_to_fear-prejudice,2708,2767,article757843275.task2-TC.labels
729651527,Loaded_Language,1668,1688,article729651527.task2-TC.labels
729651527,Doubt,1658,1763,article729651527.task2-TC.labels
729651527,Slogans,2760,2775,article729651527.task2-TC.labels
729651527,"Exaggeration,Minimisation",3131,3159,article729651527.task2-TC.labels
729651527,Appeal_to_fear-prejudice,3704,3867,article729651527.task2-TC.labels
729651527,"Whataboutism,Straw_Men,Red_Herring",3870,3977,article729651527.task2-TC.labels
754179642,Appeal_to_fear-prejudice,214,263,article754179642.task2-TC.labels
754179642,Appeal_to_fear-prejudice,1928,1966,article754179642.task2-TC.labels
762340819,Loaded_Language,8,15,article762340819.task2-TC.labels
762340819,"Exaggeration,Minimisation",17,27,article762340819.task2-TC.labels
762340819,"Exaggeration,Minimisation",1604,1613,article762340819.task2-TC.labels
762340819,"Name_Calling,Labeling",1861,1893,article762340819.task2-TC.labels
762340819,"Name_Calling,Labeling",2258,2287,article762340819.task2-TC.labels
762340819,Repetition,1184,1191,article762340819.task2-TC.labels
762340819,Repetition,1454,1461,article762340819.task2-TC.labels
762340819,Repetition,2515,2522,article762340819.task2-TC.labels
762340819,Repetition,3164,3171,article762340819.task2-TC.labels
762340819,Repetition,3532,3539,article762340819.task2-TC.labels
762340819,Repetition,3625,3632,article762340819.task2-TC.labels
762340819,Repetition,3657,3664,article762340819.task2-TC.labels
762340819,"Exaggeration,Minimisation",1536,1567,article762340819.task2-TC.labels
762340819,"Exaggeration,Minimisation",2377,2389,article762340819.task2-TC.labels
762340819,Slogans,3284,3302,article762340819.task2-TC.labels
762340819,Loaded_Language,3892,3901,article762340819.task2-TC.labels
762340819,Loaded_Language,3934,3944,article762340819.task2-TC.labels
762340819,"Exaggeration,Minimisation",336,346,article762340819.task2-TC.labels
762340819,"Name_Calling,Labeling",1763,1782,article762340819.task2-TC.labels
762340819,Loaded_Language,3568,3579,article762340819.task2-TC.labels
762340819,Loaded_Language,3581,3588,article762340819.task2-TC.labels
762340819,Loaded_Language,3590,3599,article762340819.task2-TC.labels
762340819,Appeal_to_fear-prejudice,3875,3901,article762340819.task2-TC.labels
762340819,Flag-Waving,3902,3914,article762340819.task2-TC.labels
762340819,Loaded_Language,4639,4650,article762340819.task2-TC.labels
773520636,Slogans,2131,2153,article773520636.task2-TC.labels
773520636,Slogans,2194,2234,article773520636.task2-TC.labels
773520636,Appeal_to_fear-prejudice,3850,3981,article773520636.task2-TC.labels
773520636,Doubt,6376,6475,article773520636.task2-TC.labels
773520636,Doubt,6523,6654,article773520636.task2-TC.labels
773520636,Loaded_Language,152,169,article773520636.task2-TC.labels
773520636,"Name_Calling,Labeling",302,342,article773520636.task2-TC.labels
773520636,Loaded_Language,46,63,article773520636.task2-TC.labels
773520636,Doubt,617,726,article773520636.task2-TC.labels
773520636,Doubt,847,1053,article773520636.task2-TC.labels
773520636,"Name_Calling,Labeling",1777,1799,article773520636.task2-TC.labels
773520636,Repetition,1954,1965,article773520636.task2-TC.labels
773520636,Slogans,2032,2073,article773520636.task2-TC.labels
773520636,Appeal_to_Authority,2382,2453,article773520636.task2-TC.labels
773520636,"Name_Calling,Labeling",2833,2855,article773520636.task2-TC.labels
773520636,"Name_Calling,Labeling",3016,3032,article773520636.task2-TC.labels
773520636,Doubt,3176,3248,article773520636.task2-TC.labels
773520636,Slogans,3446,3498,article773520636.task2-TC.labels
773520636,"Name_Calling,Labeling",4291,4364,article773520636.task2-TC.labels
773520636,Loaded_Language,5036,5050,article773520636.task2-TC.labels
773520636,Loaded_Language,5166,5179,article773520636.task2-TC.labels
773520636,Loaded_Language,5528,5556,article773520636.task2-TC.labels
773520636,Repetition,5764,5777,article773520636.task2-TC.labels
773520636,Black-and-White_Fallacy,6047,6125,article773520636.task2-TC.labels
773520636,"Name_Calling,Labeling",6248,6273,article773520636.task2-TC.labels
773520636,"Name_Calling,Labeling",6311,6322,article773520636.task2-TC.labels
773520636,Loaded_Language,6507,6521,article773520636.task2-TC.labels
773520636,Loaded_Language,6692,6706,article773520636.task2-TC.labels
773520636,"Name_Calling,Labeling",6411,6475,article773520636.task2-TC.labels
773520636,"Name_Calling,Labeling",6551,6654,article773520636.task2-TC.labels
773520636,"Name_Calling,Labeling",6718,6778,article773520636.task2-TC.labels
773520636,Repetition,6718,6723,article773520636.task2-TC.labels
773520636,"Name_Calling,Labeling",6843,6890,article773520636.task2-TC.labels
773520636,"Name_Calling,Labeling",6904,6913,article773520636.task2-TC.labels
773520636,"Name_Calling,Labeling",7104,7123,article773520636.task2-TC.labels
773520636,Loaded_Language,7293,7303,article773520636.task2-TC.labels
773520636,Loaded_Language,7361,7378,article773520636.task2-TC.labels
773520636,"Name_Calling,Labeling",7438,7471,article773520636.task2-TC.labels
773520636,"Name_Calling,Labeling",7570,7610,article773520636.task2-TC.labels
773520636,Loaded_Language,7762,7776,article773520636.task2-TC.labels
773520636,"Name_Calling,Labeling",7922,7945,article773520636.task2-TC.labels
773520636,"Name_Calling,Labeling",8004,8028,article773520636.task2-TC.labels
773520636,Loaded_Language,8340,8378,article773520636.task2-TC.labels
773520636,Loaded_Language,8428,8467,article773520636.task2-TC.labels
773520636,Doubt,8381,8516,article773520636.task2-TC.labels
773520636,"Name_Calling,Labeling",8563,8583,article773520636.task2-TC.labels
773520636,"Name_Calling,Labeling",8796,8823,article773520636.task2-TC.labels
773520636,Appeal_to_fear-prejudice,9049,9076,article773520636.task2-TC.labels
773520636,"Name_Calling,Labeling",8991,9012,article773520636.task2-TC.labels
773520636,"Name_Calling,Labeling",9526,9548,article773520636.task2-TC.labels
773520636,"Name_Calling,Labeling",9499,9509,article773520636.task2-TC.labels
773520636,"Name_Calling,Labeling",9707,9715,article773520636.task2-TC.labels
773520636,Repetition,9774,9803,article773520636.task2-TC.labels
773520636,Loaded_Language,10767,10778,article773520636.task2-TC.labels
773520636,Repetition,11198,11208,article773520636.task2-TC.labels
773520636,"Name_Calling,Labeling",11459,11475,article773520636.task2-TC.labels
773520636,Appeal_to_fear-prejudice,11044,11152,article773520636.task2-TC.labels
773520636,"Name_Calling,Labeling",12645,12685,article773520636.task2-TC.labels
773520636,Repetition,12649,12656,article773520636.task2-TC.labels
773520636,Loaded_Language,12833,12849,article773520636.task2-TC.labels
773520636,Loaded_Language,13214,13228,article773520636.task2-TC.labels
773520636,"Name_Calling,Labeling",13230,13251,article773520636.task2-TC.labels
773520636,"Name_Calling,Labeling",13263,13281,article773520636.task2-TC.labels
773520636,"Name_Calling,Labeling",14096,14112,article773520636.task2-TC.labels
773520636,"Name_Calling,Labeling",14660,14686,article773520636.task2-TC.labels
773520636,"Name_Calling,Labeling",15678,15685,article773520636.task2-TC.labels
773520636,"Name_Calling,Labeling",17418,17457,article773520636.task2-TC.labels
773520636,"Name_Calling,Labeling",17503,17533,article773520636.task2-TC.labels
773520636,"Name_Calling,Labeling",17544,17580,article773520636.task2-TC.labels
773520636,Repetition,17519,17525,article773520636.task2-TC.labels
773520636,Doubt,17874,18158,article773520636.task2-TC.labels
773520636,Flag-Waving,1575,1723,article773520636.task2-TC.labels
773520636,Repetition,6780,6794,article773520636.task2-TC.labels
773520636,Doubt,6708,6778,article773520636.task2-TC.labels
773520636,Repetition,17865,17872,article773520636.task2-TC.labels
769752554,Slogans,45,49,article769752554.task2-TC.labels
769752554,Repetition,153,157,article769752554.task2-TC.labels
769752554,Slogans,159,183,article769752554.task2-TC.labels
769752554,Loaded_Language,304,313,article769752554.task2-TC.labels
769752554,Repetition,392,417,article769752554.task2-TC.labels
769752554,Loaded_Language,626,637,article769752554.task2-TC.labels
769752554,"Name_Calling,Labeling",797,817,article769752554.task2-TC.labels
769752554,Flag-Waving,906,915,article769752554.task2-TC.labels
769752554,"Name_Calling,Labeling",1047,1061,article769752554.task2-TC.labels
769752554,Loaded_Language,1347,1357,article769752554.task2-TC.labels
769752554,"Name_Calling,Labeling",1373,1388,article769752554.task2-TC.labels
769752554,Repetition,1400,1404,article769752554.task2-TC.labels
769752554,"Exaggeration,Minimisation",1448,1488,article769752554.task2-TC.labels
769752554,"Name_Calling,Labeling",1656,1666,article769752554.task2-TC.labels
769752554,Repetition,1734,1738,article769752554.task2-TC.labels
769752554,Loaded_Language,1779,1801,article769752554.task2-TC.labels
769752554,Slogans,1919,1941,article769752554.task2-TC.labels
769752554,Repetition,2311,2327,article769752554.task2-TC.labels
769752554,"Name_Calling,Labeling",2311,2326,article769752554.task2-TC.labels
999000125,"Exaggeration,Minimisation",889,994,article999000125.task2-TC.labels
999000125,"Exaggeration,Minimisation",1444,1478,article999000125.task2-TC.labels
999000125,Doubt,2183,2466,article999000125.task2-TC.labels
730559808,Appeal_to_fear-prejudice,5353,5419,article730559808.task2-TC.labels
730559808,Black-and-White_Fallacy,955,993,article730559808.task2-TC.labels
730559808,Loaded_Language,998,1088,article730559808.task2-TC.labels
730559808,"Exaggeration,Minimisation",1251,1341,article730559808.task2-TC.labels
730559808,Black-and-White_Fallacy,2544,2640,article730559808.task2-TC.labels
730559808,Black-and-White_Fallacy,3006,3186,article730559808.task2-TC.labels
730559808,"Bandwagon,Reductio_ad_hitlerum",3215,3490,article730559808.task2-TC.labels
730559808,Causal_Oversimplification,3492,3611,article730559808.task2-TC.labels
730559808,Thought-terminating_Cliches,3953,4017,article730559808.task2-TC.labels
730559808,"Bandwagon,Reductio_ad_hitlerum",4279,4361,article730559808.task2-TC.labels
730559808,Black-and-White_Fallacy,4404,4442,article730559808.task2-TC.labels
730559808,"Exaggeration,Minimisation",5659,5889,article730559808.task2-TC.labels
730559808,Appeal_to_Authority,5891,5970,article730559808.task2-TC.labels
730559808,Loaded_Language,5353,5419,article730559808.task2-TC.labels
730559808,"Bandwagon,Reductio_ad_hitlerum",1251,1341,article730559808.task2-TC.labels
730559808,Causal_Oversimplification,2483,2640,article730559808.task2-TC.labels
730559808,Repetition,4357,4537,article730559808.task2-TC.labels
730559808,Appeal_to_fear-prejudice,5891,5969,article730559808.task2-TC.labels
758512204,"Name_Calling,Labeling",1490,1505,article758512204.task2-TC.labels
758512204,Loaded_Language,430,468,article758512204.task2-TC.labels
758512204,Loaded_Language,513,567,article758512204.task2-TC.labels
758512204,"Name_Calling,Labeling",1971,1982,article758512204.task2-TC.labels
758512204,Loaded_Language,2441,2458,article758512204.task2-TC.labels
758512204,Doubt,5043,5076,article758512204.task2-TC.labels
758512204,Loaded_Language,5223,5239,article758512204.task2-TC.labels
758512204,Repetition,5078,5131,article758512204.task2-TC.labels
758512204,"Name_Calling,Labeling",5106,5119,article758512204.task2-TC.labels
758512204,Doubt,5078,5104,article758512204.task2-TC.labels
758512204,Repetition,1490,1500,article758512204.task2-TC.labels
758512204,"Name_Calling,Labeling",264,276,article758512204.task2-TC.labels
758512204,"Exaggeration,Minimisation",280,343,article758512204.task2-TC.labels
758512204,Loaded_Language,631,649,article758512204.task2-TC.labels
758512204,"Name_Calling,Labeling",655,675,article758512204.task2-TC.labels
758512204,"Name_Calling,Labeling",1450,1470,article758512204.task2-TC.labels
758512204,Loaded_Language,1947,1964,article758512204.task2-TC.labels
758512204,Appeal_to_fear-prejudice,2003,2036,article758512204.task2-TC.labels
758512204,Doubt,2461,2486,article758512204.task2-TC.labels
758512204,Thought-terminating_Cliches,5157,5178,article758512204.task2-TC.labels
758512204,"Name_Calling,Labeling",2461,2474,article758512204.task2-TC.labels
999001287,Flag-Waving,141,180,article999001287.task2-TC.labels
999001287,Doubt,2274,2389,article999001287.task2-TC.labels
999001287,Loaded_Language,4656,4690,article999001287.task2-TC.labels
999001287,Doubt,4308,4583,article999001287.task2-TC.labels
999001287,Appeal_to_Authority,3424,3790,article999001287.task2-TC.labels
727658675,Loaded_Language,807,862,article727658675.task2-TC.labels
727658675,Loaded_Language,1222,1444,article727658675.task2-TC.labels
727658675,Loaded_Language,2273,2426,article727658675.task2-TC.labels
727658675,Appeal_to_fear-prejudice,1215,1444,article727658675.task2-TC.labels
727658675,Black-and-White_Fallacy,2556,2842,article727658675.task2-TC.labels
727658675,Causal_Oversimplification,3033,3115,article727658675.task2-TC.labels
727658675,"Exaggeration,Minimisation",1383,1389,article727658675.task2-TC.labels
727658675,Appeal_to_Authority,2138,2271,article727658675.task2-TC.labels
727658675,"Exaggeration,Minimisation",2335,2352,article727658675.task2-TC.labels
727658675,Black-and-White_Fallacy,3033,3113,article727658675.task2-TC.labels
762152527,Loaded_Language,1412,1423,article762152527.task2-TC.labels
762152527,Loaded_Language,2017,2026,article762152527.task2-TC.labels
762152527,Flag-Waving,1121,1166,article762152527.task2-TC.labels
762152527,Doubt,863,897,article762152527.task2-TC.labels
762152527,Loaded_Language,1502,1535,article762152527.task2-TC.labels
762152527,Loaded_Language,1802,1827,article762152527.task2-TC.labels
762152527,"Whataboutism,Straw_Men,Red_Herring",1870,1912,article762152527.task2-TC.labels
762152527,"Whataboutism,Straw_Men,Red_Herring",1914,1953,article762152527.task2-TC.labels
762152527,Doubt,898,975,article762152527.task2-TC.labels
728758697,Appeal_to_Authority,819,1036,article728758697.task2-TC.labels
728758697,Flag-Waving,1512,1599,article728758697.task2-TC.labels
728758697,Causal_Oversimplification,1697,1788,article728758697.task2-TC.labels
728758697,"Bandwagon,Reductio_ad_hitlerum",1232,1383,article728758697.task2-TC.labels
728758697,"Bandwagon,Reductio_ad_hitlerum",1384,1511,article728758697.task2-TC.labels
728758697,"Name_Calling,Labeling",31,49,article728758697.task2-TC.labels
728758697,"Whataboutism,Straw_Men,Red_Herring",51,89,article728758697.task2-TC.labels
728758697,Thought-terminating_Cliches,1456,1509,article728758697.task2-TC.labels
728758697,Doubt,1512,1584,article728758697.task2-TC.labels
728758697,"Whataboutism,Straw_Men,Red_Herring",1790,1836,article728758697.task2-TC.labels
701553469,Appeal_to_fear-prejudice,4178,4280,article701553469.task2-TC.labels
701553469,Loaded_Language,31,41,article701553469.task2-TC.labels
701553469,Slogans,77,143,article701553469.task2-TC.labels
701553469,Loaded_Language,351,361,article701553469.task2-TC.labels
701553469,"Name_Calling,Labeling",1716,1744,article701553469.task2-TC.labels
701553469,"Name_Calling,Labeling",1864,1887,article701553469.task2-TC.labels
701553469,"Exaggeration,Minimisation",3139,3159,article701553469.task2-TC.labels
701553469,Slogans,3455,3476,article701553469.task2-TC.labels
701553469,"Name_Calling,Labeling",3695,3715,article701553469.task2-TC.labels
701553469,Loaded_Language,3898,3916,article701553469.task2-TC.labels
701553469,Causal_Oversimplification,1983,2143,article701553469.task2-TC.labels
701553469,Loaded_Language,288,302,article701553469.task2-TC.labels
701553469,Doubt,2486,2651,article701553469.task2-TC.labels
701553469,Doubt,2666,2781,article701553469.task2-TC.labels
741896049,Repetition,996,1068,article741896049.task2-TC.labels
741896049,Appeal_to_Authority,972,1068,article741896049.task2-TC.labels
741896049,"Exaggeration,Minimisation",1131,1210,article741896049.task2-TC.labels
741896049,Repetition,1141,1237,article741896049.task2-TC.labels
741896049,Flag-Waving,1131,1237,article741896049.task2-TC.labels
694327499,Loaded_Language,9221,9252,article694327499.task2-TC.labels
694327499,Loaded_Language,11573,11606,article694327499.task2-TC.labels
694327499,Causal_Oversimplification,1366,1501,article694327499.task2-TC.labels
694327499,Loaded_Language,2798,2874,article694327499.task2-TC.labels
694327499,"Name_Calling,Labeling",3032,3055,article694327499.task2-TC.labels
694327499,"Name_Calling,Labeling",3656,3688,article694327499.task2-TC.labels
694327499,Causal_Oversimplification,4811,4934,article694327499.task2-TC.labels
694327499,"Name_Calling,Labeling",4944,4978,article694327499.task2-TC.labels
694327499,Loaded_Language,5950,6079,article694327499.task2-TC.labels
694327499,"Name_Calling,Labeling",6320,6343,article694327499.task2-TC.labels
694327499,Loaded_Language,9393,9408,article694327499.task2-TC.labels
694327499,Appeal_to_fear-prejudice,9630,9695,article694327499.task2-TC.labels
694327499,"Name_Calling,Labeling",11470,11661,article694327499.task2-TC.labels
694327499,Loaded_Language,11720,11770,article694327499.task2-TC.labels
694327499,Loaded_Language,110,142,article694327499.task2-TC.labels
694327499,Thought-terminating_Cliches,6296,6318,article694327499.task2-TC.labels
767129999,Loaded_Language,1943,1951,article767129999.task2-TC.labels
767129999,"Whataboutism,Straw_Men,Red_Herring",1739,1805,article767129999.task2-TC.labels
767129999,Flag-Waving,1498,1513,article767129999.task2-TC.labels
767129999,Slogans,2058,2094,article767129999.task2-TC.labels
767129999,Slogans,59,79,article767129999.task2-TC.labels
767129999,Flag-Waving,2478,2499,article767129999.task2-TC.labels
767129999,Loaded_Language,2522,2531,article767129999.task2-TC.labels
698503276,Loaded_Language,7295,7301,article698503276.task2-TC.labels
698503276,Loaded_Language,1057,1084,article698503276.task2-TC.labels
698503276,Loaded_Language,1169,1228,article698503276.task2-TC.labels
698503276,Flag-Waving,1272,1302,article698503276.task2-TC.labels
698503276,Repetition,1340,1370,article698503276.task2-TC.labels
698503276,Repetition,1404,1456,article698503276.task2-TC.labels
698503276,Repetition,4539,4559,article698503276.task2-TC.labels
698503276,Repetition,6447,6487,article698503276.task2-TC.labels
698503276,Appeal_to_fear-prejudice,8730,8957,article698503276.task2-TC.labels
698503276,Loaded_Language,177,200,article698503276.task2-TC.labels
698503276,"Whataboutism,Straw_Men,Red_Herring",1303,1402,article698503276.task2-TC.labels
698503276,Slogans,3107,3132,article698503276.task2-TC.labels
698503276,Loaded_Language,4612,4630,article698503276.task2-TC.labels
698503276,Loaded_Language,6946,6983,article698503276.task2-TC.labels
698503276,Loaded_Language,7332,7348,article698503276.task2-TC.labels
698503276,Appeal_to_fear-prejudice,7932,8164,article698503276.task2-TC.labels
698503276,"Bandwagon,Reductio_ad_hitlerum",9024,9279,article698503276.task2-TC.labels
698503276,Loaded_Language,9044,9055,article698503276.task2-TC.labels
727634031,Thought-terminating_Cliches,12173,12206,article727634031.task2-TC.labels
727634031,Doubt,8017,8133,article727634031.task2-TC.labels
727634031,Loaded_Language,11405,11421,article727634031.task2-TC.labels
727634031,Appeal_to_fear-prejudice,11940,12022,article727634031.task2-TC.labels
733754480,Appeal_to_Authority,91,149,article733754480.task2-TC.labels
733754480,Appeal_to_Authority,719,792,article733754480.task2-TC.labels
736231219,"Bandwagon,Reductio_ad_hitlerum",1713,1752,article736231219.task2-TC.labels
736231219,"Name_Calling,Labeling",415,449,article736231219.task2-TC.labels
736231219,"Name_Calling,Labeling",485,532,article736231219.task2-TC.labels
736231219,"Name_Calling,Labeling",575,599,article736231219.task2-TC.labels
736231219,Loaded_Language,846,875,article736231219.task2-TC.labels
736231219,Loaded_Language,990,1041,article736231219.task2-TC.labels
736231219,"Name_Calling,Labeling",1105,1116,article736231219.task2-TC.labels
736231219,"Exaggeration,Minimisation",1138,1178,article736231219.task2-TC.labels
736231219,"Bandwagon,Reductio_ad_hitlerum",1383,1459,article736231219.task2-TC.labels
736231219,Loaded_Language,1614,1631,article736231219.task2-TC.labels
736231219,"Name_Calling,Labeling",40,51,article736231219.task2-TC.labels
736231219,Slogans,18,38,article736231219.task2-TC.labels
736231219,Slogans,285,313,article736231219.task2-TC.labels
736231219,"Name_Calling,Labeling",319,330,article736231219.task2-TC.labels
736231219,"Name_Calling,Labeling",78,91,article736231219.task2-TC.labels
736231219,"Whataboutism,Straw_Men,Red_Herring",720,805,article736231219.task2-TC.labels
736231219,"Name_Calling,Labeling",1504,1544,article736231219.task2-TC.labels
736231219,"Name_Calling,Labeling",1553,1573,article736231219.task2-TC.labels
736231219,"Whataboutism,Straw_Men,Red_Herring",1659,1752,article736231219.task2-TC.labels
736231219,"Name_Calling,Labeling",1356,1374,article736231219.task2-TC.labels
999000149,Repetition,374,399,article999000149.task2-TC.labels
999000149,Appeal_to_fear-prejudice,2989,3077,article999000149.task2-TC.labels
999000149,Loaded_Language,73,94,article999000149.task2-TC.labels
999000149,Loaded_Language,300,326,article999000149.task2-TC.labels
999000149,Loaded_Language,1281,1291,article999000149.task2-TC.labels
999000149,"Exaggeration,Minimisation",1270,1301,article999000149.task2-TC.labels
999000149,Repetition,1349,1374,article999000149.task2-TC.labels
758386255,Loaded_Language,1495,1500,article758386255.task2-TC.labels
758386255,Repetition,5097,5105,article758386255.task2-TC.labels
758386255,Repetition,5358,5366,article758386255.task2-TC.labels
758386255,Repetition,5826,5834,article758386255.task2-TC.labels
758386255,Loaded_Language,28609,28626,article758386255.task2-TC.labels
758386255,"Exaggeration,Minimisation",1142,1150,article758386255.task2-TC.labels
758386255,"Exaggeration,Minimisation",1989,2006,article758386255.task2-TC.labels
758386255,"Bandwagon,Reductio_ad_hitlerum",3706,3741,article758386255.task2-TC.labels
758386255,"Whataboutism,Straw_Men,Red_Herring",5290,5304,article758386255.task2-TC.labels
758386255,"Exaggeration,Minimisation",5453,5484,article758386255.task2-TC.labels
758386255,"Exaggeration,Minimisation",5615,5635,article758386255.task2-TC.labels
758386255,"Exaggeration,Minimisation",5793,5802,article758386255.task2-TC.labels
758386255,Black-and-White_Fallacy,6137,6178,article758386255.task2-TC.labels
758386255,Loaded_Language,6525,6554,article758386255.task2-TC.labels
758386255,"Exaggeration,Minimisation",7833,7925,article758386255.task2-TC.labels
758386255,Loaded_Language,8445,8450,article758386255.task2-TC.labels
758386255,Loaded_Language,8371,8378,article758386255.task2-TC.labels
758386255,"Exaggeration,Minimisation",8386,8406,article758386255.task2-TC.labels
758386255,Repetition,8536,8544,article758386255.task2-TC.labels
758386255,Repetition,8642,8650,article758386255.task2-TC.labels
758386255,Repetition,8722,8730,article758386255.task2-TC.labels
758386255,Repetition,8915,8925,article758386255.task2-TC.labels
758386255,Repetition,8818,8826,article758386255.task2-TC.labels
758386255,Repetition,8947,8955,article758386255.task2-TC.labels
758386255,Repetition,9428,9436,article758386255.task2-TC.labels
758386255,Repetition,9484,9492,article758386255.task2-TC.labels
758386255,Repetition,9348,9356,article758386255.task2-TC.labels
758386255,Repetition,9544,9552,article758386255.task2-TC.labels
758386255,Repetition,9735,9745,article758386255.task2-TC.labels
758386255,Repetition,9779,9787,article758386255.task2-TC.labels
758386255,Repetition,9847,9855,article758386255.task2-TC.labels
758386255,Repetition,9954,9962,article758386255.task2-TC.labels
758386255,Repetition,10366,10374,article758386255.task2-TC.labels
758386255,Repetition,10166,10174,article758386255.task2-TC.labels
758386255,Repetition,27083,27093,article758386255.task2-TC.labels
758386255,Repetition,26689,26697,article758386255.task2-TC.labels
758386255,Repetition,26295,26303,article758386255.task2-TC.labels
758386255,Repetition,26487,26497,article758386255.task2-TC.labels
758386255,Repetition,17050,17060,article758386255.task2-TC.labels
758386255,Repetition,15781,15789,article758386255.task2-TC.labels
758386255,Repetition,14415,14425,article758386255.task2-TC.labels
758386255,Repetition,13799,13807,article758386255.task2-TC.labels
758386255,Repetition,13741,13749,article758386255.task2-TC.labels
758386255,Repetition,12732,12740,article758386255.task2-TC.labels
758386255,Repetition,12171,12179,article758386255.task2-TC.labels
758386255,Repetition,12607,12615,article758386255.task2-TC.labels
758386255,Repetition,10819,10827,article758386255.task2-TC.labels
758386255,Repetition,10607,10617,article758386255.task2-TC.labels
758386255,Loaded_Language,15128,15143,article758386255.task2-TC.labels
758386255,Repetition,16657,16665,article758386255.task2-TC.labels
758386255,Loaded_Language,28048,28053,article758386255.task2-TC.labels
758386255,"Name_Calling,Labeling",30476,30484,article758386255.task2-TC.labels
758386255,Loaded_Language,30762,30777,article758386255.task2-TC.labels
758386255,Loaded_Language,2021,2034,article758386255.task2-TC.labels
758386255,"Name_Calling,Labeling",6170,6178,article758386255.task2-TC.labels
758386255,Loaded_Language,6980,6990,article758386255.task2-TC.labels
758386255,Repetition,9143,9151,article758386255.task2-TC.labels
758386255,Loaded_Language,16089,16101,article758386255.task2-TC.labels
758386255,"Name_Calling,Labeling",27716,27727,article758386255.task2-TC.labels
758386255,Repetition,31973,31989,article758386255.task2-TC.labels
697959084,Thought-terminating_Cliches,2647,2664,article697959084.task2-TC.labels
697959084,Loaded_Language,128,157,article697959084.task2-TC.labels
697959084,Doubt,1689,1765,article697959084.task2-TC.labels
697959084,Flag-Waving,1689,1790,article697959084.task2-TC.labels
697959084,Repetition,2783,2857,article697959084.task2-TC.labels
697959084,Doubt,2914,2988,article697959084.task2-TC.labels
723501118,Loaded_Language,157,176,article723501118.task2-TC.labels
723501118,Loaded_Language,727,741,article723501118.task2-TC.labels
723501118,Thought-terminating_Cliches,1559,1592,article723501118.task2-TC.labels
723501118,"Exaggeration,Minimisation",157,257,article723501118.task2-TC.labels
723501118,Doubt,695,720,article723501118.task2-TC.labels
723501118,Loaded_Language,1440,1451,article723501118.task2-TC.labels
723501118,Doubt,1944,2030,article723501118.task2-TC.labels
789370998,"Name_Calling,Labeling",4,21,article789370998.task2-TC.labels
789370998,Loaded_Language,108,136,article789370998.task2-TC.labels
789370998,Doubt,573,684,article789370998.task2-TC.labels
789370998,Loaded_Language,863,880,article789370998.task2-TC.labels
789370998,"Exaggeration,Minimisation",1206,1255,article789370998.task2-TC.labels
789370998,"Name_Calling,Labeling",1211,1223,article789370998.task2-TC.labels
789370998,Loaded_Language,1714,1719,article789370998.task2-TC.labels
789370998,"Name_Calling,Labeling",2978,3007,article789370998.task2-TC.labels
789370998,"Exaggeration,Minimisation",3878,3907,article789370998.task2-TC.labels
789370998,Loaded_Language,4007,4020,article789370998.task2-TC.labels
730573740,Appeal_to_Authority,834,846,article730573740.task2-TC.labels
730573740,Loaded_Language,45,67,article730573740.task2-TC.labels
730573740,Black-and-White_Fallacy,983,1127,article730573740.task2-TC.labels
730573740,Loaded_Language,1029,1063,article730573740.task2-TC.labels
730573740,Loaded_Language,1338,1505,article730573740.task2-TC.labels
730573740,Black-and-White_Fallacy,2177,2229,article730573740.task2-TC.labels
730573740,Black-and-White_Fallacy,2240,2345,article730573740.task2-TC.labels
730573740,Appeal_to_Authority,2479,2572,article730573740.task2-TC.labels
730573740,Black-and-White_Fallacy,2682,2753,article730573740.task2-TC.labels
730573740,Black-and-White_Fallacy,4118,4224,article730573740.task2-TC.labels
730573740,"Name_Calling,Labeling",1302,1322,article730573740.task2-TC.labels
730573740,"Name_Calling,Labeling",1445,1467,article730573740.task2-TC.labels
786344683,"Name_Calling,Labeling",1431,1449,article786344683.task2-TC.labels
786344683,Loaded_Language,1599,1613,article786344683.task2-TC.labels
786344683,"Name_Calling,Labeling",1630,1646,article786344683.task2-TC.labels
786344683,Doubt,6165,6272,article786344683.task2-TC.labels
786344683,Loaded_Language,73,127,article786344683.task2-TC.labels
786344683,"Name_Calling,Labeling",262,280,article786344683.task2-TC.labels
786344683,Loaded_Language,726,768,article786344683.task2-TC.labels
786344683,"Exaggeration,Minimisation",843,870,article786344683.task2-TC.labels
786344683,Loaded_Language,985,994,article786344683.task2-TC.labels
786344683,"Name_Calling,Labeling",1572,1593,article786344683.task2-TC.labels
786344683,"Exaggeration,Minimisation",1681,1743,article786344683.task2-TC.labels
786344683,"Exaggeration,Minimisation",2208,2218,article786344683.task2-TC.labels
786344683,Loaded_Language,2291,2308,article786344683.task2-TC.labels
786344683,Loaded_Language,3347,3360,article786344683.task2-TC.labels
786344683,Appeal_to_Authority,5025,5073,article786344683.task2-TC.labels
786344683,Loaded_Language,6014,6031,article786344683.task2-TC.labels
786344683,Doubt,2366,2431,article786344683.task2-TC.labels
999000133,Loaded_Language,145,162,article999000133.task2-TC.labels
999000133,"Exaggeration,Minimisation",175,229,article999000133.task2-TC.labels
999000133,Loaded_Language,485,498,article999000133.task2-TC.labels
999000133,Repetition,729,738,article999000133.task2-TC.labels
999000133,Doubt,1834,1922,article999000133.task2-TC.labels
999000133,Loaded_Language,526,549,article999000133.task2-TC.labels
725824328,"Name_Calling,Labeling",3313,3330,article725824328.task2-TC.labels
725824328,Loaded_Language,1027,1045,article725824328.task2-TC.labels
725824328,Repetition,2959,2964,article725824328.task2-TC.labels
725824328,Loaded_Language,3081,3112,article725824328.task2-TC.labels
725824328,Loaded_Language,4189,4199,article725824328.task2-TC.labels
725824328,Doubt,4001,4406,article725824328.task2-TC.labels
725824328,Appeal_to_fear-prejudice,1962,2033,article725824328.task2-TC.labels
725824328,Loaded_Language,2056,2060,article725824328.task2-TC.labels
732154721,Appeal_to_fear-prejudice,1172,1283,article732154721.task2-TC.labels
732154721,"Bandwagon,Reductio_ad_hitlerum",2755,2819,article732154721.task2-TC.labels
732154721,Flag-Waving,281,318,article732154721.task2-TC.labels
732154721,Flag-Waving,397,530,article732154721.task2-TC.labels
732154721,"Name_Calling,Labeling",1930,1965,article732154721.task2-TC.labels
732154721,"Name_Calling,Labeling",2607,2666,article732154721.task2-TC.labels
732154721,Slogans,27,61,article732154721.task2-TC.labels
732154721,Slogans,281,318,article732154721.task2-TC.labels
732154721,Appeal_to_fear-prejudice,987,1153,article732154721.task2-TC.labels
732154721,"Name_Calling,Labeling",2384,2427,article732154721.task2-TC.labels
762200179,Repetition,6609,6625,article762200179.task2-TC.labels
762200179,Repetition,6715,6731,article762200179.task2-TC.labels
762200179,Repetition,6804,6820,article762200179.task2-TC.labels
762200179,Repetition,6884,6900,article762200179.task2-TC.labels
762200179,Flag-Waving,663,678,article762200179.task2-TC.labels
762200179,"Exaggeration,Minimisation",1300,1306,article762200179.task2-TC.labels
762200179,"Exaggeration,Minimisation",6376,6386,article762200179.task2-TC.labels
762200179,"Exaggeration,Minimisation",6417,6424,article762200179.task2-TC.labels
762200179,Loaded_Language,3915,3920,article762200179.task2-TC.labels
762200179,Flag-Waving,6074,6077,article762200179.task2-TC.labels
762200179,Flag-Waving,6195,6198,article762200179.task2-TC.labels
788816478,Loaded_Language,162,178,article788816478.task2-TC.labels
788816478,Loaded_Language,501,535,article788816478.task2-TC.labels
788816478,Loaded_Language,652,687,article788816478.task2-TC.labels
788816478,"Name_Calling,Labeling",1916,1944,article788816478.task2-TC.labels
788816478,Loaded_Language,5528,5563,article788816478.task2-TC.labels
788816478,Appeal_to_Authority,5942,6075,article788816478.task2-TC.labels
788816478,Loaded_Language,6484,6503,article788816478.task2-TC.labels
788816478,Loaded_Language,1981,2023,article788816478.task2-TC.labels
788816478,Doubt,4739,4766,article788816478.task2-TC.labels
788816478,Doubt,331,373,article788816478.task2-TC.labels
788816478,Causal_Oversimplification,446,635,article788816478.task2-TC.labels
788816478,"Name_Calling,Labeling",1950,1980,article788816478.task2-TC.labels
788816478,"Name_Calling,Labeling",3805,3827,article788816478.task2-TC.labels
788816478,"Name_Calling,Labeling",4272,4284,article788816478.task2-TC.labels
788816478,Loaded_Language,4413,4427,article788816478.task2-TC.labels
788816478,Doubt,4563,4604,article788816478.task2-TC.labels
788816478,Loaded_Language,4579,4604,article788816478.task2-TC.labels
788816478,Loaded_Language,4754,4766,article788816478.task2-TC.labels
788816478,Causal_Oversimplification,5330,5403,article788816478.task2-TC.labels
788816478,Loaded_Language,5587,5622,article788816478.task2-TC.labels
788816478,Loaded_Language,6657,6696,article788816478.task2-TC.labels
788816478,"Name_Calling,Labeling",4589,4604,article788816478.task2-TC.labels
773748383,Loaded_Language,43,58,article773748383.task2-TC.labels
773748383,Loaded_Language,651,667,article773748383.task2-TC.labels
773748383,Doubt,4113,4228,article773748383.task2-TC.labels
773748383,Loaded_Language,163,181,article773748383.task2-TC.labels
773748383,"Exaggeration,Minimisation",1518,1578,article773748383.task2-TC.labels
773748383,"Exaggeration,Minimisation",2569,2608,article773748383.task2-TC.labels
773748383,"Exaggeration,Minimisation",3122,3215,article773748383.task2-TC.labels
773748383,Loaded_Language,3320,3339,article773748383.task2-TC.labels
773748383,Doubt,3521,3559,article773748383.task2-TC.labels
773748383,Doubt,3561,3685,article773748383.task2-TC.labels
773748383,Loaded_Language,3903,3930,article773748383.task2-TC.labels
773748383,Loaded_Language,4034,4065,article773748383.task2-TC.labels
773748383,Loaded_Language,4671,4685,article773748383.task2-TC.labels
773748383,"Name_Calling,Labeling",4714,4724,article773748383.task2-TC.labels
723537899,Doubt,3125,3182,article723537899.task2-TC.labels
723537899,Loaded_Language,1917,1925,article723537899.task2-TC.labels
723537899,Appeal_to_fear-prejudice,3463,3515,article723537899.task2-TC.labels
723537899,Doubt,4586,4691,article723537899.task2-TC.labels
723537899,Appeal_to_fear-prejudice,766,778,article723537899.task2-TC.labels
723537899,"Name_Calling,Labeling",436,448,article723537899.task2-TC.labels
723537899,"Name_Calling,Labeling",1100,1113,article723537899.task2-TC.labels
723537899,"Name_Calling,Labeling",1174,1184,article723537899.task2-TC.labels
723537899,Loaded_Language,1264,1323,article723537899.task2-TC.labels
723537899,Loaded_Language,1350,1391,article723537899.task2-TC.labels
723537899,Doubt,1491,1628,article723537899.task2-TC.labels
723537899,Causal_Oversimplification,2228,2300,article723537899.task2-TC.labels
723537899,Doubt,2302,2342,article723537899.task2-TC.labels
723537899,Appeal_to_fear-prejudice,2474,2686,article723537899.task2-TC.labels
723537899,Appeal_to_fear-prejudice,817,871,article723537899.task2-TC.labels
723537899,Doubt,1392,1436,article723537899.task2-TC.labels
723537899,Doubt,1934,1978,article723537899.task2-TC.labels
773937361,Loaded_Language,288,300,article773937361.task2-TC.labels
773937361,Loaded_Language,2285,2290,article773937361.task2-TC.labels
773937361,Appeal_to_fear-prejudice,8373,8390,article773937361.task2-TC.labels
773937361,"Name_Calling,Labeling",3415,3434,article773937361.task2-TC.labels
773937361,Flag-Waving,11237,11248,article773937361.task2-TC.labels
773937361,"Name_Calling,Labeling",494,506,article773937361.task2-TC.labels
773937361,Loaded_Language,918,925,article773937361.task2-TC.labels
773937361,"Name_Calling,Labeling",1020,1069,article773937361.task2-TC.labels
773937361,Loaded_Language,1482,1486,article773937361.task2-TC.labels
773937361,Loaded_Language,1454,1463,article773937361.task2-TC.labels
773937361,Loaded_Language,2360,2367,article773937361.task2-TC.labels
773937361,"Name_Calling,Labeling",4128,4149,article773937361.task2-TC.labels
773937361,Loaded_Language,5543,5571,article773937361.task2-TC.labels
773937361,Loaded_Language,11090,11152,article773937361.task2-TC.labels
773937361,"Name_Calling,Labeling",11158,11164,article773937361.task2-TC.labels
773937361,"Name_Calling,Labeling",527,536,article773937361.task2-TC.labels
773937361,Loaded_Language,1905,1916,article773937361.task2-TC.labels
773937361,Loaded_Language,6959,6974,article773937361.task2-TC.labels
773937361,Loaded_Language,10342,10374,article773937361.task2-TC.labels
773937361,Slogans,16081,16099,article773937361.task2-TC.labels
773937361,"Name_Calling,Labeling",18464,18468,article773937361.task2-TC.labels
773937361,Thought-terminating_Cliches,19641,19654,article773937361.task2-TC.labels
999001621,Doubt,88,156,article999001621.task2-TC.labels
999001621,Doubt,3577,3663,article999001621.task2-TC.labels
999001621,"Name_Calling,Labeling",4208,4315,article999001621.task2-TC.labels
999001621,"Name_Calling,Labeling",4498,4527,article999001621.task2-TC.labels
999001621,"Exaggeration,Minimisation",4928,4985,article999001621.task2-TC.labels
999001621,"Name_Calling,Labeling",5089,5131,article999001621.task2-TC.labels
999001621,Loaded_Language,9108,9121,article999001621.task2-TC.labels
999001621,Doubt,11969,12058,article999001621.task2-TC.labels
999001621,Loaded_Language,3234,3251,article999001621.task2-TC.labels
999001621,Loaded_Language,3984,3997,article999001621.task2-TC.labels
999001621,Doubt,7442,7747,article999001621.task2-TC.labels
999001621,Doubt,8213,8374,article999001621.task2-TC.labels
999001621,Doubt,8377,8738,article999001621.task2-TC.labels
999001621,"Name_Calling,Labeling",8596,8626,article999001621.task2-TC.labels
999001621,"Name_Calling,Labeling",10904,10929,article999001621.task2-TC.labels
999001621,Repetition,5890,5902,article999001621.task2-TC.labels
999001621,"Exaggeration,Minimisation",9006,9057,article999001621.task2-TC.labels
999001621,Doubt,0,68,article999001621.task2-TC.labels
999001621,Loaded_Language,321,338,article999001621.task2-TC.labels
999001621,Loaded_Language,467,501,article999001621.task2-TC.labels
999001621,"Name_Calling,Labeling",537,560,article999001621.task2-TC.labels
999001621,Doubt,279,599,article999001621.task2-TC.labels
999001621,"Name_Calling,Labeling",769,783,article999001621.task2-TC.labels
999001621,"Name_Calling,Labeling",1458,1494,article999001621.task2-TC.labels
999001621,Doubt,1332,1603,article999001621.task2-TC.labels
999001621,"Exaggeration,Minimisation",2747,2771,article999001621.task2-TC.labels
999001621,"Name_Calling,Labeling",3471,3495,article999001621.task2-TC.labels
999001621,Doubt,3435,3575,article999001621.task2-TC.labels
999001621,Doubt,3926,4137,article999001621.task2-TC.labels
999001621,Loaded_Language,4085,4124,article999001621.task2-TC.labels
999001621,Doubt,4139,4315,article999001621.task2-TC.labels
999001621,"Name_Calling,Labeling",4461,4493,article999001621.task2-TC.labels
999001621,"Exaggeration,Minimisation",4788,4853,article999001621.task2-TC.labels
999001621,"Name_Calling,Labeling",5159,5170,article999001621.task2-TC.labels
999001621,Doubt,4529,5328,article999001621.task2-TC.labels
999001621,"Name_Calling,Labeling",5397,5428,article999001621.task2-TC.labels
999001621,Doubt,5330,5611,article999001621.task2-TC.labels
999001621,"Exaggeration,Minimisation",6817,6841,article999001621.task2-TC.labels
999001621,"Name_Calling,Labeling",7085,7091,article999001621.task2-TC.labels
999001621,"Name_Calling,Labeling",7979,7999,article999001621.task2-TC.labels
999001621,"Name_Calling,Labeling",8401,8488,article999001621.task2-TC.labels
999001621,Loaded_Language,8493,8500,article999001621.task2-TC.labels
999001621,Loaded_Language,8861,8909,article999001621.task2-TC.labels
999001621,Doubt,8795,9138,article999001621.task2-TC.labels
999001621,"Name_Calling,Labeling",9824,9859,article999001621.task2-TC.labels
999001621,Causal_Oversimplification,9861,10096,article999001621.task2-TC.labels
999001621,Causal_Oversimplification,9140,9474,article999001621.task2-TC.labels
999001621,Doubt,9679,9859,article999001621.task2-TC.labels
999001621,"Name_Calling,Labeling",10151,10176,article999001621.task2-TC.labels
999001621,Loaded_Language,10177,10185,article999001621.task2-TC.labels
999001621,Doubt,10098,10408,article999001621.task2-TC.labels
999001621,Loaded_Language,10536,10541,article999001621.task2-TC.labels
999001621,Doubt,10543,10755,article999001621.task2-TC.labels
999001621,"Name_Calling,Labeling",10775,10855,article999001621.task2-TC.labels
999001621,"Name_Calling,Labeling",10733,10755,article999001621.task2-TC.labels
999001621,Doubt,10931,11012,article999001621.task2-TC.labels
999001621,"Exaggeration,Minimisation",11539,11623,article999001621.task2-TC.labels
999001621,Repetition,11631,11640,article999001621.task2-TC.labels
999001621,Doubt,11539,11664,article999001621.task2-TC.labels
999001621,Loaded_Language,12099,12112,article999001621.task2-TC.labels
999001621,"Name_Calling,Labeling",12138,12184,article999001621.task2-TC.labels
999001621,Appeal_to_fear-prejudice,12187,12265,article999001621.task2-TC.labels
999001621,Loaded_Language,9664,9677,article999001621.task2-TC.labels
999001621,Doubt,601,701,article999001621.task2-TC.labels
999001621,Loaded_Language,5057,5061,article999001621.task2-TC.labels
999001621,"Name_Calling,Labeling",7492,7518,article999001621.task2-TC.labels
999001621,"Name_Calling,Labeling",8524,8545,article999001621.task2-TC.labels
999001621,"Bandwagon,Reductio_ad_hitlerum",10098,10204,article999001621.task2-TC.labels
999001621,"Whataboutism,Straw_Men,Red_Herring",10353,10408,article999001621.task2-TC.labels
728972961,Loaded_Language,4679,4734,article728972961.task2-TC.labels
728972961,Repetition,4852,4878,article728972961.task2-TC.labels
728972961,Repetition,4757,4778,article728972961.task2-TC.labels
728972961,Black-and-White_Fallacy,8558,8706,article728972961.task2-TC.labels
728972961,Repetition,10317,10328,article728972961.task2-TC.labels
728972961,Repetition,10257,10268,article728972961.task2-TC.labels
728972961,Repetition,10157,10168,article728972961.task2-TC.labels
728972961,Repetition,14308,14334,article728972961.task2-TC.labels
728972961,Repetition,16330,16349,article728972961.task2-TC.labels
728972961,Repetition,21472,21486,article728972961.task2-TC.labels
728972961,Appeal_to_fear-prejudice,25147,25202,article728972961.task2-TC.labels
728972961,Appeal_to_fear-prejudice,29700,29756,article728972961.task2-TC.labels
728972961,Slogans,1400,1451,article728972961.task2-TC.labels
728972961,Loaded_Language,1692,1733,article728972961.task2-TC.labels
728972961,Loaded_Language,3486,3521,article728972961.task2-TC.labels
728972961,Repetition,4910,4935,article728972961.task2-TC.labels
728972961,Loaded_Language,5126,5152,article728972961.task2-TC.labels
728972961,Loaded_Language,9021,9032,article728972961.task2-TC.labels
728972961,Appeal_to_Authority,8744,8930,article728972961.task2-TC.labels
728972961,Repetition,10381,10392,article728972961.task2-TC.labels
728972961,Repetition,10646,10670,article728972961.task2-TC.labels
728972961,Causal_Oversimplification,11014,11181,article728972961.task2-TC.labels
728972961,Loaded_Language,12301,12319,article728972961.task2-TC.labels
728972961,Loaded_Language,13047,13074,article728972961.task2-TC.labels
728972961,Black-and-White_Fallacy,15155,15273,article728972961.task2-TC.labels
728972961,Repetition,19505,19515,article728972961.task2-TC.labels
728972961,"Name_Calling,Labeling",20640,20667,article728972961.task2-TC.labels
728972961,Loaded_Language,21257,21271,article728972961.task2-TC.labels
728972961,Loaded_Language,23063,23083,article728972961.task2-TC.labels
728972961,Loaded_Language,23852,23867,article728972961.task2-TC.labels
728972961,Repetition,19826,19840,article728972961.task2-TC.labels
728972961,Loaded_Language,24223,24265,article728972961.task2-TC.labels
728972961,Doubt,26467,26505,article728972961.task2-TC.labels
728972961,Appeal_to_fear-prejudice,27636,27698,article728972961.task2-TC.labels
728972961,Loaded_Language,154,169,article728972961.task2-TC.labels
728972961,"Name_Calling,Labeling",762,780,article728972961.task2-TC.labels
728972961,Appeal_to_fear-prejudice,5422,5563,article728972961.task2-TC.labels
728972961,Repetition,7402,7433,article728972961.task2-TC.labels
728972961,Loaded_Language,9033,9073,article728972961.task2-TC.labels
728972961,Repetition,10921,10947,article728972961.task2-TC.labels
728972961,Flag-Waving,12446,12519,article728972961.task2-TC.labels
728972961,Appeal_to_fear-prejudice,12770,12902,article728972961.task2-TC.labels
728972961,Appeal_to_fear-prejudice,14336,14489,article728972961.task2-TC.labels
728972961,Repetition,15033,15043,article728972961.task2-TC.labels
728972961,Repetition,15556,15636,article728972961.task2-TC.labels
728972961,Repetition,15667,15687,article728972961.task2-TC.labels
728972961,Repetition,15735,15748,article728972961.task2-TC.labels
728972961,Repetition,16460,16472,article728972961.task2-TC.labels
728972961,Repetition,16699,16716,article728972961.task2-TC.labels
728972961,Repetition,17455,17472,article728972961.task2-TC.labels
728972961,Repetition,17779,17789,article728972961.task2-TC.labels
728972961,Repetition,18033,18041,article728972961.task2-TC.labels
728972961,Repetition,18773,18795,article728972961.task2-TC.labels
728972961,Doubt,19864,20009,article728972961.task2-TC.labels
728972961,Repetition,20026,20038,article728972961.task2-TC.labels
728972961,Repetition,20061,20074,article728972961.task2-TC.labels
728972961,Repetition,20344,20356,article728972961.task2-TC.labels
728972961,Repetition,20775,20802,article728972961.task2-TC.labels
728972961,Repetition,20938,20952,article728972961.task2-TC.labels
728972961,Repetition,21005,21013,article728972961.task2-TC.labels
728972961,Repetition,22844,22857,article728972961.task2-TC.labels
728972961,Appeal_to_fear-prejudice,23221,23282,article728972961.task2-TC.labels
728972961,Loaded_Language,23956,23965,article728972961.task2-TC.labels
728972961,Repetition,23995,24012,article728972961.task2-TC.labels
728972961,Repetition,24239,24249,article728972961.task2-TC.labels
728972961,Repetition,24384,24401,article728972961.task2-TC.labels
728972961,Repetition,25136,25145,article728972961.task2-TC.labels
728972961,Repetition,27300,27320,article728972961.task2-TC.labels
728972961,Repetition,29873,29894,article728972961.task2-TC.labels
728972961,Repetition,29921,29944,article728972961.task2-TC.labels
728972961,Thought-terminating_Cliches,29968,29998,article728972961.task2-TC.labels
718595845,Appeal_to_fear-prejudice,904,1003,article718595845.task2-TC.labels
718595845,Doubt,2154,2259,article718595845.task2-TC.labels
718595845,Loaded_Language,5170,5182,article718595845.task2-TC.labels
718595845,Doubt,0,32,article718595845.task2-TC.labels
718595845,Doubt,2380,2444,article718595845.task2-TC.labels
718595845,Appeal_to_fear-prejudice,7086,7235,article718595845.task2-TC.labels
718595845,Loaded_Language,1183,1219,article718595845.task2-TC.labels
718595845,Doubt,5443,5542,article718595845.task2-TC.labels
718595845,"Whataboutism,Straw_Men,Red_Herring",305,337,article718595845.task2-TC.labels
718595845,Appeal_to_fear-prejudice,355,448,article718595845.task2-TC.labels
718595845,Loaded_Language,5405,5427,article718595845.task2-TC.labels
718595845,Loaded_Language,6962,7084,article718595845.task2-TC.labels
734265267,Repetition,3861,3897,article734265267.task2-TC.labels
734265267,Repetition,3186,3261,article734265267.task2-TC.labels
734265267,Repetition,4118,4257,article734265267.task2-TC.labels
734265267,Flag-Waving,4135,4164,article734265267.task2-TC.labels
734265267,Flag-Waving,4192,4257,article734265267.task2-TC.labels
697454736,"Whataboutism,Straw_Men,Red_Herring",8030,8056,article697454736.task2-TC.labels
697454736,"Whataboutism,Straw_Men,Red_Herring",599,751,article697454736.task2-TC.labels
697454736,Appeal_to_Authority,3216,3400,article697454736.task2-TC.labels
697454736,Doubt,4856,5044,article697454736.task2-TC.labels
697454736,Appeal_to_fear-prejudice,7080,7176,article697454736.task2-TC.labels
697454736,Thought-terminating_Cliches,7417,7444,article697454736.task2-TC.labels
697454736,Loaded_Language,8140,8197,article697454736.task2-TC.labels
697454736,"Whataboutism,Straw_Men,Red_Herring",8793,8976,article697454736.task2-TC.labels
697454736,Appeal_to_Authority,9555,9692,article697454736.task2-TC.labels
697454736,Black-and-White_Fallacy,10671,10950,article697454736.task2-TC.labels
697454736,Loaded_Language,11963,12026,article697454736.task2-TC.labels
697454736,Loaded_Language,12492,12644,article697454736.task2-TC.labels
697454736,Doubt,12874,13038,article697454736.task2-TC.labels
697454736,Loaded_Language,7761,7777,article697454736.task2-TC.labels
697454736,"Name_Calling,Labeling",10597,10632,article697454736.task2-TC.labels
698719689,"Bandwagon,Reductio_ad_hitlerum",300,321,article698719689.task2-TC.labels
698719689,Loaded_Language,1440,1449,article698719689.task2-TC.labels
698719689,Loaded_Language,131,144,article698719689.task2-TC.labels
698719689,Loaded_Language,1594,1611,article698719689.task2-TC.labels
698719689,Appeal_to_fear-prejudice,190,321,article698719689.task2-TC.labels
698719689,Appeal_to_fear-prejudice,1542,1611,article698719689.task2-TC.labels
698719689,"Name_Calling,Labeling",2324,2335,article698719689.task2-TC.labels
702111021,Repetition,1114,1127,article702111021.task2-TC.labels
702111021,Repetition,2179,2193,article702111021.task2-TC.labels
702111021,Repetition,2272,2286,article702111021.task2-TC.labels
702111021,Repetition,3388,3402,article702111021.task2-TC.labels
702111021,Repetition,3908,3922,article702111021.task2-TC.labels
702111021,Loaded_Language,1639,1676,article702111021.task2-TC.labels
702111021,Loaded_Language,2047,2092,article702111021.task2-TC.labels
702111021,Appeal_to_Authority,3668,3773,article702111021.task2-TC.labels
702111021,"Name_Calling,Labeling",3994,4051,article702111021.task2-TC.labels
702111021,Loaded_Language,2223,2237,article702111021.task2-TC.labels
702111021,Black-and-White_Fallacy,4140,4186,article702111021.task2-TC.labels
708561738,Loaded_Language,897,930,article708561738.task2-TC.labels
708561738,Flag-Waving,0,85,article708561738.task2-TC.labels
708561738,Flag-Waving,87,172,article708561738.task2-TC.labels
708561738,Loaded_Language,280,298,article708561738.task2-TC.labels
708561738,Flag-Waving,792,840,article708561738.task2-TC.labels
708561738,Appeal_to_fear-prejudice,1520,1636,article708561738.task2-TC.labels
708561738,Causal_Oversimplification,1670,1774,article708561738.task2-TC.labels
708561738,Loaded_Language,1968,1999,article708561738.task2-TC.labels
708561738,"Exaggeration,Minimisation",2062,2102,article708561738.task2-TC.labels
708561738,Slogans,2291,2318,article708561738.task2-TC.labels
708561738,Appeal_to_fear-prejudice,2360,2474,article708561738.task2-TC.labels
708561738,"Name_Calling,Labeling",2529,2552,article708561738.task2-TC.labels
708561738,Flag-Waving,2919,2959,article708561738.task2-TC.labels
708561738,Loaded_Language,1621,1636,article708561738.task2-TC.labels
795689901,Flag-Waving,216,242,article795689901.task2-TC.labels
795689901,"Exaggeration,Minimisation",846,859,article795689901.task2-TC.labels
795689901,Loaded_Language,894,903,article795689901.task2-TC.labels
795689901,Flag-Waving,972,992,article795689901.task2-TC.labels
735815173,Repetition,3467,3476,article735815173.task2-TC.labels
735815173,Loaded_Language,914,942,article735815173.task2-TC.labels
735815173,"Bandwagon,Reductio_ad_hitlerum",1250,1437,article735815173.task2-TC.labels
735815173,Thought-terminating_Cliches,2926,3030,article735815173.task2-TC.labels
735815173,Black-and-White_Fallacy,3489,3540,article735815173.task2-TC.labels
735815173,Repetition,1440,1526,article735815173.task2-TC.labels
735815173,Black-and-White_Fallacy,2015,2054,article735815173.task2-TC.labels
735815173,"Bandwagon,Reductio_ad_hitlerum",2334,2446,article735815173.task2-TC.labels
735815173,Causal_Oversimplification,3109,3183,article735815173.task2-TC.labels
754131438,Appeal_to_fear-prejudice,332,338,article754131438.task2-TC.labels
999000675,Repetition,225,242,article999000675.task2-TC.labels
999000675,Slogans,44,92,article999000675.task2-TC.labels
999000675,Slogans,225,241,article999000675.task2-TC.labels
999000675,Repetition,544,560,article999000675.task2-TC.labels
999000675,Repetition,893,904,article999000675.task2-TC.labels
999000675,Slogans,1019,1040,article999000675.task2-TC.labels
999000675,Slogans,1205,1221,article999000675.task2-TC.labels
999000675,Doubt,1241,1275,article999000675.task2-TC.labels
999000675,Loaded_Language,1731,1738,article999000675.task2-TC.labels
999000675,Loaded_Language,1819,1848,article999000675.task2-TC.labels
999000675,Loaded_Language,1968,1987,article999000675.task2-TC.labels
999000675,Loaded_Language,44,60,article999000675.task2-TC.labels
999001226,Thought-terminating_Cliches,2014,2024,article999001226.task2-TC.labels
999001226,Doubt,3572,3612,article999001226.task2-TC.labels
999001226,Doubt,83,273,article999001226.task2-TC.labels
999001226,Loaded_Language,611,677,article999001226.task2-TC.labels
999001226,Loaded_Language,1838,1855,article999001226.task2-TC.labels
999001226,"Exaggeration,Minimisation",2196,2264,article999001226.task2-TC.labels
999001226,Flag-Waving,5157,5430,article999001226.task2-TC.labels
999001226,Loaded_Language,485,504,article999001226.task2-TC.labels
999001226,Loaded_Language,2242,2248,article999001226.task2-TC.labels
999001226,Flag-Waving,2475,2654,article999001226.task2-TC.labels
999001226,Doubt,4953,5155,article999001226.task2-TC.labels
703698295,Appeal_to_fear-prejudice,5829,5877,article703698295.task2-TC.labels
703698295,Loaded_Language,5917,5958,article703698295.task2-TC.labels
703698295,Loaded_Language,8483,8503,article703698295.task2-TC.labels
703698295,"Name_Calling,Labeling",320,353,article703698295.task2-TC.labels
703698295,Loaded_Language,2687,2722,article703698295.task2-TC.labels
703698295,"Name_Calling,Labeling",2792,2808,article703698295.task2-TC.labels
703698295,"Name_Calling,Labeling",2818,2850,article703698295.task2-TC.labels
703698295,"Name_Calling,Labeling",3183,3200,article703698295.task2-TC.labels
703698295,Loaded_Language,4571,4597,article703698295.task2-TC.labels
703698295,Loaded_Language,4797,4815,article703698295.task2-TC.labels
703698295,Repetition,6647,6657,article703698295.task2-TC.labels
703698295,"Name_Calling,Labeling",7231,7261,article703698295.task2-TC.labels
703698295,Loaded_Language,7641,7660,article703698295.task2-TC.labels
703698295,Causal_Oversimplification,8634,8734,article703698295.task2-TC.labels
703698295,Black-and-White_Fallacy,9765,9961,article703698295.task2-TC.labels
703698295,Loaded_Language,12626,12642,article703698295.task2-TC.labels
703698295,Appeal_to_fear-prejudice,822,941,article703698295.task2-TC.labels
703698295,Appeal_to_fear-prejudice,1633,1702,article703698295.task2-TC.labels
703698295,Loaded_Language,1805,1819,article703698295.task2-TC.labels
703698295,"Exaggeration,Minimisation",2073,2088,article703698295.task2-TC.labels
703698295,Loaded_Language,2285,2298,article703698295.task2-TC.labels
703698295,Appeal_to_fear-prejudice,4687,4739,article703698295.task2-TC.labels
703698295,Loaded_Language,7231,7245,article703698295.task2-TC.labels
703698295,Loaded_Language,7719,7741,article703698295.task2-TC.labels
703698295,Causal_Oversimplification,8006,8060,article703698295.task2-TC.labels
703698295,"Name_Calling,Labeling",8954,8976,article703698295.task2-TC.labels
703698295,Appeal_to_fear-prejudice,10166,10229,article703698295.task2-TC.labels
703698295,Loaded_Language,10820,10828,article703698295.task2-TC.labels
999000158,"Bandwagon,Reductio_ad_hitlerum",2586,2623,article999000158.task2-TC.labels
999000158,Repetition,3089,3129,article999000158.task2-TC.labels
999000158,Repetition,3158,3202,article999000158.task2-TC.labels
999000158,Loaded_Language,198,227,article999000158.task2-TC.labels
999000158,"Exaggeration,Minimisation",1237,1313,article999000158.task2-TC.labels
999000158,"Exaggeration,Minimisation",1628,1675,article999000158.task2-TC.labels
999000158,"Bandwagon,Reductio_ad_hitlerum",2040,2168,article999000158.task2-TC.labels
999000158,Loaded_Language,2387,2403,article999000158.task2-TC.labels
999000158,Black-and-White_Fallacy,2810,2850,article999000158.task2-TC.labels
999000158,"Exaggeration,Minimisation",2879,2923,article999000158.task2-TC.labels
999000158,Loaded_Language,2957,2968,article999000158.task2-TC.labels
999000158,Loaded_Language,3236,3247,article999000158.task2-TC.labels
999000158,Loaded_Language,405,423,article999000158.task2-TC.labels
999000158,Loaded_Language,1239,1284,article999000158.task2-TC.labels
999000158,Appeal_to_fear-prejudice,3542,3595,article999000158.task2-TC.labels
757964238,Loaded_Language,1726,1731,article757964238.task2-TC.labels
757964238,Causal_Oversimplification,497,514,article757964238.task2-TC.labels
757964238,Repetition,1732,1754,article757964238.task2-TC.labels
757964238,Loaded_Language,988,996,article757964238.task2-TC.labels
757964238,Repetition,997,1019,article757964238.task2-TC.labels
757964238,Loaded_Language,1778,1784,article757964238.task2-TC.labels
757964238,Loaded_Language,1887,1894,article757964238.task2-TC.labels
757964238,Appeal_to_Authority,2071,2089,article757964238.task2-TC.labels
757964238,Appeal_to_Authority,2115,2128,article757964238.task2-TC.labels
757964238,"Exaggeration,Minimisation",2175,2193,article757964238.task2-TC.labels
757964238,"Name_Calling,Labeling",2220,2232,article757964238.task2-TC.labels
757964238,Loaded_Language,1028,1043,article757964238.task2-TC.labels
770156173,"Name_Calling,Labeling",4682,4692,article770156173.task2-TC.labels
770156173,"Name_Calling,Labeling",4814,4832,article770156173.task2-TC.labels
770156173,"Name_Calling,Labeling",6056,6072,article770156173.task2-TC.labels
770156173,"Name_Calling,Labeling",2469,2498,article770156173.task2-TC.labels
770156173,Loaded_Language,5920,5936,article770156173.task2-TC.labels
770156173,Loaded_Language,34,47,article770156173.task2-TC.labels
770156173,Repetition,1021,1029,article770156173.task2-TC.labels
770156173,Repetition,2158,2164,article770156173.task2-TC.labels
770156173,Repetition,4774,4781,article770156173.task2-TC.labels
770156173,Repetition,5254,5261,article770156173.task2-TC.labels
770156173,Repetition,5645,5652,article770156173.task2-TC.labels
770156173,Loaded_Language,1586,1593,article770156173.task2-TC.labels
770156173,Loaded_Language,1616,1623,article770156173.task2-TC.labels
770156173,Loaded_Language,1919,1938,article770156173.task2-TC.labels
770156173,"Exaggeration,Minimisation",2094,2117,article770156173.task2-TC.labels
770156173,Loaded_Language,2330,2348,article770156173.task2-TC.labels
770156173,Flag-Waving,2819,2827,article770156173.task2-TC.labels
770156173,Repetition,3012,3018,article770156173.task2-TC.labels
770156173,Loaded_Language,3266,3280,article770156173.task2-TC.labels
770156173,"Whataboutism,Straw_Men,Red_Herring",3692,3737,article770156173.task2-TC.labels
770156173,"Exaggeration,Minimisation",4523,4531,article770156173.task2-TC.labels
770156173,"Exaggeration,Minimisation",4835,4929,article770156173.task2-TC.labels
770156173,Loaded_Language,5330,5340,article770156173.task2-TC.labels
770156173,Slogans,0,18,article770156173.task2-TC.labels
770156173,Appeal_to_fear-prejudice,1106,1184,article770156173.task2-TC.labels
770156173,Appeal_to_fear-prejudice,1556,1738,article770156173.task2-TC.labels
770156173,Appeal_to_fear-prejudice,1740,1836,article770156173.task2-TC.labels
770156173,Loaded_Language,2978,2989,article770156173.task2-TC.labels
770156173,Appeal_to_fear-prejudice,2934,2989,article770156173.task2-TC.labels
770156173,Loaded_Language,3970,3985,article770156173.task2-TC.labels
770156173,"Name_Calling,Labeling",3991,4004,article770156173.task2-TC.labels
770156173,Loaded_Language,4758,4781,article770156173.task2-TC.labels
735855251,Repetition,2216,2270,article735855251.task2-TC.labels
735855251,Repetition,2357,2453,article735855251.task2-TC.labels
735855251,"Exaggeration,Minimisation",2455,2565,article735855251.task2-TC.labels
111111137,Loaded_Language,2321,2332,article111111137.task2-TC.labels
111111137,"Exaggeration,Minimisation",143,183,article111111137.task2-TC.labels
111111137,Loaded_Language,2058,2064,article111111137.task2-TC.labels
780786973,Loaded_Language,12,31,article780786973.task2-TC.labels
780786973,Loaded_Language,104,111,article780786973.task2-TC.labels
780786973,Loaded_Language,208,227,article780786973.task2-TC.labels
780786973,"Name_Calling,Labeling",303,328,article780786973.task2-TC.labels
780786973,Loaded_Language,1439,1458,article780786973.task2-TC.labels
780786973,"Name_Calling,Labeling",379,411,article780786973.task2-TC.labels
780786973,"Name_Calling,Labeling",503,510,article780786973.task2-TC.labels
780786973,Doubt,1882,2009,article780786973.task2-TC.labels
780786973,Loaded_Language,45,56,article780786973.task2-TC.labels
780786973,Loaded_Language,158,176,article780786973.task2-TC.labels
780786973,"Exaggeration,Minimisation",340,411,article780786973.task2-TC.labels
780786973,"Whataboutism,Straw_Men,Red_Herring",1297,1341,article780786973.task2-TC.labels
780786973,Causal_Oversimplification,1474,1513,article780786973.task2-TC.labels
780786973,Loaded_Language,1957,1970,article780786973.task2-TC.labels
780786973,Loaded_Language,2157,2170,article780786973.task2-TC.labels
780786973,"Name_Calling,Labeling",2300,2314,article780786973.task2-TC.labels
780786973,Loaded_Language,2398,2414,article780786973.task2-TC.labels
780786973,Doubt,2546,2730,article780786973.task2-TC.labels
780786973,Loaded_Language,2638,2648,article780786973.task2-TC.labels
780786973,"Name_Calling,Labeling",2675,2696,article780786973.task2-TC.labels
780786973,Doubt,2369,2544,article780786973.task2-TC.labels
780786973,Loaded_Language,2303,2314,article780786973.task2-TC.labels
780786973,Loaded_Language,2712,2730,article780786973.task2-TC.labels
790720480,Loaded_Language,422,435,article790720480.task2-TC.labels
790720480,Loaded_Language,1304,1325,article790720480.task2-TC.labels
790720480,"Exaggeration,Minimisation",1543,1570,article790720480.task2-TC.labels
790720480,"Whataboutism,Straw_Men,Red_Herring",1474,1585,article790720480.task2-TC.labels
790720480,Doubt,1634,1741,article790720480.task2-TC.labels
790720480,Loaded_Language,2117,2133,article790720480.task2-TC.labels
790720480,"Name_Calling,Labeling",2148,2191,article790720480.task2-TC.labels
790720480,Flag-Waving,1291,1378,article790720480.task2-TC.labels
790720480,Loaded_Language,1670,1695,article790720480.task2-TC.labels
789121265,Loaded_Language,2814,2846,article789121265.task2-TC.labels
789121265,"Whataboutism,Straw_Men,Red_Herring",3071,3229,article789121265.task2-TC.labels
789121265,"Name_Calling,Labeling",400,419,article789121265.task2-TC.labels
789121265,"Exaggeration,Minimisation",1317,1349,article789121265.task2-TC.labels
789121265,Loaded_Language,1836,1847,article789121265.task2-TC.labels
789121265,"Whataboutism,Straw_Men,Red_Herring",218,398,article789121265.task2-TC.labels
789121265,Loaded_Language,1969,1979,article789121265.task2-TC.labels
789121265,"Whataboutism,Straw_Men,Red_Herring",2018,2195,article789121265.task2-TC.labels
789121265,Loaded_Language,2566,2576,article789121265.task2-TC.labels
789121265,Doubt,2848,2893,article789121265.task2-TC.labels
789121265,"Whataboutism,Straw_Men,Red_Herring",2926,3069,article789121265.task2-TC.labels
789121265,Repetition,3594,3599,article789121265.task2-TC.labels
789121265,"Exaggeration,Minimisation",4064,4108,article789121265.task2-TC.labels
789121265,Loaded_Language,1317,1337,article789121265.task2-TC.labels
789121265,Loaded_Language,2879,2893,article789121265.task2-TC.labels
999000184,"Whataboutism,Straw_Men,Red_Herring",1111,1252,article999000184.task2-TC.labels
999000184,"Exaggeration,Minimisation",118,150,article999000184.task2-TC.labels
999000184,Doubt,257,315,article999000184.task2-TC.labels
999000184,Loaded_Language,476,492,article999000184.task2-TC.labels
999000184,"Exaggeration,Minimisation",977,996,article999000184.task2-TC.labels
999000184,Repetition,1579,1594,article999000184.task2-TC.labels
999000184,"Exaggeration,Minimisation",2372,2403,article999000184.task2-TC.labels
999000184,Loaded_Language,2468,2478,article999000184.task2-TC.labels
999000184,Loaded_Language,2536,2561,article999000184.task2-TC.labels
999000184,Loaded_Language,2638,2667,article999000184.task2-TC.labels
999000184,Doubt,2787,2874,article999000184.task2-TC.labels
999000184,"Exaggeration,Minimisation",2877,2913,article999000184.task2-TC.labels
999000184,Loaded_Language,3931,3959,article999000184.task2-TC.labels
999000184,Appeal_to_fear-prejudice,3990,4147,article999000184.task2-TC.labels
999000184,Loaded_Language,128,142,article999000184.task2-TC.labels
999000184,Flag-Waving,222,254,article999000184.task2-TC.labels
999000184,Flag-Waving,892,1084,article999000184.task2-TC.labels
999000184,"Name_Calling,Labeling",2795,2812,article999000184.task2-TC.labels
999000184,Loaded_Language,2952,2970,article999000184.task2-TC.labels
999000184,Loaded_Language,3050,3069,article999000184.task2-TC.labels
728169864,Loaded_Language,423,440,article728169864.task2-TC.labels
728169864,"Name_Calling,Labeling",1628,1642,article728169864.task2-TC.labels
728169864,"Name_Calling,Labeling",2632,2640,article728169864.task2-TC.labels
728169864,"Name_Calling,Labeling",2644,2651,article728169864.task2-TC.labels
728169864,"Name_Calling,Labeling",2655,2662,article728169864.task2-TC.labels
728169864,"Name_Calling,Labeling",2666,2674,article728169864.task2-TC.labels
728169864,"Name_Calling,Labeling",2678,2684,article728169864.task2-TC.labels
728169864,"Name_Calling,Labeling",2688,2694,article728169864.task2-TC.labels
728169864,"Name_Calling,Labeling",2698,2712,article728169864.task2-TC.labels
728169864,"Name_Calling,Labeling",3161,3184,article728169864.task2-TC.labels
728169864,Loaded_Language,5517,5525,article728169864.task2-TC.labels
728169864,Loaded_Language,2720,2744,article728169864.task2-TC.labels
728169864,Loaded_Language,4125,4132,article728169864.task2-TC.labels
728169864,Black-and-White_Fallacy,6198,6259,article728169864.task2-TC.labels
728169864,"Name_Calling,Labeling",0,8,article728169864.task2-TC.labels
728169864,Doubt,2747,2878,article728169864.task2-TC.labels
728169864,"Name_Calling,Labeling",5313,5330,article728169864.task2-TC.labels
728169864,Slogans,5753,5774,article728169864.task2-TC.labels
764664283,Loaded_Language,3743,3755,article764664283.task2-TC.labels
764664283,Loaded_Language,3925,3946,article764664283.task2-TC.labels
764664283,Loaded_Language,5615,5622,article764664283.task2-TC.labels
764664283,Loaded_Language,6383,6393,article764664283.task2-TC.labels
764664283,Loaded_Language,7391,7405,article764664283.task2-TC.labels
764664283,Loaded_Language,1394,1405,article764664283.task2-TC.labels
764664283,Loaded_Language,3760,3770,article764664283.task2-TC.labels
764664283,Loaded_Language,7045,7053,article764664283.task2-TC.labels
764664283,Loaded_Language,7236,7278,article764664283.task2-TC.labels
764664283,Loaded_Language,7255,7278,article764664283.task2-TC.labels
764664283,Loaded_Language,451,476,article764664283.task2-TC.labels
764664283,Loaded_Language,1184,1205,article764664283.task2-TC.labels
764664283,Loaded_Language,4110,4131,article764664283.task2-TC.labels
764664283,Loaded_Language,5538,5571,article764664283.task2-TC.labels
764664283,Loaded_Language,5580,5596,article764664283.task2-TC.labels
764664283,Loaded_Language,6058,6108,article764664283.task2-TC.labels
764664283,Loaded_Language,7568,7635,article764664283.task2-TC.labels
764664283,Causal_Oversimplification,125,303,article764664283.task2-TC.labels
764664283,Causal_Oversimplification,7720,7854,article764664283.task2-TC.labels
764664283,Causal_Oversimplification,2529,2664,article764664283.task2-TC.labels
764664283,"Name_Calling,Labeling",0,34,article764664283.task2-TC.labels
764664283,"Name_Calling,Labeling",3496,3521,article764664283.task2-TC.labels
764664283,"Name_Calling,Labeling",7337,7367,article764664283.task2-TC.labels
764664283,"Name_Calling,Labeling",1364,1383,article764664283.task2-TC.labels
764664283,"Name_Calling,Labeling",468,476,article764664283.task2-TC.labels
764664283,Appeal_to_fear-prejudice,463,476,article764664283.task2-TC.labels
764664283,Appeal_to_fear-prejudice,1546,1577,article764664283.task2-TC.labels
764664283,Appeal_to_fear-prejudice,5196,5228,article764664283.task2-TC.labels
764664283,"Exaggeration,Minimisation",1092,1128,article764664283.task2-TC.labels
764664283,"Exaggeration,Minimisation",2413,2426,article764664283.task2-TC.labels
764664283,"Exaggeration,Minimisation",2250,2287,article764664283.task2-TC.labels
764664283,"Exaggeration,Minimisation",4063,4098,article764664283.task2-TC.labels
764664283,"Exaggeration,Minimisation",5611,5631,article764664283.task2-TC.labels
764664283,"Exaggeration,Minimisation",5776,5806,article764664283.task2-TC.labels
764664283,Black-and-White_Fallacy,2529,2664,article764664283.task2-TC.labels
764664283,Black-and-White_Fallacy,5285,5372,article764664283.task2-TC.labels
764664283,Repetition,5502,5537,article764664283.task2-TC.labels
764664283,Doubt,5538,5571,article764664283.task2-TC.labels
764664283,Doubt,6960,7008,article764664283.task2-TC.labels
764664283,Doubt,1636,1722,article764664283.task2-TC.labels
764664283,Doubt,2666,2747,article764664283.task2-TC.labels
764664283,Doubt,2749,2895,article764664283.task2-TC.labels
764664283,Doubt,3624,3714,article764664283.task2-TC.labels
764664283,Doubt,591,698,article764664283.task2-TC.labels
764664283,Doubt,872,960,article764664283.task2-TC.labels
764664283,Doubt,2150,2287,article764664283.task2-TC.labels
764664283,Doubt,4314,4389,article764664283.task2-TC.labels
764664283,Doubt,7229,7292,article764664283.task2-TC.labels
764664283,Doubt,1481,1634,article764664283.task2-TC.labels
764664283,Doubt,1928,1964,article764664283.task2-TC.labels
764664283,Doubt,5676,5823,article764664283.task2-TC.labels
764664283,"Whataboutism,Straw_Men,Red_Herring",3535,3591,article764664283.task2-TC.labels
764664283,"Bandwagon,Reductio_ad_hitlerum",5825,5894,article764664283.task2-TC.labels
738060046,"Whataboutism,Straw_Men,Red_Herring",241,316,article738060046.task2-TC.labels
738060046,"Whataboutism,Straw_Men,Red_Herring",0,82,article738060046.task2-TC.labels
738060046,Causal_Oversimplification,935,976,article738060046.task2-TC.labels
738060046,"Whataboutism,Straw_Men,Red_Herring",978,1090,article738060046.task2-TC.labels
738060046,Loaded_Language,1119,1157,article738060046.task2-TC.labels
738060046,Black-and-White_Fallacy,1379,1669,article738060046.task2-TC.labels
738060046,"Name_Calling,Labeling",1684,1726,article738060046.task2-TC.labels
738060046,"Whataboutism,Straw_Men,Red_Herring",2150,2275,article738060046.task2-TC.labels
738060046,Appeal_to_Authority,553,662,article738060046.task2-TC.labels
738060046,Appeal_to_Authority,665,789,article738060046.task2-TC.labels
738060046,Appeal_to_fear-prejudice,1444,1667,article738060046.task2-TC.labels
738060046,Loaded_Language,1684,1715,article738060046.task2-TC.labels
790266787,"Name_Calling,Labeling",1403,1416,article790266787.task2-TC.labels
790266787,Loaded_Language,1921,1958,article790266787.task2-TC.labels
790266787,"Name_Calling,Labeling",3134,3152,article790266787.task2-TC.labels
790266787,Loaded_Language,3372,3379,article790266787.task2-TC.labels
790266787,"Name_Calling,Labeling",3403,3422,article790266787.task2-TC.labels
790266787,"Name_Calling,Labeling",3665,3681,article790266787.task2-TC.labels
790266787,"Name_Calling,Labeling",3768,3778,article790266787.task2-TC.labels
790266787,"Name_Calling,Labeling",3882,3913,article790266787.task2-TC.labels
790266787,Loaded_Language,6390,6401,article790266787.task2-TC.labels
790266787,Doubt,7876,7973,article790266787.task2-TC.labels
790266787,"Name_Calling,Labeling",9833,9851,article790266787.task2-TC.labels
790266787,Loaded_Language,10617,10650,article790266787.task2-TC.labels
790266787,Loaded_Language,7693,7720,article790266787.task2-TC.labels
790266787,Loaded_Language,8846,8881,article790266787.task2-TC.labels
790266787,"Name_Calling,Labeling",0,21,article790266787.task2-TC.labels
790266787,Loaded_Language,99,132,article790266787.task2-TC.labels
790266787,Slogans,293,316,article790266787.task2-TC.labels
790266787,"Name_Calling,Labeling",346,364,article790266787.task2-TC.labels
790266787,Loaded_Language,765,789,article790266787.task2-TC.labels
790266787,Repetition,1574,1584,article790266787.task2-TC.labels
790266787,"Name_Calling,Labeling",3035,3058,article790266787.task2-TC.labels
790266787,Doubt,3391,3531,article790266787.task2-TC.labels
790266787,"Whataboutism,Straw_Men,Red_Herring",3561,3662,article790266787.task2-TC.labels
790266787,"Name_Calling,Labeling",3723,3737,article790266787.task2-TC.labels
790266787,"Name_Calling,Labeling",3929,3943,article790266787.task2-TC.labels
790266787,"Name_Calling,Labeling",6168,6181,article790266787.task2-TC.labels
790266787,Loaded_Language,6917,6953,article790266787.task2-TC.labels
790266787,Loaded_Language,7430,7444,article790266787.task2-TC.labels
790266787,"Name_Calling,Labeling",7606,7656,article790266787.task2-TC.labels
790266787,"Name_Calling,Labeling",8359,8403,article790266787.task2-TC.labels
790266787,"Name_Calling,Labeling",8431,8482,article790266787.task2-TC.labels
790266787,"Name_Calling,Labeling",9013,9051,article790266787.task2-TC.labels
790266787,Causal_Oversimplification,8998,9127,article790266787.task2-TC.labels
790266787,Appeal_to_fear-prejudice,10617,10703,article790266787.task2-TC.labels
790266787,"Name_Calling,Labeling",8696,8732,article790266787.task2-TC.labels
754402671,Appeal_to_fear-prejudice,2645,2735,article754402671.task2-TC.labels
774145019,Repetition,191,196,article774145019.task2-TC.labels
774145019,Loaded_Language,412,417,article774145019.task2-TC.labels
774145019,Loaded_Language,1247,1255,article774145019.task2-TC.labels
774145019,Loaded_Language,2825,2829,article774145019.task2-TC.labels
774145019,Flag-Waving,2774,2789,article774145019.task2-TC.labels
774145019,Repetition,1899,1904,article774145019.task2-TC.labels
774145019,Repetition,2361,2366,article774145019.task2-TC.labels
774145019,Repetition,3333,3338,article774145019.task2-TC.labels
774145019,Repetition,3110,3117,article774145019.task2-TC.labels
774145019,Repetition,5052,5059,article774145019.task2-TC.labels
774145019,"Exaggeration,Minimisation",3992,4020,article774145019.task2-TC.labels
774145019,Loaded_Language,58,63,article774145019.task2-TC.labels
774145019,Doubt,441,517,article774145019.task2-TC.labels
774145019,Doubt,518,551,article774145019.task2-TC.labels
774145019,Doubt,552,615,article774145019.task2-TC.labels
774145019,Doubt,616,700,article774145019.task2-TC.labels
774145019,Loaded_Language,2844,2853,article774145019.task2-TC.labels
774145019,Repetition,2996,3011,article774145019.task2-TC.labels
774145019,Repetition,3172,3196,article774145019.task2-TC.labels
774145019,Repetition,3297,3321,article774145019.task2-TC.labels
774145019,Repetition,4343,4367,article774145019.task2-TC.labels
774145019,Repetition,4690,4714,article774145019.task2-TC.labels
774145019,Loaded_Language,3276,3286,article774145019.task2-TC.labels
774145019,Flag-Waving,3621,3624,article774145019.task2-TC.labels
774145019,Repetition,3784,3794,article774145019.task2-TC.labels
774145019,Repetition,4232,4242,article774145019.task2-TC.labels
774145019,Loaded_Language,4644,4652,article774145019.task2-TC.labels
763260610,Loaded_Language,970,981,article763260610.task2-TC.labels
763260610,Loaded_Language,1284,1363,article763260610.task2-TC.labels
763260610,"Name_Calling,Labeling",2205,2238,article763260610.task2-TC.labels
763260610,Loaded_Language,3031,3086,article763260610.task2-TC.labels
763260610,Loaded_Language,4166,4190,article763260610.task2-TC.labels
763260610,Flag-Waving,4192,4309,article763260610.task2-TC.labels
763260610,"Name_Calling,Labeling",4724,4742,article763260610.task2-TC.labels
763260610,Loaded_Language,6409,6450,article763260610.task2-TC.labels
763260610,Loaded_Language,9302,9329,article763260610.task2-TC.labels
763260610,"Name_Calling,Labeling",9405,9459,article763260610.task2-TC.labels
763260610,Loaded_Language,9460,9471,article763260610.task2-TC.labels
763260610,Repetition,10436,10444,article763260610.task2-TC.labels
763260610,"Whataboutism,Straw_Men,Red_Herring",14328,14403,article763260610.task2-TC.labels
763260610,"Exaggeration,Minimisation",2812,2868,article763260610.task2-TC.labels
763260610,"Exaggeration,Minimisation",3956,3996,article763260610.task2-TC.labels
763260610,"Exaggeration,Minimisation",4819,4851,article763260610.task2-TC.labels
763260610,Loaded_Language,8129,8166,article763260610.task2-TC.labels
763260610,"Exaggeration,Minimisation",8247,8265,article763260610.task2-TC.labels
763260610,"Name_Calling,Labeling",9160,9176,article763260610.task2-TC.labels
763260610,Loaded_Language,10585,10616,article763260610.task2-TC.labels
763260610,Loaded_Language,0,17,article763260610.task2-TC.labels
763260610,"Name_Calling,Labeling",254,290,article763260610.task2-TC.labels
763260610,"Name_Calling,Labeling",705,719,article763260610.task2-TC.labels
763260610,"Exaggeration,Minimisation",1053,1105,article763260610.task2-TC.labels
763260610,Loaded_Language,1365,1375,article763260610.task2-TC.labels
763260610,"Name_Calling,Labeling",1411,1424,article763260610.task2-TC.labels
763260610,"Name_Calling,Labeling",1470,1483,article763260610.task2-TC.labels
763260610,Loaded_Language,1516,1529,article763260610.task2-TC.labels
763260610,Loaded_Language,1593,1619,article763260610.task2-TC.labels
763260610,Appeal_to_fear-prejudice,1621,1675,article763260610.task2-TC.labels
763260610,Loaded_Language,2132,2150,article763260610.task2-TC.labels
763260610,Loaded_Language,2311,2359,article763260610.task2-TC.labels
763260610,Loaded_Language,2430,2443,article763260610.task2-TC.labels
763260610,"Exaggeration,Minimisation",3559,3589,article763260610.task2-TC.labels
763260610,"Exaggeration,Minimisation",3782,3801,article763260610.task2-TC.labels
763260610,"Exaggeration,Minimisation",3911,3931,article763260610.task2-TC.labels
763260610,Loaded_Language,4015,4037,article763260610.task2-TC.labels
763260610,"Name_Calling,Labeling",4369,4390,article763260610.task2-TC.labels
763260610,"Name_Calling,Labeling",3134,3156,article763260610.task2-TC.labels
763260610,Loaded_Language,4500,4518,article763260610.task2-TC.labels
763260610,"Name_Calling,Labeling",4639,4664,article763260610.task2-TC.labels
763260610,"Exaggeration,Minimisation",5066,5120,article763260610.task2-TC.labels
763260610,Loaded_Language,5391,5423,article763260610.task2-TC.labels
763260610,"Exaggeration,Minimisation",5495,5554,article763260610.task2-TC.labels
763260610,Loaded_Language,5881,5892,article763260610.task2-TC.labels
763260610,Loaded_Language,6160,6182,article763260610.task2-TC.labels
763260610,"Exaggeration,Minimisation",6230,6271,article763260610.task2-TC.labels
763260610,"Exaggeration,Minimisation",6660,6740,article763260610.task2-TC.labels
763260610,"Name_Calling,Labeling",6845,6907,article763260610.task2-TC.labels
763260610,Loaded_Language,7459,7495,article763260610.task2-TC.labels
763260610,"Name_Calling,Labeling",7661,7680,article763260610.task2-TC.labels
763260610,"Name_Calling,Labeling",7606,7639,article763260610.task2-TC.labels
763260610,Loaded_Language,7890,7931,article763260610.task2-TC.labels
763260610,Loaded_Language,8032,8048,article763260610.task2-TC.labels
763260610,Loaded_Language,8777,8790,article763260610.task2-TC.labels
763260610,Loaded_Language,8957,8999,article763260610.task2-TC.labels
763260610,"Name_Calling,Labeling",8957,8978,article763260610.task2-TC.labels
763260610,Loaded_Language,9186,9203,article763260610.task2-TC.labels
763260610,Loaded_Language,9362,9378,article763260610.task2-TC.labels
763260610,Loaded_Language,9689,9714,article763260610.task2-TC.labels
763260610,Loaded_Language,9818,9846,article763260610.task2-TC.labels
763260610,Loaded_Language,9916,9946,article763260610.task2-TC.labels
763260610,Loaded_Language,9967,10009,article763260610.task2-TC.labels
763260610,"Exaggeration,Minimisation",10201,10274,article763260610.task2-TC.labels
763260610,Loaded_Language,10457,10469,article763260610.task2-TC.labels
763260610,"Exaggeration,Minimisation",10568,10629,article763260610.task2-TC.labels
763260610,"Whataboutism,Straw_Men,Red_Herring",11055,11168,article763260610.task2-TC.labels
763260610,Loaded_Language,11280,11303,article763260610.task2-TC.labels
763260610,"Exaggeration,Minimisation",12230,12261,article763260610.task2-TC.labels
763260610,Loaded_Language,12529,12547,article763260610.task2-TC.labels
763260610,Repetition,13164,13180,article763260610.task2-TC.labels
763260610,Loaded_Language,13644,13675,article763260610.task2-TC.labels
763260610,"Whataboutism,Straw_Men,Red_Herring",13771,13837,article763260610.task2-TC.labels
763260610,Loaded_Language,14075,14095,article763260610.task2-TC.labels
763260610,Loaded_Language,14289,14314,article763260610.task2-TC.labels
763260610,Loaded_Language,14424,14441,article763260610.task2-TC.labels
763260610,Appeal_to_Authority,3811,3868,article763260610.task2-TC.labels
763260610,Repetition,10177,10186,article763260610.task2-TC.labels
999001296,Loaded_Language,86,101,article999001296.task2-TC.labels
999001296,"Exaggeration,Minimisation",160,178,article999001296.task2-TC.labels
999001296,Flag-Waving,384,464,article999001296.task2-TC.labels
999001296,"Exaggeration,Minimisation",466,560,article999001296.task2-TC.labels
999001296,Doubt,2509,2712,article999001296.task2-TC.labels
999001296,"Name_Calling,Labeling",2537,2584,article999001296.task2-TC.labels
999001296,Loaded_Language,2596,2616,article999001296.task2-TC.labels
999001296,Loaded_Language,3635,3651,article999001296.task2-TC.labels
999001296,Appeal_to_Authority,2946,3341,article999001296.task2-TC.labels
999001296,Loaded_Language,165,172,article999001296.task2-TC.labels
999001296,"Name_Calling,Labeling",292,320,article999001296.task2-TC.labels
999001296,Loaded_Language,475,481,article999001296.task2-TC.labels
999001296,"Whataboutism,Straw_Men,Red_Herring",4687,4758,article999001296.task2-TC.labels
710100700,Appeal_to_fear-prejudice,1203,1375,article710100700.task2-TC.labels
111111113,Loaded_Language,1396,1430,article111111113.task2-TC.labels
111111113,"Name_Calling,Labeling",3082,3099,article111111113.task2-TC.labels
111111113,"Whataboutism,Straw_Men,Red_Herring",3828,3985,article111111113.task2-TC.labels
111111113,Causal_Oversimplification,361,467,article111111113.task2-TC.labels
111111113,Causal_Oversimplification,3580,3741,article111111113.task2-TC.labels
111111113,Causal_Oversimplification,4865,5006,article111111113.task2-TC.labels
111111113,Loaded_Language,5743,5773,article111111113.task2-TC.labels
111111113,Slogans,5775,5791,article111111113.task2-TC.labels
111111113,Loaded_Language,259,279,article111111113.task2-TC.labels
111111113,Loaded_Language,3658,3663,article111111113.task2-TC.labels
111111113,"Name_Calling,Labeling",5556,5579,article111111113.task2-TC.labels
759468687,"Name_Calling,Labeling",602,643,article759468687.task2-TC.labels
759468687,Appeal_to_fear-prejudice,724,800,article759468687.task2-TC.labels
759468687,Appeal_to_fear-prejudice,4492,4664,article759468687.task2-TC.labels
759468687,"Name_Calling,Labeling",435,456,article759468687.task2-TC.labels
759468687,Loaded_Language,3122,3141,article759468687.task2-TC.labels
759468687,"Name_Calling,Labeling",0,13,article759468687.task2-TC.labels
759468687,Causal_Oversimplification,192,238,article759468687.task2-TC.labels
759468687,Loaded_Language,317,345,article759468687.task2-TC.labels
759468687,Loaded_Language,557,571,article759468687.task2-TC.labels
759468687,Loaded_Language,916,955,article759468687.task2-TC.labels
759468687,Loaded_Language,1638,1677,article759468687.task2-TC.labels
759468687,Causal_Oversimplification,1745,1828,article759468687.task2-TC.labels
759468687,Loaded_Language,2107,2121,article759468687.task2-TC.labels
759468687,Loaded_Language,2368,2387,article759468687.task2-TC.labels
759468687,Causal_Oversimplification,2405,2485,article759468687.task2-TC.labels
759468687,"Name_Calling,Labeling",2528,2545,article759468687.task2-TC.labels
759468687,Repetition,2630,2638,article759468687.task2-TC.labels
759468687,"Name_Calling,Labeling",2856,2894,article759468687.task2-TC.labels
759468687,Repetition,3069,3111,article759468687.task2-TC.labels
759468687,Flag-Waving,3122,3161,article759468687.task2-TC.labels
759468687,Loaded_Language,3640,3645,article759468687.task2-TC.labels
759468687,"Whataboutism,Straw_Men,Red_Herring",3509,3638,article759468687.task2-TC.labels
759468687,Loaded_Language,4028,4047,article759468687.task2-TC.labels
759468687,Loaded_Language,3698,3718,article759468687.task2-TC.labels
759468687,"Whataboutism,Straw_Men,Red_Herring",4050,4209,article759468687.task2-TC.labels
759468687,"Whataboutism,Straw_Men,Red_Herring",4331,4479,article759468687.task2-TC.labels
759468687,Loaded_Language,4504,4542,article759468687.task2-TC.labels
759468687,Loaded_Language,4613,4630,article759468687.task2-TC.labels
759468687,"Name_Calling,Labeling",2415,2423,article759468687.task2-TC.labels
759468687,"Name_Calling,Labeling",4647,4655,article759468687.task2-TC.labels
759468687,"Name_Calling,Labeling",4534,4542,article759468687.task2-TC.labels
759468687,"Name_Calling,Labeling",119,127,article759468687.task2-TC.labels
701933838,Appeal_to_fear-prejudice,981,1153,article701933838.task2-TC.labels
787759779,Loaded_Language,681,696,article787759779.task2-TC.labels
787759779,"Name_Calling,Labeling",331,343,article787759779.task2-TC.labels
787759779,Loaded_Language,495,507,article787759779.task2-TC.labels
787759779,"Name_Calling,Labeling",590,623,article787759779.task2-TC.labels
787759779,"Name_Calling,Labeling",1011,1032,article787759779.task2-TC.labels
787759779,"Name_Calling,Labeling",670,679,article787759779.task2-TC.labels
761969038,Thought-terminating_Cliches,5552,5571,article761969038.task2-TC.labels
761969038,Loaded_Language,119,141,article761969038.task2-TC.labels
761969038,Loaded_Language,305,321,article761969038.task2-TC.labels
761969038,Loaded_Language,1755,1783,article761969038.task2-TC.labels
761969038,Loaded_Language,4048,4053,article761969038.task2-TC.labels
761969038,Loaded_Language,4149,4170,article761969038.task2-TC.labels
761969038,Loaded_Language,4271,4292,article761969038.task2-TC.labels
761969038,Loaded_Language,4521,4541,article761969038.task2-TC.labels
761969038,Doubt,5614,5663,article761969038.task2-TC.labels
761969038,Causal_Oversimplification,1971,2046,article761969038.task2-TC.labels
761969038,Repetition,4391,4412,article761969038.task2-TC.labels
782086447,Loaded_Language,7126,7137,article782086447.task2-TC.labels
782086447,Loaded_Language,19791,19802,article782086447.task2-TC.labels
782086447,Loaded_Language,6339,6345,article782086447.task2-TC.labels
782086447,Loaded_Language,7117,7124,article782086447.task2-TC.labels
782086447,Loaded_Language,19751,19771,article782086447.task2-TC.labels
782086447,Loaded_Language,40294,40304,article782086447.task2-TC.labels
782086447,Loaded_Language,21756,21769,article782086447.task2-TC.labels
782086447,Loaded_Language,21780,21787,article782086447.task2-TC.labels
782086447,Loaded_Language,29196,29217,article782086447.task2-TC.labels
782086447,Repetition,39495,39511,article782086447.task2-TC.labels
782086447,Loaded_Language,117,123,article782086447.task2-TC.labels
782086447,Loaded_Language,247,257,article782086447.task2-TC.labels
782086447,Loaded_Language,2005,2015,article782086447.task2-TC.labels
782086447,Loaded_Language,2228,2240,article782086447.task2-TC.labels
782086447,Loaded_Language,2645,2664,article782086447.task2-TC.labels
782086447,Loaded_Language,10594,10610,article782086447.task2-TC.labels
782086447,Loaded_Language,10932,10958,article782086447.task2-TC.labels
782086447,Loaded_Language,11592,11602,article782086447.task2-TC.labels
782086447,Loaded_Language,21957,21965,article782086447.task2-TC.labels
782086447,Loaded_Language,26848,26858,article782086447.task2-TC.labels
782086447,Loaded_Language,30672,30678,article782086447.task2-TC.labels
782086447,Loaded_Language,40268,40286,article782086447.task2-TC.labels
782086447,"Name_Calling,Labeling",41236,41243,article782086447.task2-TC.labels
782086447,Appeal_to_fear-prejudice,913,979,article782086447.task2-TC.labels
782086447,Loaded_Language,2346,2356,article782086447.task2-TC.labels
782086447,Loaded_Language,2676,2693,article782086447.task2-TC.labels
782086447,Repetition,2897,2904,article782086447.task2-TC.labels
782086447,Loaded_Language,5039,5063,article782086447.task2-TC.labels
782086447,Loaded_Language,8923,8930,article782086447.task2-TC.labels
782086447,Loaded_Language,13636,13650,article782086447.task2-TC.labels
782086447,Loaded_Language,24320,24330,article782086447.task2-TC.labels
782086447,Loaded_Language,30487,30500,article782086447.task2-TC.labels
782086447,Loaded_Language,30891,30913,article782086447.task2-TC.labels
782086447,Loaded_Language,35346,35355,article782086447.task2-TC.labels
782086447,Loaded_Language,37049,37059,article782086447.task2-TC.labels
782086447,Loaded_Language,37308,37323,article782086447.task2-TC.labels
782086447,"Exaggeration,Minimisation",38123,38138,article782086447.task2-TC.labels
782086447,Loaded_Language,38139,38155,article782086447.task2-TC.labels
782086447,Slogans,39477,39493,article782086447.task2-TC.labels
782086447,Loaded_Language,40148,40164,article782086447.task2-TC.labels
782086447,Loaded_Language,40423,40429,article782086447.task2-TC.labels
782086447,Repetition,42861,42872,article782086447.task2-TC.labels
782086447,Repetition,42927,42938,article782086447.task2-TC.labels
